<?xml version="1.0" encoding="utf-8"?>
<Codelist xmlns:xsi="http://www.w3.org/2001/XMLSchema-instance" xmlns:xsd="http://www.w3.org/2001/XMLSchema" id="urn:ssb:codelist:stabas:1303199" defaultValidFrom="2002-01-01" defaultValidTo="2003-12-31" lastChangedDate="2015-01-07" isCurrent="false" relationId="urn:ssb:classversion:stabas:1303192" xmlns="http://www.ssb.no/ns/meta/codelist">
  <CodelistMeta>
    <TitleGrp>
      <Title xml:lang="nn">Bydel 2002: Bydel</Title>
      <Title xml:lang="nb">Bydel 2002: Bydel</Title>
      <Title xml:lang="en">Urban district 2002: Urban district</Title>
    </TitleGrp>
    <DescriptionGrp>
      <Description xml:lang="nn">Bydel utgjer geografiske områder i ein kommune. I norsk offisiell statistikk er nemninga bydel knytt til dei fire største kommunane Oslo, Bergen, Trondheim og Stavanger.</Description>
      <Description xml:lang="nb">Bydel utgjør geografiske områder i en kommune. I norsk offisiell statistikk er benevningen bydel knyttet til de fire største kommunene Oslo, Bergen, Trondheim og Stavanger.</Description>
      <Description xml:lang="en">Urban districts constitute geographical areas in a municipality. In Norwegian official statistics the term urban district is related to the four largest municipalities Oslo, Bergen, Trondheim and Stavanger.</Description>
    </DescriptionGrp>
    <ContactInformation>
      <Person xmlns="http://www.ssb.no/ns/meta/common">hhe</Person>
      <Division xmlns="http://www.ssb.no/ns/meta/common">320</Division>
    </ContactInformation>
    <NoteGrp>
      <Note xml:lang="nn">Ikkje relevant</Note>
      <Note xml:lang="nb">Ikke relevant</Note>
      <Note xml:lang="en">Not relevant</Note>
    </NoteGrp>
  </CodelistMeta>
  <Codes>
    <Code id="urn:ssb:code:stabas:1303199-1303315">
      <CodeValue>030101</CodeValue>
      <CodeTextGrp>
        <CodeText xml:lang="nn">Bygdøy-Frogner</CodeText>
        <CodeText xml:lang="nb">Bygdøy-Frogner</CodeText>
        <CodeText xml:lang="en">Bygdøy-Frogner</CodeText>
      </CodeTextGrp>
    </Code>
    <Code id="urn:ssb:code:stabas:1303199-1303317">
      <CodeValue>030102</CodeValue>
      <CodeTextGrp>
        <CodeText xml:lang="nn">Uranienborg-Majorstuen</CodeText>
        <CodeText xml:lang="nb">Uranienborg-Majorstuen</CodeText>
        <CodeText xml:lang="en">Uranienborg-Majorstuen</CodeText>
      </CodeTextGrp>
    </Code>
    <Code id="urn:ssb:code:stabas:1303199-1303319">
      <CodeValue>030103</CodeValue>
      <CodeTextGrp>
        <CodeText xml:lang="nn">St. Hanshaugen-Ullevål</CodeText>
        <CodeText xml:lang="nb">St. Hanshaugen-Ullevål</CodeText>
        <CodeText xml:lang="en">St. Hanshaugen-Ullevål</CodeText>
      </CodeTextGrp>
    </Code>
    <Code id="urn:ssb:code:stabas:1303199-1303321">
      <CodeValue>030104</CodeValue>
      <CodeTextGrp>
        <CodeText xml:lang="nn">Sagene-Torshov</CodeText>
        <CodeText xml:lang="nb">Sagene-Torshov</CodeText>
        <CodeText xml:lang="en">Sagene-Torshov</CodeText>
      </CodeTextGrp>
    </Code>
    <Code id="urn:ssb:code:stabas:1303199-1303323">
      <CodeValue>030105</CodeValue>
      <CodeTextGrp>
        <CodeText xml:lang="nn">Grünerløkka-Sofienberg</CodeText>
        <CodeText xml:lang="nb">Grünerløkka-Sofienberg</CodeText>
        <CodeText xml:lang="en">Grünerløkka-Sofienberg</CodeText>
      </CodeTextGrp>
    </Code>
    <Code id="urn:ssb:code:stabas:1303199-1303325">
      <CodeValue>030106</CodeValue>
      <CodeTextGrp>
        <CodeText xml:lang="nn">Gamle Oslo</CodeText>
        <CodeText xml:lang="nb">Gamle Oslo</CodeText>
        <CodeText xml:lang="en">Gamle Oslo</CodeText>
      </CodeTextGrp>
    </Code>
    <Code id="urn:ssb:code:stabas:1303199-1303327">
      <CodeValue>030107</CodeValue>
      <CodeTextGrp>
        <CodeText xml:lang="nn">Ekeberg-Bekkelaget</CodeText>
        <CodeText xml:lang="nb">Ekeberg-Bekkelaget</CodeText>
        <CodeText xml:lang="en">Ekeberg-Bekkelaget</CodeText>
      </CodeTextGrp>
    </Code>
    <Code id="urn:ssb:code:stabas:1303199-1303329">
      <CodeValue>030108</CodeValue>
      <CodeTextGrp>
        <CodeText xml:lang="nn">Nordstrand</CodeText>
        <CodeText xml:lang="nb">Nordstrand</CodeText>
        <CodeText xml:lang="en">Nordstrand</CodeText>
      </CodeTextGrp>
    </Code>
    <Code id="urn:ssb:code:stabas:1303199-1303331">
      <CodeValue>030109</CodeValue>
      <CodeTextGrp>
        <CodeText xml:lang="nn">Søndre Nordstrand</CodeText>
        <CodeText xml:lang="nb">Søndre Nordstrand</CodeText>
        <CodeText xml:lang="en">Søndre Nordstrand</CodeText>
      </CodeTextGrp>
    </Code>
    <Code id="urn:ssb:code:stabas:1303199-1303333">
      <CodeValue>030110</CodeValue>
      <CodeTextGrp>
        <CodeText xml:lang="nn">Lambertseter</CodeText>
        <CodeText xml:lang="nb">Lambertseter</CodeText>
        <CodeText xml:lang="en">Lambertseter</CodeText>
      </CodeTextGrp>
    </Code>
    <Code id="urn:ssb:code:stabas:1303199-1303335">
      <CodeValue>030111</CodeValue>
      <CodeTextGrp>
        <CodeText xml:lang="nn">Bøler</CodeText>
        <CodeText xml:lang="nb">Bøler</CodeText>
        <CodeText xml:lang="en">Bøler</CodeText>
      </CodeTextGrp>
    </Code>
    <Code id="urn:ssb:code:stabas:1303199-1303337">
      <CodeValue>030112</CodeValue>
      <CodeTextGrp>
        <CodeText xml:lang="nn">Manglerud</CodeText>
        <CodeText xml:lang="nb">Manglerud</CodeText>
        <CodeText xml:lang="en">Manglerud</CodeText>
      </CodeTextGrp>
    </Code>
    <Code id="urn:ssb:code:stabas:1303199-1303339">
      <CodeValue>030113</CodeValue>
      <CodeTextGrp>
        <CodeText xml:lang="nn">Østensjø</CodeText>
        <CodeText xml:lang="nb">Østensjø</CodeText>
        <CodeText xml:lang="en">Østensjø</CodeText>
      </CodeTextGrp>
    </Code>
    <Code id="urn:ssb:code:stabas:1303199-1303341">
      <CodeValue>030114</CodeValue>
      <CodeTextGrp>
        <CodeText xml:lang="nn">Helsfyr-Sinsen</CodeText>
        <CodeText xml:lang="nb">Helsfyr-Sinsen</CodeText>
        <CodeText xml:lang="en">Helsfyr-Sinsen</CodeText>
      </CodeTextGrp>
    </Code>
    <Code id="urn:ssb:code:stabas:1303199-1303343">
      <CodeValue>030115</CodeValue>
      <CodeTextGrp>
        <CodeText xml:lang="nn">Hellerud</CodeText>
        <CodeText xml:lang="nb">Hellerud</CodeText>
        <CodeText xml:lang="en">Hellerud</CodeText>
      </CodeTextGrp>
    </Code>
    <Code id="urn:ssb:code:stabas:1303199-1303345">
      <CodeValue>030116</CodeValue>
      <CodeTextGrp>
        <CodeText xml:lang="nn">Furuset</CodeText>
        <CodeText xml:lang="nb">Furuset</CodeText>
        <CodeText xml:lang="en">Furuset</CodeText>
      </CodeTextGrp>
    </Code>
    <Code id="urn:ssb:code:stabas:1303199-1303347">
      <CodeValue>030117</CodeValue>
      <CodeTextGrp>
        <CodeText xml:lang="nn">Stovner</CodeText>
        <CodeText xml:lang="nb">Stovner</CodeText>
        <CodeText xml:lang="en">Stovner</CodeText>
      </CodeTextGrp>
    </Code>
    <Code id="urn:ssb:code:stabas:1303199-1303349">
      <CodeValue>030118</CodeValue>
      <CodeTextGrp>
        <CodeText xml:lang="nn">Romsås</CodeText>
        <CodeText xml:lang="nb">Romsås</CodeText>
        <CodeText xml:lang="en">Romsås</CodeText>
      </CodeTextGrp>
    </Code>
    <Code id="urn:ssb:code:stabas:1303199-1303351">
      <CodeValue>030119</CodeValue>
      <CodeTextGrp>
        <CodeText xml:lang="nn">Grorud</CodeText>
        <CodeText xml:lang="nb">Grorud</CodeText>
        <CodeText xml:lang="en">Grorud</CodeText>
      </CodeTextGrp>
    </Code>
    <Code id="urn:ssb:code:stabas:1303199-1303353">
      <CodeValue>030120</CodeValue>
      <CodeTextGrp>
        <CodeText xml:lang="nn">Bjerke</CodeText>
        <CodeText xml:lang="nb">Bjerke</CodeText>
        <CodeText xml:lang="en">Bjerke</CodeText>
      </CodeTextGrp>
    </Code>
    <Code id="urn:ssb:code:stabas:1303199-1303355">
      <CodeValue>030121</CodeValue>
      <CodeTextGrp>
        <CodeText xml:lang="nn">Grefsen-Kjelsås</CodeText>
        <CodeText xml:lang="nb">Grefsen-Kjelsås</CodeText>
        <CodeText xml:lang="en">Grefsen-Kjelsås</CodeText>
      </CodeTextGrp>
    </Code>
    <Code id="urn:ssb:code:stabas:1303199-1303357">
      <CodeValue>030122</CodeValue>
      <CodeTextGrp>
        <CodeText xml:lang="nn">Sogn</CodeText>
        <CodeText xml:lang="nb">Sogn</CodeText>
        <CodeText xml:lang="en">Sogn</CodeText>
      </CodeTextGrp>
    </Code>
    <Code id="urn:ssb:code:stabas:1303199-1303359">
      <CodeValue>030123</CodeValue>
      <CodeTextGrp>
        <CodeText xml:lang="nn">Vinderen</CodeText>
        <CodeText xml:lang="nb">Vinderen</CodeText>
        <CodeText xml:lang="en">Vinderen</CodeText>
      </CodeTextGrp>
    </Code>
    <Code id="urn:ssb:code:stabas:1303199-1303361">
      <CodeValue>030124</CodeValue>
      <CodeTextGrp>
        <CodeText xml:lang="nn">Røa</CodeText>
        <CodeText xml:lang="nb">Røa</CodeText>
        <CodeText xml:lang="en">Røa</CodeText>
      </CodeTextGrp>
    </Code>
    <Code id="urn:ssb:code:stabas:1303199-1303363">
      <CodeValue>030125</CodeValue>
      <CodeTextGrp>
        <CodeText xml:lang="nn">Ullern</CodeText>
        <CodeText xml:lang="nb">Ullern</CodeText>
        <CodeText xml:lang="en">Ullern</CodeText>
      </CodeTextGrp>
    </Code>
    <Code id="urn:ssb:code:stabas:1303199-1303365">
      <CodeValue>030126</CodeValue>
      <CodeTextGrp>
        <CodeText xml:lang="nn">Sentrum</CodeText>
        <CodeText xml:lang="nb">Sentrum</CodeText>
        <CodeText xml:lang="en">Sentrum</CodeText>
      </CodeTextGrp>
    </Code>
    <Code id="urn:ssb:code:stabas:1303199-1303367">
      <CodeValue>030127</CodeValue>
      <CodeTextGrp>
        <CodeText xml:lang="nn">Marka</CodeText>
        <CodeText xml:lang="nb">Marka</CodeText>
        <CodeText xml:lang="en">Marka</CodeText>
      </CodeTextGrp>
    </Code>
    <Code id="urn:ssb:code:stabas:1303199-2486103">
      <CodeValue>030199</CodeValue>
      <CodeTextGrp>
        <CodeText xml:lang="nn">Ikkje spesifisert</CodeText>
        <CodeText xml:lang="nb">Uoppgitt</CodeText>
        <CodeText xml:lang="en">Unknown</CodeText>
      </CodeTextGrp>
    </Code>
    <Code id="urn:ssb:code:stabas:1303199-1303369">
      <CodeValue>110301</CodeValue>
      <CodeTextGrp>
        <CodeText xml:lang="nn">Hundvåg</CodeText>
        <CodeText xml:lang="nb">Hundvåg</CodeText>
        <CodeText xml:lang="en">Hundvåg</CodeText>
      </CodeTextGrp>
    </Code>
    <Code id="urn:ssb:code:stabas:1303199-1303371">
      <CodeValue>110302</CodeValue>
      <CodeTextGrp>
        <CodeText xml:lang="nn">Tasta</CodeText>
        <CodeText xml:lang="nb">Tasta</CodeText>
        <CodeText xml:lang="en">Tasta</CodeText>
      </CodeTextGrp>
    </Code>
    <Code id="urn:ssb:code:stabas:1303199-1303373">
      <CodeValue>110303</CodeValue>
      <CodeTextGrp>
        <CodeText xml:lang="nn">Eiganes og Våland</CodeText>
        <CodeText xml:lang="nb">Eiganes og Våland</CodeText>
        <CodeText xml:lang="en">Eiganes og Våland</CodeText>
      </CodeTextGrp>
    </Code>
    <Code id="urn:ssb:code:stabas:1303199-1303375">
      <CodeValue>110304</CodeValue>
      <CodeTextGrp>
        <CodeText xml:lang="nn">Madla</CodeText>
        <CodeText xml:lang="nb">Madla</CodeText>
        <CodeText xml:lang="en">Madla</CodeText>
      </CodeTextGrp>
    </Code>
    <Code id="urn:ssb:code:stabas:1303199-1303377">
      <CodeValue>110305</CodeValue>
      <CodeTextGrp>
        <CodeText xml:lang="nn">Storhaug</CodeText>
        <CodeText xml:lang="nb">Storhaug</CodeText>
        <CodeText xml:lang="en">Storhaug</CodeText>
      </CodeTextGrp>
    </Code>
    <Code id="urn:ssb:code:stabas:1303199-1303379">
      <CodeValue>110306</CodeValue>
      <CodeTextGrp>
        <CodeText xml:lang="nn">Hillevåg</CodeText>
        <CodeText xml:lang="nb">Hillevåg</CodeText>
        <CodeText xml:lang="en">Hillevåg</CodeText>
      </CodeTextGrp>
    </Code>
    <Code id="urn:ssb:code:stabas:1303199-1303381">
      <CodeValue>110307</CodeValue>
      <CodeTextGrp>
        <CodeText xml:lang="nn">Hinna</CodeText>
        <CodeText xml:lang="nb">Hinna</CodeText>
        <CodeText xml:lang="en">Hinna</CodeText>
      </CodeTextGrp>
    </Code>
    <Code id="urn:ssb:code:stabas:1303199-2486105">
      <CodeValue>110399</CodeValue>
      <CodeTextGrp>
        <CodeText xml:lang="nn">Ikkje spesifisert</CodeText>
        <CodeText xml:lang="nb">Uoppgitt</CodeText>
        <CodeText xml:lang="en">Unknown</CodeText>
      </CodeTextGrp>
    </Code>
    <Code id="urn:ssb:code:stabas:1303199-1303387">
      <CodeValue>120101</CodeValue>
      <CodeTextGrp>
        <CodeText xml:lang="nn">Arna</CodeText>
        <CodeText xml:lang="nb">Arna</CodeText>
        <CodeText xml:lang="en">Arna</CodeText>
      </CodeTextGrp>
    </Code>
    <Code id="urn:ssb:code:stabas:1303199-1303389">
      <CodeValue>120102</CodeValue>
      <CodeTextGrp>
        <CodeText xml:lang="nn">Bergenhus</CodeText>
        <CodeText xml:lang="nb">Bergenhus</CodeText>
        <CodeText xml:lang="en">Bergenhus</CodeText>
      </CodeTextGrp>
    </Code>
    <Code id="urn:ssb:code:stabas:1303199-1303391">
      <CodeValue>120103</CodeValue>
      <CodeTextGrp>
        <CodeText xml:lang="nn">Fana</CodeText>
        <CodeText xml:lang="nb">Fana</CodeText>
        <CodeText xml:lang="en">Fana</CodeText>
      </CodeTextGrp>
    </Code>
    <Code id="urn:ssb:code:stabas:1303199-1303393">
      <CodeValue>120104</CodeValue>
      <CodeTextGrp>
        <CodeText xml:lang="nn">Fyllingsdalen</CodeText>
        <CodeText xml:lang="nb">Fyllingsdalen</CodeText>
        <CodeText xml:lang="en">Fyllingsdalen</CodeText>
      </CodeTextGrp>
    </Code>
    <Code id="urn:ssb:code:stabas:1303199-1303395">
      <CodeValue>120105</CodeValue>
      <CodeTextGrp>
        <CodeText xml:lang="nn">Laksevåg</CodeText>
        <CodeText xml:lang="nb">Laksevåg</CodeText>
        <CodeText xml:lang="en">Laksevåg</CodeText>
      </CodeTextGrp>
    </Code>
    <Code id="urn:ssb:code:stabas:1303199-1303397">
      <CodeValue>120106</CodeValue>
      <CodeTextGrp>
        <CodeText xml:lang="nn">Ytrebygda</CodeText>
        <CodeText xml:lang="nb">Ytrebygda</CodeText>
        <CodeText xml:lang="en">Ytrebygda</CodeText>
      </CodeTextGrp>
    </Code>
    <Code id="urn:ssb:code:stabas:1303199-1303399">
      <CodeValue>120107</CodeValue>
      <CodeTextGrp>
        <CodeText xml:lang="nn">Årstad</CodeText>
        <CodeText xml:lang="nb">Årstad</CodeText>
        <CodeText xml:lang="en">Årstad</CodeText>
      </CodeTextGrp>
    </Code>
    <Code id="urn:ssb:code:stabas:1303199-1303501">
      <CodeValue>120108</CodeValue>
      <CodeTextGrp>
        <CodeText xml:lang="nn">Åsane</CodeText>
        <CodeText xml:lang="nb">Åsane</CodeText>
        <CodeText xml:lang="en">Åsane</CodeText>
      </CodeTextGrp>
    </Code>
    <Code id="urn:ssb:code:stabas:1303199-2486107">
      <CodeValue>120199</CodeValue>
      <CodeTextGrp>
        <CodeText xml:lang="nn">Ikkje spesifisert</CodeText>
        <CodeText xml:lang="nb">Uoppgitt</CodeText>
        <CodeText xml:lang="en">Unknown</CodeText>
      </CodeTextGrp>
    </Code>
    <Code id="urn:ssb:code:stabas:1303199-1303503">
      <CodeValue>160101</CodeValue>
      <CodeTextGrp>
        <CodeText xml:lang="nn">Sentrum</CodeText>
        <CodeText xml:lang="nb">Sentrum</CodeText>
        <CodeText xml:lang="en">Sentrum</CodeText>
      </CodeTextGrp>
    </Code>
    <Code id="urn:ssb:code:stabas:1303199-1303505">
      <CodeValue>160102</CodeValue>
      <CodeTextGrp>
        <CodeText xml:lang="nn">Strindheim</CodeText>
        <CodeText xml:lang="nb">Strindheim</CodeText>
        <CodeText xml:lang="en">Strindheim</CodeText>
      </CodeTextGrp>
    </Code>
    <Code id="urn:ssb:code:stabas:1303199-1303507">
      <CodeValue>160103</CodeValue>
      <CodeTextGrp>
        <CodeText xml:lang="nn">Nardo</CodeText>
        <CodeText xml:lang="nb">Nardo</CodeText>
        <CodeText xml:lang="en">Nardo</CodeText>
      </CodeTextGrp>
    </Code>
    <Code id="urn:ssb:code:stabas:1303199-1303509">
      <CodeValue>160104</CodeValue>
      <CodeTextGrp>
        <CodeText xml:lang="nn">Byåsen</CodeText>
        <CodeText xml:lang="nb">Byåsen</CodeText>
        <CodeText xml:lang="en">Byåsen</CodeText>
      </CodeTextGrp>
    </Code>
    <Code id="urn:ssb:code:stabas:1303199-1303511">
      <CodeValue>160105</CodeValue>
      <CodeTextGrp>
        <CodeText xml:lang="nn">Saupstad</CodeText>
        <CodeText xml:lang="nb">Saupstad</CodeText>
        <CodeText xml:lang="en">Saupstad</CodeText>
      </CodeTextGrp>
    </Code>
    <Code id="urn:ssb:code:stabas:1303199-1303513">
      <CodeValue>160106</CodeValue>
      <CodeTextGrp>
        <CodeText xml:lang="nn">Heimdal</CodeText>
        <CodeText xml:lang="nb">Heimdal</CodeText>
        <CodeText xml:lang="en">Heimdal</CodeText>
      </CodeTextGrp>
    </Code>
    <Code id="urn:ssb:code:stabas:1303199-2486109">
      <CodeValue>160199</CodeValue>
      <CodeTextGrp>
        <CodeText xml:lang="nn">Ikkje spesifisert</CodeText>
        <CodeText xml:lang="nb">Uoppgitt</CodeText>
        <CodeText xml:lang="en">Unknown</CodeText>
      </CodeTextGrp>
    </Code>
  </Codes>
</Codelist>