<?xml version="1.0" encoding="utf-8"?>
<Codelist xmlns:xsi="http://www.w3.org/2001/XMLSchema-instance" xmlns:xsd="http://www.w3.org/2001/XMLSchema" id="urn:ssb:codelist:stabas:1303901" defaultValidFrom="2002-01-01" lastChangedDate="2006-11-25" isCurrent="false" relationId="urn:ssb:classversion:stabas:1303794" xmlns="http://www.ssb.no/ns/meta/codelist">
  <CodelistMeta>
    <TitleGrp>
      <Title xml:lang="nn">Fylkesinndeling 2002: Fylke</Title>
      <Title xml:lang="nb">Fylkesinndeling 2002: Fylke</Title>
      <Title xml:lang="en">County 2002: County</Title>
    </TitleGrp>
    <DescriptionGrp>
      <Description xml:lang="nn">Fylkene er regionale administrative eininger både for statleg og fylkeskommunal verksemd og ei viktig eining i SSBs statistikkpublisering.</Description>
      <Description xml:lang="nb">Fylkene er regionale administrative enheter både for statlig og fylkeskommunal virksomhet og en viktig enhet i SSBs statistikkpublisering.</Description>
      <Description xml:lang="en">County is a regional administrative unit both for national and county activity and an important unit in the publication of statistics.</Description>
    </DescriptionGrp>
    <ContactInformation>
      <Person xmlns="http://www.ssb.no/ns/meta/common">hhe</Person>
      <Division xmlns="http://www.ssb.no/ns/meta/common">320</Division>
    </ContactInformation>
    <NoteGrp>
      <Note xml:lang="nn">Kommunen 1214 Ølen blei den 1. januar 2002 førte over i frå Hordaland til Rogaland fylke kor kommunen fekk kommunenummer 1159.</Note>
      <Note xml:lang="nb">Kommunen 1214 Ølen ble den 1. januar 2002 overført i fra Hordaland til Rogaland fylke hvor kommunen fikk kommunenummer 1159.</Note>
      <Note xml:lang="en">1 January 2002 the municipality of Ølen was transferred from the county of Hordaland to the county of Rogaland.</Note>
    </NoteGrp>
  </CodelistMeta>
  <Codes>
    <Code id="urn:ssb:code:stabas:1303901-1303903">
      <CodeValue>01</CodeValue>
      <CodeTextGrp>
        <CodeText xml:lang="nn">Østfold</CodeText>
        <CodeText xml:lang="nb">Østfold</CodeText>
        <CodeText xml:lang="en">Østfold</CodeText>
      </CodeTextGrp>
    </Code>
    <Code id="urn:ssb:code:stabas:1303901-1303905">
      <CodeValue>02</CodeValue>
      <CodeTextGrp>
        <CodeText xml:lang="nn">Akershus</CodeText>
        <CodeText xml:lang="nb">Akershus</CodeText>
        <CodeText xml:lang="en">Akershus</CodeText>
      </CodeTextGrp>
    </Code>
    <Code id="urn:ssb:code:stabas:1303901-1303907">
      <CodeValue>03</CodeValue>
      <CodeTextGrp>
        <CodeText xml:lang="nn">Oslo</CodeText>
        <CodeText xml:lang="nb">Oslo</CodeText>
        <CodeText xml:lang="en">Oslo</CodeText>
      </CodeTextGrp>
    </Code>
    <Code id="urn:ssb:code:stabas:1303901-1303909">
      <CodeValue>04</CodeValue>
      <CodeTextGrp>
        <CodeText xml:lang="nn">Hedmark</CodeText>
        <CodeText xml:lang="nb">Hedmark</CodeText>
        <CodeText xml:lang="en">Hedmark</CodeText>
      </CodeTextGrp>
    </Code>
    <Code id="urn:ssb:code:stabas:1303901-1303911">
      <CodeValue>05</CodeValue>
      <CodeTextGrp>
        <CodeText xml:lang="nn">Oppland</CodeText>
        <CodeText xml:lang="nb">Oppland</CodeText>
        <CodeText xml:lang="en">Oppland</CodeText>
      </CodeTextGrp>
    </Code>
    <Code id="urn:ssb:code:stabas:1303901-1303913">
      <CodeValue>06</CodeValue>
      <CodeTextGrp>
        <CodeText xml:lang="nn">Buskerud</CodeText>
        <CodeText xml:lang="nb">Buskerud</CodeText>
        <CodeText xml:lang="en">Buskerud</CodeText>
      </CodeTextGrp>
    </Code>
    <Code id="urn:ssb:code:stabas:1303901-1303915">
      <CodeValue>07</CodeValue>
      <CodeTextGrp>
        <CodeText xml:lang="nn">Vestfold</CodeText>
        <CodeText xml:lang="nb">Vestfold</CodeText>
        <CodeText xml:lang="en">Vestfold</CodeText>
      </CodeTextGrp>
    </Code>
    <Code id="urn:ssb:code:stabas:1303901-1303917">
      <CodeValue>08</CodeValue>
      <CodeTextGrp>
        <CodeText xml:lang="nn">Telemark</CodeText>
        <CodeText xml:lang="nb">Telemark</CodeText>
        <CodeText xml:lang="en">Telemark</CodeText>
      </CodeTextGrp>
    </Code>
    <Code id="urn:ssb:code:stabas:1303901-1303919">
      <CodeValue>09</CodeValue>
      <CodeTextGrp>
        <CodeText xml:lang="nn">Aust-Agder</CodeText>
        <CodeText xml:lang="nb">Aust-Agder</CodeText>
        <CodeText xml:lang="en">Aust-Agder</CodeText>
      </CodeTextGrp>
    </Code>
    <Code id="urn:ssb:code:stabas:1303901-1303921">
      <CodeValue>10</CodeValue>
      <CodeTextGrp>
        <CodeText xml:lang="nn">Vest-Agder</CodeText>
        <CodeText xml:lang="nb">Vest-Agder</CodeText>
        <CodeText xml:lang="en">Vest-Agder</CodeText>
      </CodeTextGrp>
    </Code>
    <Code id="urn:ssb:code:stabas:1303901-1303923">
      <CodeValue>11</CodeValue>
      <CodeTextGrp>
        <CodeText xml:lang="nn">Rogaland</CodeText>
        <CodeText xml:lang="nb">Rogaland</CodeText>
        <CodeText xml:lang="en">Rogaland</CodeText>
      </CodeTextGrp>
      <NoteGrp>
        <Note xml:lang="nn">Kommunen 1214 Ølen blei den 1. januar 2002 førte over i frå Hordaland til Rogaland fylke kor kommunen fekk kommunenummer 1159.</Note>
        <Note xml:lang="nb">Kommunen 1214 Ølen ble den 1. januar 2002 overført i fra Hordaland til Rogaland fylke hvor kommunen fikk kommunenummer 1159.</Note>
        <Note xml:lang="en">1 January 2002 the municipality of Ølen was transferred from the county of Hordaland to the county of Rogaland.</Note>
      </NoteGrp>
    </Code>
    <Code id="urn:ssb:code:stabas:1303901-1303925">
      <CodeValue>12</CodeValue>
      <CodeTextGrp>
        <CodeText xml:lang="nn">Hordaland</CodeText>
        <CodeText xml:lang="nb">Hordaland</CodeText>
        <CodeText xml:lang="en">Hordaland</CodeText>
      </CodeTextGrp>
    </Code>
    <Code id="urn:ssb:code:stabas:1303901-1303929">
      <CodeValue>14</CodeValue>
      <CodeTextGrp>
        <CodeText xml:lang="nn">Sogn og Fjordane</CodeText>
        <CodeText xml:lang="nb">Sogn og Fjordane</CodeText>
        <CodeText xml:lang="en">Sogn og Fjordane</CodeText>
      </CodeTextGrp>
    </Code>
    <Code id="urn:ssb:code:stabas:1303901-1303931">
      <CodeValue>15</CodeValue>
      <CodeTextGrp>
        <CodeText xml:lang="nn">Møre og Romsdal</CodeText>
        <CodeText xml:lang="nb">Møre og Romsdal</CodeText>
        <CodeText xml:lang="en">Møre og Romsdal</CodeText>
      </CodeTextGrp>
    </Code>
    <Code id="urn:ssb:code:stabas:1303901-1303933">
      <CodeValue>16</CodeValue>
      <CodeTextGrp>
        <CodeText xml:lang="nn">Sør-Trøndelag</CodeText>
        <CodeText xml:lang="nb">Sør-Trøndelag</CodeText>
        <CodeText xml:lang="en">Sør-Trøndelag</CodeText>
      </CodeTextGrp>
    </Code>
    <Code id="urn:ssb:code:stabas:1303901-1303935">
      <CodeValue>17</CodeValue>
      <CodeTextGrp>
        <CodeText xml:lang="nn">Nord-Trøndelag</CodeText>
        <CodeText xml:lang="nb">Nord-Trøndelag</CodeText>
        <CodeText xml:lang="en">Nord-Trøndelag</CodeText>
      </CodeTextGrp>
    </Code>
    <Code id="urn:ssb:code:stabas:1303901-1303937">
      <CodeValue>18</CodeValue>
      <CodeTextGrp>
        <CodeText xml:lang="nn">Nordland</CodeText>
        <CodeText xml:lang="nb">Nordland</CodeText>
        <CodeText xml:lang="en">Nordland</CodeText>
      </CodeTextGrp>
    </Code>
    <Code id="urn:ssb:code:stabas:1303901-1303939">
      <CodeValue>19</CodeValue>
      <CodeTextGrp>
        <CodeText xml:lang="nn">Troms </CodeText>
        <CodeText xml:lang="nb">Troms</CodeText>
        <CodeText xml:lang="en">Troms </CodeText>
      </CodeTextGrp>
    </Code>
    <Code id="urn:ssb:code:stabas:1303901-1303941">
      <CodeValue>20</CodeValue>
      <CodeTextGrp>
        <CodeText xml:lang="nn">Finnmark Finnmárku</CodeText>
        <CodeText xml:lang="nb">Finnmark Finnmárku</CodeText>
        <CodeText xml:lang="en">Finnmark Finnmárku</CodeText>
      </CodeTextGrp>
    </Code>
    <Code id="urn:ssb:code:stabas:1303901-2486119">
      <CodeValue>99</CodeValue>
      <CodeTextGrp>
        <CodeText xml:lang="nn">Ikkje spesifisert</CodeText>
        <CodeText xml:lang="nb">Uoppgitt</CodeText>
        <CodeText xml:lang="en">Unknown</CodeText>
      </CodeTextGrp>
    </Code>
  </Codes>
</Codelist>