<?xml version="1.0" encoding="utf-8"?>
<Codelist xmlns:xsi="http://www.w3.org/2001/XMLSchema-instance" xmlns:xsd="http://www.w3.org/2001/XMLSchema" id="urn:ssb:codelist:stabas:1304335" defaultValidFrom="2002-01-01" defaultValidTo="2006-12-31" lastChangedDate="2010-02-11" isCurrent="false" relationId="urn:ssb:classversion:stabas:1304328" xmlns="http://www.ssb.no/ns/meta/codelist">
  <CodelistMeta>
    <TitleGrp>
      <Title xml:lang="nn">Helseregionar 2002: Helseregion</Title>
      <Title xml:lang="nb">Helseregioner 2002: Helseregion</Title>
      <Title xml:lang="en">Health regions 2002: Health region</Title>
    </TitleGrp>
    <DescriptionGrp>
      <Description xml:lang="nn">Inndelinga av landet i helseregionar er basert på dei regionale helseforetaka sitt ansvar for å sørgje for helsetenester til befolkninga i eit avgrensa geografisk område. Kvart regionalt helseforetak (RHF) har med dette ansvar for eigen helseregion.</Description>
      <Description xml:lang="nb">Inndelingen av landet i helseregioner er basert på de regionale helseforetakenes ansvar for å sørge for helsetjenester til befolkningen i et avgrenset geografisk område. Hvert regionale helseforetak (RHF) har med dette ansvar for egen helseregion. </Description>
      <Description xml:lang="en">Norway is divided into health regions based on the regional health enterprice's responsibility to provide health services to the population in a limited geographical area.  Each regional health enterprice has the responsibility for it's own health region. </Description>
    </DescriptionGrp>
    <ContactInformation>
      <Person xmlns="http://www.ssb.no/ns/meta/common">and</Person>
      <Division xmlns="http://www.ssb.no/ns/meta/common">330</Division>
    </ContactInformation>
    <NoteGrp>
      <Note xml:lang="nn">Ikkje relevant</Note>
      <Note xml:lang="nb">Ikke relevant</Note>
      <Note xml:lang="en">Not relevant</Note>
    </NoteGrp>
  </CodelistMeta>
  <Codes>
    <Code id="urn:ssb:code:stabas:1304335-1304337">
      <CodeValue>1</CodeValue>
      <CodeTextGrp>
        <CodeText xml:lang="nn">Helseregion Øst</CodeText>
        <CodeText xml:lang="nb">Helseregion Øst</CodeText>
        <CodeText xml:lang="en">Health region East</CodeText>
      </CodeTextGrp>
    </Code>
    <Code id="urn:ssb:code:stabas:1304335-1304339">
      <CodeValue>2</CodeValue>
      <CodeTextGrp>
        <CodeText xml:lang="nn">Helseregion Sør</CodeText>
        <CodeText xml:lang="nb">Helseregion Sør</CodeText>
        <CodeText xml:lang="en">Health region South</CodeText>
      </CodeTextGrp>
    </Code>
    <Code id="urn:ssb:code:stabas:1304335-1304341">
      <CodeValue>3</CodeValue>
      <CodeTextGrp>
        <CodeText xml:lang="nn">Helseregion Vest</CodeText>
        <CodeText xml:lang="nb">Helseregion Vest</CodeText>
        <CodeText xml:lang="en">Health region West</CodeText>
      </CodeTextGrp>
    </Code>
    <Code id="urn:ssb:code:stabas:1304335-1304343">
      <CodeValue>4</CodeValue>
      <CodeTextGrp>
        <CodeText xml:lang="nn">Helseregion Midt-Norge</CodeText>
        <CodeText xml:lang="nb">Helseregion Midt-Norge</CodeText>
        <CodeText xml:lang="en">Health region Mid-Norway</CodeText>
      </CodeTextGrp>
    </Code>
    <Code id="urn:ssb:code:stabas:1304335-1304345">
      <CodeValue>5</CodeValue>
      <CodeTextGrp>
        <CodeText xml:lang="nn">Helseregion Nord</CodeText>
        <CodeText xml:lang="nb">Helseregion Nord</CodeText>
        <CodeText xml:lang="en">Health region North</CodeText>
      </CodeTextGrp>
    </Code>
    <Code id="urn:ssb:code:stabas:1304335-1304347">
      <CodeValue>9</CodeValue>
      <CodeTextGrp>
        <CodeText xml:lang="nn">Uoppgitt</CodeText>
        <CodeText xml:lang="nb">Uoppgitt</CodeText>
        <CodeText xml:lang="en">Unknown</CodeText>
      </CodeTextGrp>
    </Code>
  </Codes>
</Codelist>