<?xml version="1.0" encoding="utf-8"?>
<Codelist xmlns:xsi="http://www.w3.org/2001/XMLSchema-instance" xmlns:xsd="http://www.w3.org/2001/XMLSchema" id="urn:ssb:codelist:stabas:2400908" defaultValidFrom="2002-01-01" defaultValidTo="2015-12-31" lastChangedDate="2016-01-05" isCurrent="false" relationId="urn:ssb:classversion:stabas:2400901" xmlns="http://www.ssb.no/ns/meta/codelist">
  <CodelistMeta>
    <TitleGrp>
      <Title xml:lang="nn">Politidistrikt 2002: Politidistrikt</Title>
      <Title xml:lang="nb">Politidistrikt 2002: Politidistrikt</Title>
      <Title xml:lang="en">Police district 2002: Police district</Title>
    </TitleGrp>
    <DescriptionGrp>
      <Description xml:lang="nn">Landet er per 1. januar 2002 delt inn i 27 politidistrikter som igjen er samansett av eit heilt tal kommunar. I nokon tilfeller kan eit politidistrikt gå på tvers av fylker.</Description>
      <Description xml:lang="nb">Landet er per 1. januar 2002.delt inn i 27 politidistrikter som igjen består av et helt antall kommuner. I noen tilfeller kan et politidistrikt gå på tvers av fylker.

</Description>
      <Description xml:lang="en">As of 1 January 2002 the country is divided into 27 police districts which consist of a certain number of municipalities. In some cases a police district may cross county boundaries.</Description>
    </DescriptionGrp>
    <ContactInformation>
      <Person xmlns="http://www.ssb.no/ns/meta/common">hhe</Person>
      <Division xmlns="http://www.ssb.no/ns/meta/common">320</Division>
    </ContactInformation>
    <NoteGrp>
      <Note xml:lang="nn">Ikkje relevant</Note>
      <Note xml:lang="nb">Fra 1. juni 2002 endret kommune 0701 navn i fra Borre til Horten. Fra 1. januar 2003 er det blitt foretatt en grensejustering mellom kommunene 0528 Østre Toten og 0529 Vestre Toten i Oppland fylke.</Note>
      <Note xml:lang="en">Not relevant</Note>
    </NoteGrp>
  </CodelistMeta>
  <Codes>
    <Code id="urn:ssb:code:stabas:2400908-2400910">
      <CodeValue>01</CodeValue>
      <CodeTextGrp>
        <CodeText xml:lang="nn">Oslo</CodeText>
        <CodeText xml:lang="nb">Oslo</CodeText>
        <CodeText xml:lang="en">Oslo</CodeText>
      </CodeTextGrp>
    </Code>
    <Code id="urn:ssb:code:stabas:2400908-2400912">
      <CodeValue>02</CodeValue>
      <CodeTextGrp>
        <CodeText xml:lang="nn">Østfold</CodeText>
        <CodeText xml:lang="nb">Østfold</CodeText>
        <CodeText xml:lang="en">Østfold</CodeText>
      </CodeTextGrp>
    </Code>
    <Code id="urn:ssb:code:stabas:2400908-2400914">
      <CodeValue>03</CodeValue>
      <CodeTextGrp>
        <CodeText xml:lang="nn">Follo</CodeText>
        <CodeText xml:lang="nb">Follo</CodeText>
        <CodeText xml:lang="en">Follo</CodeText>
      </CodeTextGrp>
    </Code>
    <Code id="urn:ssb:code:stabas:2400908-2400916">
      <CodeValue>04</CodeValue>
      <CodeTextGrp>
        <CodeText xml:lang="nn">Romerike</CodeText>
        <CodeText xml:lang="nb">Romerike</CodeText>
        <CodeText xml:lang="en">Romerike</CodeText>
      </CodeTextGrp>
    </Code>
    <Code id="urn:ssb:code:stabas:2400908-2400918">
      <CodeValue>05</CodeValue>
      <CodeTextGrp>
        <CodeText xml:lang="nn">Hedmark</CodeText>
        <CodeText xml:lang="nb">Hedmark</CodeText>
        <CodeText xml:lang="en">Hedmark</CodeText>
      </CodeTextGrp>
    </Code>
    <Code id="urn:ssb:code:stabas:2400908-2400920">
      <CodeValue>06</CodeValue>
      <CodeTextGrp>
        <CodeText xml:lang="nn">Gudbrandsdal</CodeText>
        <CodeText xml:lang="nb">Gudbrandsdal</CodeText>
        <CodeText xml:lang="en">Gudbrandsdal</CodeText>
      </CodeTextGrp>
    </Code>
    <Code id="urn:ssb:code:stabas:2400908-2400922">
      <CodeValue>07</CodeValue>
      <CodeTextGrp>
        <CodeText xml:lang="nn">Vestoppland</CodeText>
        <CodeText xml:lang="nb">Vestoppland</CodeText>
        <CodeText xml:lang="en">Vestoppland</CodeText>
      </CodeTextGrp>
    </Code>
    <Code id="urn:ssb:code:stabas:2400908-2400924">
      <CodeValue>08</CodeValue>
      <CodeTextGrp>
        <CodeText xml:lang="nn">Nordre Buskerud</CodeText>
        <CodeText xml:lang="nb">Nordre Buskerud</CodeText>
        <CodeText xml:lang="en">Nordre Buskerud</CodeText>
      </CodeTextGrp>
    </Code>
    <Code id="urn:ssb:code:stabas:2400908-2400926">
      <CodeValue>09</CodeValue>
      <CodeTextGrp>
        <CodeText xml:lang="nn">Søndre Buskerud</CodeText>
        <CodeText xml:lang="nb">Søndre Buskerud</CodeText>
        <CodeText xml:lang="en">Søndre Buskerud</CodeText>
      </CodeTextGrp>
    </Code>
    <Code id="urn:ssb:code:stabas:2400908-2400928">
      <CodeValue>10</CodeValue>
      <CodeTextGrp>
        <CodeText xml:lang="nn">Asker og Bærum</CodeText>
        <CodeText xml:lang="nb">Asker og Bærum</CodeText>
        <CodeText xml:lang="en">Asker and Bærum</CodeText>
      </CodeTextGrp>
    </Code>
    <Code id="urn:ssb:code:stabas:2400908-2400930">
      <CodeValue>11</CodeValue>
      <CodeTextGrp>
        <CodeText xml:lang="nn">Vestfold</CodeText>
        <CodeText xml:lang="nb">Vestfold</CodeText>
        <CodeText xml:lang="en">Vestfold</CodeText>
      </CodeTextGrp>
    </Code>
    <Code id="urn:ssb:code:stabas:2400908-2400932">
      <CodeValue>12</CodeValue>
      <CodeTextGrp>
        <CodeText xml:lang="nn">Telemark</CodeText>
        <CodeText xml:lang="nb">Telemark</CodeText>
        <CodeText xml:lang="en">Telemark</CodeText>
      </CodeTextGrp>
    </Code>
    <Code id="urn:ssb:code:stabas:2400908-2400934">
      <CodeValue>13</CodeValue>
      <CodeTextGrp>
        <CodeText xml:lang="nn">Agder</CodeText>
        <CodeText xml:lang="nb">Agder</CodeText>
        <CodeText xml:lang="en">Agder</CodeText>
      </CodeTextGrp>
    </Code>
    <Code id="urn:ssb:code:stabas:2400908-2400936">
      <CodeValue>14</CodeValue>
      <CodeTextGrp>
        <CodeText xml:lang="nn">Rogaland</CodeText>
        <CodeText xml:lang="nb">Rogaland</CodeText>
        <CodeText xml:lang="en">Rogaland</CodeText>
      </CodeTextGrp>
    </Code>
    <Code id="urn:ssb:code:stabas:2400908-2400938">
      <CodeValue>15</CodeValue>
      <CodeTextGrp>
        <CodeText xml:lang="nn">Haugaland og Sunnhordland</CodeText>
        <CodeText xml:lang="nb">Haugaland og Sunnhordland</CodeText>
        <CodeText xml:lang="en">Haugaland and Sunnhordland</CodeText>
      </CodeTextGrp>
    </Code>
    <Code id="urn:ssb:code:stabas:2400908-2400940">
      <CodeValue>16</CodeValue>
      <CodeTextGrp>
        <CodeText xml:lang="nn">Hordaland</CodeText>
        <CodeText xml:lang="nb">Hordaland</CodeText>
        <CodeText xml:lang="en">Hordaland</CodeText>
      </CodeTextGrp>
    </Code>
    <Code id="urn:ssb:code:stabas:2400908-2400942">
      <CodeValue>17</CodeValue>
      <CodeTextGrp>
        <CodeText xml:lang="nn">Sogn og Fjordane</CodeText>
        <CodeText xml:lang="nb">Sogn og Fjordane</CodeText>
        <CodeText xml:lang="en">Sogn og Fjordane</CodeText>
      </CodeTextGrp>
    </Code>
    <Code id="urn:ssb:code:stabas:2400908-2400944">
      <CodeValue>18</CodeValue>
      <CodeTextGrp>
        <CodeText xml:lang="nn">Sunnmøre</CodeText>
        <CodeText xml:lang="nb">Sunnmøre</CodeText>
        <CodeText xml:lang="en">Sunnmøre</CodeText>
      </CodeTextGrp>
    </Code>
    <Code id="urn:ssb:code:stabas:2400908-2400946">
      <CodeValue>19</CodeValue>
      <CodeTextGrp>
        <CodeText xml:lang="nn">Nordmøre og Romsdal</CodeText>
        <CodeText xml:lang="nb">Nordmøre og Romsdal</CodeText>
        <CodeText xml:lang="en">Nordmøre and Romsdal</CodeText>
      </CodeTextGrp>
    </Code>
    <Code id="urn:ssb:code:stabas:2400908-2400948">
      <CodeValue>20</CodeValue>
      <CodeTextGrp>
        <CodeText xml:lang="nn">Sør-Trøndelag</CodeText>
        <CodeText xml:lang="nb">Sør-Trøndelag</CodeText>
        <CodeText xml:lang="en">Sør-Trøndelag</CodeText>
      </CodeTextGrp>
    </Code>
    <Code id="urn:ssb:code:stabas:2400908-2400950">
      <CodeValue>21</CodeValue>
      <CodeTextGrp>
        <CodeText xml:lang="nn">Nord-Trøndelag</CodeText>
        <CodeText xml:lang="nb">Nord-Trøndelag</CodeText>
        <CodeText xml:lang="en">Nord-Trøndelag</CodeText>
      </CodeTextGrp>
    </Code>
    <Code id="urn:ssb:code:stabas:2400908-2400952">
      <CodeValue>22</CodeValue>
      <CodeTextGrp>
        <CodeText xml:lang="nn">Helgeland</CodeText>
        <CodeText xml:lang="nb">Helgeland</CodeText>
        <CodeText xml:lang="en">Helgeland</CodeText>
      </CodeTextGrp>
    </Code>
    <Code id="urn:ssb:code:stabas:2400908-2400954">
      <CodeValue>23</CodeValue>
      <CodeTextGrp>
        <CodeText xml:lang="nn">Salten</CodeText>
        <CodeText xml:lang="nb">Salten</CodeText>
        <CodeText xml:lang="en">Salten</CodeText>
      </CodeTextGrp>
    </Code>
    <Code id="urn:ssb:code:stabas:2400908-2400956">
      <CodeValue>24</CodeValue>
      <CodeTextGrp>
        <CodeText xml:lang="nn">Midtre Hålogaland</CodeText>
        <CodeText xml:lang="nb">Midtre Hålogaland</CodeText>
        <CodeText xml:lang="en">Midtre Hålogaland</CodeText>
      </CodeTextGrp>
    </Code>
    <Code id="urn:ssb:code:stabas:2400908-2400958">
      <CodeValue>25</CodeValue>
      <CodeTextGrp>
        <CodeText xml:lang="nn">Troms</CodeText>
        <CodeText xml:lang="nb">Troms</CodeText>
        <CodeText xml:lang="en">Troms</CodeText>
      </CodeTextGrp>
    </Code>
    <Code id="urn:ssb:code:stabas:2400908-2400960">
      <CodeValue>26</CodeValue>
      <CodeTextGrp>
        <CodeText xml:lang="nn">Vestfinnmark</CodeText>
        <CodeText xml:lang="nb">Vestfinnmark</CodeText>
        <CodeText xml:lang="en">Vestfinnmark</CodeText>
      </CodeTextGrp>
    </Code>
    <Code id="urn:ssb:code:stabas:2400908-2400962">
      <CodeValue>27</CodeValue>
      <CodeTextGrp>
        <CodeText xml:lang="nn">Østfinnmark</CodeText>
        <CodeText xml:lang="nb">Østfinnmark</CodeText>
        <CodeText xml:lang="en">Østfinnmark</CodeText>
      </CodeTextGrp>
    </Code>
    <Code id="urn:ssb:code:stabas:2400908-2488105">
      <CodeValue>99</CodeValue>
      <CodeTextGrp>
        <CodeText xml:lang="nn">Ikkje spesifisert</CodeText>
        <CodeText xml:lang="nb">Uoppgitt</CodeText>
        <CodeText xml:lang="en">Unknown</CodeText>
      </CodeTextGrp>
    </Code>
  </Codes>
</Codelist>