<?xml version="1.0" encoding="utf-8"?>
<Codelist xmlns:xsi="http://www.w3.org/2001/XMLSchema-instance" xmlns:xsd="http://www.w3.org/2001/XMLSchema" id="urn:ssb:codelist:stabas:3152112" defaultValidFrom="2002-01-01" defaultValidTo="2008-12-31" lastChangedDate="2009-01-14" parentCodelistId="urn:ssb:codelist:stabas:3152110" isCurrent="false" relationId="urn:ssb:classversion:stabas:3152101" xmlns="http://www.ssb.no/ns/meta/codelist">
  <CodelistMeta>
    <TitleGrp>
      <Title xml:lang="nn">Standard for næringsgruppering (SN2002): Næring</Title>
      <Title xml:lang="nb">Standard for næringsgruppering (SN2002) (SN2002XTD): Næring</Title>
      <Title xml:lang="en">Standard Industrial Classification (SIC2002): Division</Title>
    </TitleGrp>
    <DescriptionGrp>
      <Description xml:lang="nn">Standarden er i første rekkje ein statistisk standard. Den danner grunnlaget for koding av einingar etter viktigste aktivitet i Statistisk sentralbyrå sitt bedrifts- og føretakregister og for einingar i Enhetsregisteret. Den er ein av dei viktigaste standardane innafor økonomisk statistikk og gjer det mogleg å samanlikne og analysere statistiske opplysningar både nasjonalt/internasjonalt og over tid. Næringsgruppering nyttast også i administrative rutinar.</Description>
      <Description xml:lang="nb">Standarden er i første rekke en statistisk standard. Den danner grunnlag for koding av enheter etter viktigste aktivitet i Statistisk sentralbyrås bedrifts- og foretakregister og for enheter i Enhetsregisteret. Den er en av de viktigste standardene i økonomisk statistikk og gjør det mulig a sammenlikne og analysere statistiske opplysninger både nasjonalt/internasjonalt og over tid. Næringsgruppering brukes også i administrative rutiner.</Description>
      <Description xml:lang="en">SIC is primarily a statistical standard. The standard will be the basis for coding units according to principal activity in Statistics Norway's Business register and units in the Central Coordinating Register of Legal Units. The SIC is one of the most important standards of economic statistics, and it will make it possible to compare and analyze statistical data both at the national/international level and over time. SIC is also used for administrative purposes.</Description>
    </DescriptionGrp>
    <ContactInformation>
      <Person xmlns="http://www.ssb.no/ns/meta/common">isk</Person>
      <Division xmlns="http://www.ssb.no/ns/meta/common">410</Division>
    </ContactInformation>
    <NoteGrp />
  </CodelistMeta>
  <Codes>
    <Code id="urn:ssb:code:stabas:3152112-3152124" parentCodeId="urn:ssb:code:stabas:3152110-3152122">
      <CodeValue>00</CodeValue>
      <CodeTextGrp>
        <CodeText xml:lang="nn">Ikkje spesifisert</CodeText>
        <CodeText xml:lang="nb">Uoppgitt</CodeText>
        <CodeText xml:lang="en">Unknown</CodeText>
      </CodeTextGrp>
    </Code>
    <Code id="urn:ssb:code:stabas:3152112-3152136" parentCodeId="urn:ssb:code:stabas:3152110-3152134">
      <CodeValue>01</CodeValue>
      <CodeTextGrp>
        <CodeText xml:lang="nn">Jordbruk og tenester i tilknytning til jordbruk. Jakt og viltstell</CodeText>
        <CodeText xml:lang="nb">Jordbruk og tjenester tilknyttet jordbruk. Jakt og viltstell</CodeText>
        <CodeText xml:lang="en">Agriculture, hunting and related service activities</CodeText>
      </CodeTextGrp>
    </Code>
    <Code id="urn:ssb:code:stabas:3152112-3152198" parentCodeId="urn:ssb:code:stabas:3152110-3152134">
      <CodeValue>02</CodeValue>
      <CodeTextGrp>
        <CodeText xml:lang="nn">Skogbruk og tenester i tilknytning til skogbruk</CodeText>
        <CodeText xml:lang="nb">Skogbruk og tjenester tilknyttet skogbruk</CodeText>
        <CodeText xml:lang="en">Forestry, logging and related service activities</CodeText>
      </CodeTextGrp>
    </Code>
    <Code id="urn:ssb:code:stabas:3152112-3152316" parentCodeId="urn:ssb:code:stabas:3152110-3152314">
      <CodeValue>05</CodeValue>
      <CodeTextGrp>
        <CodeText xml:lang="nn">Fiske, fangst og fiskeoppdrett. Tenester i tilknytning til fiske, fangst og fiskeoppdrett</CodeText>
        <CodeText xml:lang="nb">Fiske, fangst og fiskeoppdrett. Tjenester tilknyttet fiske, fangst og fiskeoppdrett</CodeText>
        <CodeText xml:lang="en">Fishing, fish farming and related service activities</CodeText>
      </CodeTextGrp>
    </Code>
    <Code id="urn:ssb:code:stabas:3152112-3152340" parentCodeId="urn:ssb:code:stabas:3152110-3152338">
      <CodeValue>10</CodeValue>
      <CodeTextGrp>
        <CodeText xml:lang="nn">Bryting av steinkol og brunkol. Utvinning av torv</CodeText>
        <CodeText xml:lang="nb">Bryting av steinkull og brunkull. Utvinning av torv</CodeText>
        <CodeText xml:lang="en">Mining of coal and lignite, extraction of peat</CodeText>
      </CodeTextGrp>
    </Code>
    <Code id="urn:ssb:code:stabas:3152112-3152360" parentCodeId="urn:ssb:code:stabas:3152110-3152338">
      <CodeValue>11</CodeValue>
      <CodeTextGrp>
        <CodeText xml:lang="nn">Utvinning av råolje og naturgass. Tenester i tilknytning til olje- og gassutvinning</CodeText>
        <CodeText xml:lang="nb">Utvinning av råolje og naturgass. Tjenester tilknyttet olje- og gassutvinning</CodeText>
        <CodeText xml:lang="en">Extraction of crude petroleum and natural gas, service activities incidental to oil and gas extraction excluding surveying</CodeText>
      </CodeTextGrp>
    </Code>
    <Code id="urn:ssb:code:stabas:3152112-3152374" parentCodeId="urn:ssb:code:stabas:3152110-3152338">
      <CodeValue>12</CodeValue>
      <CodeTextGrp>
        <CodeText xml:lang="nn">Bryting av uran- og thoriummalm</CodeText>
        <CodeText xml:lang="nb">Bryting av uran- og thoriummalm</CodeText>
        <CodeText xml:lang="en">Mining of uranium and thorium ores</CodeText>
      </CodeTextGrp>
    </Code>
    <Code id="urn:ssb:code:stabas:3152112-3152384" parentCodeId="urn:ssb:code:stabas:3152110-3152382">
      <CodeValue>13</CodeValue>
      <CodeTextGrp>
        <CodeText xml:lang="nn">Bryting av metallhaldig malm</CodeText>
        <CodeText xml:lang="nb">Bryting av metallholdig malm</CodeText>
        <CodeText xml:lang="en">Mining of metal ores</CodeText>
      </CodeTextGrp>
    </Code>
    <Code id="urn:ssb:code:stabas:3152112-3152398" parentCodeId="urn:ssb:code:stabas:3152110-3152382">
      <CodeValue>14</CodeValue>
      <CodeTextGrp>
        <CodeText xml:lang="nn">Bergverksdrift elles</CodeText>
        <CodeText xml:lang="nb">Bergverksdrift ellers</CodeText>
        <CodeText xml:lang="en">Other mining and quarrying</CodeText>
      </CodeTextGrp>
    </Code>
    <Code id="urn:ssb:code:stabas:3152112-3152546" parentCodeId="urn:ssb:code:stabas:3152110-3152544">
      <CodeValue>15</CodeValue>
      <CodeTextGrp>
        <CodeText xml:lang="nn">Produksjon av næringsmiddel og drikkevarer</CodeText>
        <CodeText xml:lang="nb">Produksjon av næringsmidler og drikkevarer</CodeText>
        <CodeText xml:lang="en">Manufacture of food products and beverages</CodeText>
      </CodeTextGrp>
    </Code>
    <Code id="urn:ssb:code:stabas:3152112-3152908" parentCodeId="urn:ssb:code:stabas:3152110-3152544">
      <CodeValue>16</CodeValue>
      <CodeTextGrp>
        <CodeText xml:lang="nn">Produksjon av tobakksvarer</CodeText>
        <CodeText xml:lang="nb">Produksjon av tobakksvarer</CodeText>
        <CodeText xml:lang="en">Manufacture of tobacco products</CodeText>
      </CodeTextGrp>
    </Code>
    <Code id="urn:ssb:code:stabas:3152112-3152918" parentCodeId="urn:ssb:code:stabas:3152110-3152916">
      <CodeValue>17</CodeValue>
      <CodeTextGrp>
        <CodeText xml:lang="nn">Produksjon av tekstilar</CodeText>
        <CodeText xml:lang="nb">Produksjon av tekstiler</CodeText>
        <CodeText xml:lang="en">Manufacture of textiles</CodeText>
      </CodeTextGrp>
    </Code>
    <Code id="urn:ssb:code:stabas:3152112-3153120" parentCodeId="urn:ssb:code:stabas:3152110-3152916">
      <CodeValue>18</CodeValue>
      <CodeTextGrp>
        <CodeText xml:lang="nn">Produksjon av klede. Reiing og farging av pelsskinn</CodeText>
        <CodeText xml:lang="nb">Produksjon av klær. Beredning og farging av pelsskinn</CodeText>
        <CodeText xml:lang="en">Manufacture of wearing apparel, dressing and dyeing of fur</CodeText>
      </CodeTextGrp>
    </Code>
    <Code id="urn:ssb:code:stabas:3152112-3153154" parentCodeId="urn:ssb:code:stabas:3152110-3153152">
      <CodeValue>19</CodeValue>
      <CodeTextGrp>
        <CodeText xml:lang="nn">Preparering av ler. Produksjon av reiseeffektar, salmakarartiklar og skotøy</CodeText>
        <CodeText xml:lang="nb">Beredning av lær. Produksjon av reiseeffekter, salmakerartikler og skotøy</CodeText>
        <CodeText xml:lang="en">Tanning and dressing of leather, manufacture of luggage, handbags, saddlery, harness and footwear</CodeText>
      </CodeTextGrp>
    </Code>
    <Code id="urn:ssb:code:stabas:3152112-3153176" parentCodeId="urn:ssb:code:stabas:3152110-3153174">
      <CodeValue>20</CodeValue>
      <CodeTextGrp>
        <CodeText xml:lang="nn">Produksjon av trelast og varer av tre, kork, strå og flettemateriale, med unntak av møblar</CodeText>
        <CodeText xml:lang="nb">Produksjon av trelast og varer av tre, kork, strå og flettematerialer, unntatt møbler</CodeText>
        <CodeText xml:lang="en">Manufacture of wood and of products of wood and cork, except furniture, manufacture of articles of straw and plaiting materials</CodeText>
      </CodeTextGrp>
    </Code>
    <Code id="urn:ssb:code:stabas:3152112-3153318" parentCodeId="urn:ssb:code:stabas:3152110-3153316">
      <CodeValue>21</CodeValue>
      <CodeTextGrp>
        <CodeText xml:lang="nn">Produksjon av papirmasse, papir og papirvarer</CodeText>
        <CodeText xml:lang="nb">Produksjon av papirmasse, papir og papirvarer</CodeText>
        <CodeText xml:lang="en">Manufacture of pulp, paper and paper products</CodeText>
      </CodeTextGrp>
    </Code>
    <Code id="urn:ssb:code:stabas:3152112-3153354" parentCodeId="urn:ssb:code:stabas:3152110-3153316">
      <CodeValue>22</CodeValue>
      <CodeTextGrp>
        <CodeText xml:lang="nn">Forlagsverksemd, grafisk produksjon og reproduksjon av opptak som er spela inn</CodeText>
        <CodeText xml:lang="nb">Forlagsvirksomhet, grafisk produksjon og reproduksjon av innspilte opptak</CodeText>
        <CodeText xml:lang="en">Publishing, printing and reproduction of recorded media</CodeText>
      </CodeTextGrp>
    </Code>
    <Code id="urn:ssb:code:stabas:3152112-3153516" parentCodeId="urn:ssb:code:stabas:3152110-3153514">
      <CodeValue>23</CodeValue>
      <CodeTextGrp>
        <CodeText xml:lang="nn">Produksjon av kol- og petroleumsprodukt og kjernebrensle</CodeText>
        <CodeText xml:lang="nb">Produksjon av kull- og petroleumsprodukter og kjernebrensel</CodeText>
        <CodeText xml:lang="en">Manufacture of coke, refined petroleum products and nuclear fuel</CodeText>
      </CodeTextGrp>
    </Code>
    <Code id="urn:ssb:code:stabas:3152112-3153538" parentCodeId="urn:ssb:code:stabas:3152110-3153536">
      <CodeValue>24</CodeValue>
      <CodeTextGrp>
        <CodeText xml:lang="nn">Produksjon av kjemikaliar og kjemiske produkt</CodeText>
        <CodeText xml:lang="nb">Produksjon av kjemikalier og kjemiske produkter</CodeText>
        <CodeText xml:lang="en">Manufacture of chemicals and chemical products</CodeText>
      </CodeTextGrp>
    </Code>
    <Code id="urn:ssb:code:stabas:3152112-3153740" parentCodeId="urn:ssb:code:stabas:3152110-3153738">
      <CodeValue>25</CodeValue>
      <CodeTextGrp>
        <CodeText xml:lang="nn">Produksjon av gummi- og plastprodukt</CodeText>
        <CodeText xml:lang="nb">Produksjon av gummi- og plastprodukter</CodeText>
        <CodeText xml:lang="en">Manufacture of rubber and plastic products</CodeText>
      </CodeTextGrp>
    </Code>
    <Code id="urn:ssb:code:stabas:3152112-3153776" parentCodeId="urn:ssb:code:stabas:3152110-3153774">
      <CodeValue>26</CodeValue>
      <CodeTextGrp>
        <CodeText xml:lang="nn">Produksjon av andre ikkje-metallhaldige mineralprodukt</CodeText>
        <CodeText xml:lang="nb">Produksjon av andre ikke-metallholdige mineralprodukter</CodeText>
        <CodeText xml:lang="en">Manufacture of other non-metallic mineral products</CodeText>
      </CodeTextGrp>
    </Code>
    <Code id="urn:ssb:code:stabas:3152112-3153996" parentCodeId="urn:ssb:code:stabas:3152110-3153994">
      <CodeValue>27</CodeValue>
      <CodeTextGrp>
        <CodeText xml:lang="nn">Produksjon av metall</CodeText>
        <CodeText xml:lang="nb">Produksjon av metaller</CodeText>
        <CodeText xml:lang="en">Manufacture of basic metals</CodeText>
      </CodeTextGrp>
    </Code>
    <Code id="urn:ssb:code:stabas:3152112-3154174" parentCodeId="urn:ssb:code:stabas:3152110-3153994">
      <CodeValue>28</CodeValue>
      <CodeTextGrp>
        <CodeText xml:lang="nn">Produksjon av metallvarer, med unntak av maskiner og utstyr</CodeText>
        <CodeText xml:lang="nb">Produksjon av metallvarer, unntatt maskiner og utstyr</CodeText>
        <CodeText xml:lang="en">Manufacture of fabricated metal products, except machinery and equipment</CodeText>
      </CodeTextGrp>
    </Code>
    <Code id="urn:ssb:code:stabas:3152112-3154356" parentCodeId="urn:ssb:code:stabas:3152110-3154354">
      <CodeValue>29</CodeValue>
      <CodeTextGrp>
        <CodeText xml:lang="nn">Produksjon av maskiner og utstyr</CodeText>
        <CodeText xml:lang="nb">Produksjon av maskiner og utstyr</CodeText>
        <CodeText xml:lang="en">Manufacture of machinery and equipment n.e.c.</CodeText>
      </CodeTextGrp>
    </Code>
    <Code id="urn:ssb:code:stabas:3152112-3154566" parentCodeId="urn:ssb:code:stabas:3152110-3154564">
      <CodeValue>30</CodeValue>
      <CodeTextGrp>
        <CodeText xml:lang="nn">Produksjon av kontor- og datamaskiner</CodeText>
        <CodeText xml:lang="nb">Produksjon av kontor- og datamaskiner</CodeText>
        <CodeText xml:lang="en">Manufacture of office machinery and computers</CodeText>
      </CodeTextGrp>
    </Code>
    <Code id="urn:ssb:code:stabas:3152112-3154578" parentCodeId="urn:ssb:code:stabas:3152110-3154564">
      <CodeValue>31</CodeValue>
      <CodeTextGrp>
        <CodeText xml:lang="nn">Produksjon av andre elektriske maskiner og apparat</CodeText>
        <CodeText xml:lang="nb">Produksjon av andre elektriske maskiner og apparater</CodeText>
        <CodeText xml:lang="en">Manufacture of electrical machinery and apparatus n.e.c.</CodeText>
      </CodeTextGrp>
    </Code>
    <Code id="urn:ssb:code:stabas:3152112-3154720" parentCodeId="urn:ssb:code:stabas:3152110-3154564">
      <CodeValue>32</CodeValue>
      <CodeTextGrp>
        <CodeText xml:lang="nn">Produksjon av radio-, fjernsyns- og anna kommunikasjonsutstyr</CodeText>
        <CodeText xml:lang="nb">Produksjon av radio-, fjernsyns- og annet kommunikasjonsutstyr</CodeText>
        <CodeText xml:lang="en">Manufacture of radio, television and communication equipment and apparatus</CodeText>
      </CodeTextGrp>
    </Code>
    <Code id="urn:ssb:code:stabas:3152112-3154740" parentCodeId="urn:ssb:code:stabas:3152110-3154564">
      <CodeValue>33</CodeValue>
      <CodeTextGrp>
        <CodeText xml:lang="nn">Produksjon av medisinske instrument, presisjonsinstrument, optiske instrument og klokker og ur</CodeText>
        <CodeText xml:lang="nb">Produksjon av medisinske instrumenter, presisjonsinstrumenter, optiske instrumenter, klokker og ur</CodeText>
        <CodeText xml:lang="en">Manufacture of medical, precision and optical instruments, watches and clocks</CodeText>
      </CodeTextGrp>
    </Code>
    <Code id="urn:ssb:code:stabas:3152112-3154774" parentCodeId="urn:ssb:code:stabas:3152110-3154772">
      <CodeValue>34</CodeValue>
      <CodeTextGrp>
        <CodeText xml:lang="nn">Produksjon av motorvogner, tilhengarar og delar</CodeText>
        <CodeText xml:lang="nb">Produksjon av motorvogner, tilhengere og deler</CodeText>
        <CodeText xml:lang="en">Manufacture of motor vehicles, trailers and semi-trailers</CodeText>
      </CodeTextGrp>
    </Code>
    <Code id="urn:ssb:code:stabas:3152112-3154794" parentCodeId="urn:ssb:code:stabas:3152110-3154772">
      <CodeValue>35</CodeValue>
      <CodeTextGrp>
        <CodeText xml:lang="nn">Produksjon av andre transportmiddel</CodeText>
        <CodeText xml:lang="nb">Produksjon av andre transportmidler</CodeText>
        <CodeText xml:lang="en">Manufacture of other transport equipment</CodeText>
      </CodeTextGrp>
    </Code>
    <Code id="urn:ssb:code:stabas:3152112-3154952" parentCodeId="urn:ssb:code:stabas:3152110-3154950">
      <CodeValue>36</CodeValue>
      <CodeTextGrp>
        <CodeText xml:lang="nn">Produksjon av møblar. Anna industriproduksjon</CodeText>
        <CodeText xml:lang="nb">Produksjon av møbler. Annen industriproduksjon</CodeText>
        <CodeText xml:lang="en">Manufacture of furniture, manufacturing n.e.c.</CodeText>
      </CodeTextGrp>
    </Code>
    <Code id="urn:ssb:code:stabas:3152112-3155118" parentCodeId="urn:ssb:code:stabas:3152110-3154950">
      <CodeValue>37</CodeValue>
      <CodeTextGrp>
        <CodeText xml:lang="nn">Attvinning</CodeText>
        <CodeText xml:lang="nb">Gjenvinning</CodeText>
        <CodeText xml:lang="en">Recycling</CodeText>
      </CodeTextGrp>
    </Code>
    <Code id="urn:ssb:code:stabas:3152112-3155136" parentCodeId="urn:ssb:code:stabas:3152110-3155134">
      <CodeValue>40</CodeValue>
      <CodeTextGrp>
        <CodeText xml:lang="nn">Forsyning av elektrisitet, gass, damp og varmt vatn</CodeText>
        <CodeText xml:lang="nb">Elektrisitets-, gass-, damp- og varmtvannsforsyning</CodeText>
        <CodeText xml:lang="en">Electricity, gas, steam and hot water supply</CodeText>
      </CodeTextGrp>
    </Code>
    <Code id="urn:ssb:code:stabas:3152112-3155168" parentCodeId="urn:ssb:code:stabas:3152110-3155134">
      <CodeValue>41</CodeValue>
      <CodeTextGrp>
        <CodeText xml:lang="nn">Oppsamling, reinsing og distribusjon av vatn</CodeText>
        <CodeText xml:lang="nb">Oppsamling, rensing og distribusjon av vann</CodeText>
        <CodeText xml:lang="en">Collection, purification and distribution of water</CodeText>
      </CodeTextGrp>
    </Code>
    <Code id="urn:ssb:code:stabas:3152112-3155180" parentCodeId="urn:ssb:code:stabas:3152110-3155178">
      <CodeValue>45</CodeValue>
      <CodeTextGrp>
        <CodeText xml:lang="nn">Byggje- og anleggsverksemd</CodeText>
        <CodeText xml:lang="nb">Bygge- og anleggsvirksomhet</CodeText>
        <CodeText xml:lang="en">Construction</CodeText>
      </CodeTextGrp>
    </Code>
    <Code id="urn:ssb:code:stabas:3152112-3155370" parentCodeId="urn:ssb:code:stabas:3152110-3155368">
      <CodeValue>50</CodeValue>
      <CodeTextGrp>
        <CodeText xml:lang="nn">Handel med, vedlikehald og reparasjon av motorvogner. Detaljhandel med drivstoff til motorvogner</CodeText>
        <CodeText xml:lang="nb">Handel med, vedlikehold og reparasjon av motorvogner. Detaljhandel med drivstoff til motorvogner</CodeText>
        <CodeText xml:lang="en">Sale, maintenance and repair of motor vehicles and motorcycles, retail sale of automotive fuel</CodeText>
      </CodeTextGrp>
    </Code>
    <Code id="urn:ssb:code:stabas:3152112-3155510" parentCodeId="urn:ssb:code:stabas:3152110-3155368">
      <CodeValue>51</CodeValue>
      <CodeTextGrp>
        <CodeText xml:lang="nn">Agentur- og engroshandel, med unntak av motorvogner</CodeText>
        <CodeText xml:lang="nb">Agentur- og engroshandel, unntatt med motorvogner</CodeText>
        <CodeText xml:lang="en">Wholesale trade and commission trade, except of motor vehicles and motorcycles</CodeText>
      </CodeTextGrp>
    </Code>
    <Code id="urn:ssb:code:stabas:3152112-3155952" parentCodeId="urn:ssb:code:stabas:3152110-3155368">
      <CodeValue>52</CodeValue>
      <CodeTextGrp>
        <CodeText xml:lang="nn">Detaljhandel, med unntak av motorvogner. Reparasjon av hushaldsvarer og varer til personleg bruk</CodeText>
        <CodeText xml:lang="nb">Detaljhandel, unntatt med motorvogner. Reparasjon av husholdningsvarer og varer til personlig bruk</CodeText>
        <CodeText xml:lang="en">Retail trade, except of motor vehicles and motorcycles;Repair of personal and household goods</CodeText>
      </CodeTextGrp>
    </Code>
    <Code id="urn:ssb:code:stabas:3152112-3156342" parentCodeId="urn:ssb:code:stabas:3152110-3156340">
      <CodeValue>55</CodeValue>
      <CodeTextGrp>
        <CodeText xml:lang="nn">Hotell- og restaurantverksemd</CodeText>
        <CodeText xml:lang="nb">Hotell- og restaurantvirksomhet</CodeText>
        <CodeText xml:lang="en">Hotels and restaurants</CodeText>
      </CodeTextGrp>
    </Code>
    <Code id="urn:ssb:code:stabas:3152112-3156396" parentCodeId="urn:ssb:code:stabas:3152110-3156394">
      <CodeValue>60</CodeValue>
      <CodeTextGrp>
        <CodeText xml:lang="nn">Landtransport og rørtransport</CodeText>
        <CodeText xml:lang="nb">Landtransport og rørtransport</CodeText>
        <CodeText xml:lang="en">Land transport; transport via pipelines</CodeText>
      </CodeTextGrp>
    </Code>
    <Code id="urn:ssb:code:stabas:3152112-3156532" parentCodeId="urn:ssb:code:stabas:3152110-3156394">
      <CodeValue>61</CodeValue>
      <CodeTextGrp>
        <CodeText xml:lang="nn">Sjøtransport</CodeText>
        <CodeText xml:lang="nb">Sjøtransport</CodeText>
        <CodeText xml:lang="en">Water transport</CodeText>
      </CodeTextGrp>
    </Code>
    <Code id="urn:ssb:code:stabas:3152112-3156554" parentCodeId="urn:ssb:code:stabas:3152110-3156394">
      <CodeValue>62</CodeValue>
      <CodeTextGrp>
        <CodeText xml:lang="nn">Lufttransport</CodeText>
        <CodeText xml:lang="nb">Lufttransport</CodeText>
        <CodeText xml:lang="en">Air transport</CodeText>
      </CodeTextGrp>
    </Code>
    <Code id="urn:ssb:code:stabas:3152112-3156574" parentCodeId="urn:ssb:code:stabas:3152110-3156394">
      <CodeValue>63</CodeValue>
      <CodeTextGrp>
        <CodeText xml:lang="nn">Tenester i tilknytning til transport og reisebyråverksemd</CodeText>
        <CodeText xml:lang="nb">Tjenester tilknyttet transport og reisebyråvirksomhet</CodeText>
        <CodeText xml:lang="en">Supporting and auxiliary transport activities, activities of travel agencies</CodeText>
      </CodeTextGrp>
    </Code>
    <Code id="urn:ssb:code:stabas:3152112-3156740" parentCodeId="urn:ssb:code:stabas:3152110-3156394">
      <CodeValue>64</CodeValue>
      <CodeTextGrp>
        <CodeText xml:lang="nn">Post og telekommunikasjonar</CodeText>
        <CodeText xml:lang="nb">Post og telekommunikasjoner</CodeText>
        <CodeText xml:lang="en">Post and telecommunications</CodeText>
      </CodeTextGrp>
    </Code>
    <Code id="urn:ssb:code:stabas:3152112-3156774" parentCodeId="urn:ssb:code:stabas:3152110-3156772">
      <CodeValue>65</CodeValue>
      <CodeTextGrp>
        <CodeText xml:lang="nn">Finansiell tenesteyting med unntak av forsikring og pensjonskasser</CodeText>
        <CodeText xml:lang="nb">Finansiell tjenesteyting, unntatt forsikring og pensjonskasser</CodeText>
        <CodeText xml:lang="en">Financial intermediation, except insurance and pension funding</CodeText>
      </CodeTextGrp>
    </Code>
    <Code id="urn:ssb:code:stabas:3152112-3156904" parentCodeId="urn:ssb:code:stabas:3152110-3156772">
      <CodeValue>66</CodeValue>
      <CodeTextGrp>
        <CodeText xml:lang="nn">Forsikring og pensjonskasser med unntak av trygdeordningar som hører inn under offentleg forvaltning</CodeText>
        <CodeText xml:lang="nb">Forsikring og pensjonskasser, unntatt trygdeordninger underlagt offentlig forvaltning</CodeText>
        <CodeText xml:lang="en">Insurance and pension funding, except compulsory social security</CodeText>
      </CodeTextGrp>
    </Code>
    <Code id="urn:ssb:code:stabas:3152112-3156920" parentCodeId="urn:ssb:code:stabas:3152110-3156772">
      <CodeValue>67</CodeValue>
      <CodeTextGrp>
        <CodeText xml:lang="nn">Hjelpeverksemd for finansiell tenesteyting</CodeText>
        <CodeText xml:lang="nb">Hjelpevirksomhet for finansiell tjenesteyting</CodeText>
        <CodeText xml:lang="en">Activities auxiliary to financial intermediation</CodeText>
      </CodeTextGrp>
    </Code>
    <Code id="urn:ssb:code:stabas:3152112-3156946" parentCodeId="urn:ssb:code:stabas:3152110-3156944">
      <CodeValue>70</CodeValue>
      <CodeTextGrp>
        <CodeText xml:lang="nn">Omsetning og drift av fast eigedom</CodeText>
        <CodeText xml:lang="nb">Omsetning og drift av fast eiendom</CodeText>
        <CodeText xml:lang="en">Real estate activities</CodeText>
      </CodeTextGrp>
    </Code>
    <Code id="urn:ssb:code:stabas:3152112-3156980" parentCodeId="urn:ssb:code:stabas:3152110-3156944">
      <CodeValue>71</CodeValue>
      <CodeTextGrp>
        <CodeText xml:lang="nn">Utleige av maskiner og utstyr utan personell. Utleige av husaldsvarer og varer til personleg bruk</CodeText>
        <CodeText xml:lang="nb">Utleie av maskiner og utstyr uten personell. Utleie av husholdningsvarer og varer til personlig bruk</CodeText>
        <CodeText xml:lang="en">Renting of machinery and equipment without operator and of personal and household goods</CodeText>
      </CodeTextGrp>
    </Code>
    <Code id="urn:ssb:code:stabas:3152112-3157126" parentCodeId="urn:ssb:code:stabas:3152110-3156944">
      <CodeValue>72</CodeValue>
      <CodeTextGrp>
        <CodeText xml:lang="nn">Databehandlingsverksemd</CodeText>
        <CodeText xml:lang="nb">Databehandlingsvirksomhet</CodeText>
        <CodeText xml:lang="en">Computers and related activities</CodeText>
      </CodeTextGrp>
    </Code>
    <Code id="urn:ssb:code:stabas:3152112-3157168" parentCodeId="urn:ssb:code:stabas:3152110-3156944">
      <CodeValue>73</CodeValue>
      <CodeTextGrp>
        <CodeText xml:lang="nn">Forsking og utviklingsarbeid</CodeText>
        <CodeText xml:lang="nb">Forskning og utviklingsarbeid</CodeText>
        <CodeText xml:lang="en">Research and development</CodeText>
      </CodeTextGrp>
    </Code>
    <Code id="urn:ssb:code:stabas:3152112-3157182" parentCodeId="urn:ssb:code:stabas:3152110-3156944">
      <CodeValue>74</CodeValue>
      <CodeTextGrp>
        <CodeText xml:lang="nn">Anna forretningsmessig tenesteyting</CodeText>
        <CodeText xml:lang="nb">Annen forretningsmessig tjenesteyting</CodeText>
        <CodeText xml:lang="en">Other business activities</CodeText>
      </CodeTextGrp>
    </Code>
    <Code id="urn:ssb:code:stabas:3152112-3157396" parentCodeId="urn:ssb:code:stabas:3152110-3157394">
      <CodeValue>75</CodeValue>
      <CodeTextGrp>
        <CodeText xml:lang="nn">Offentleg administrasjon, forsvar og trygdeordningar som hørar inn under offentleg forvaltning</CodeText>
        <CodeText xml:lang="nb">Offentlig administrasjon, forsvar og trygdeordninger underlagt offentlig forvaltning</CodeText>
        <CodeText xml:lang="en">Public administration and defence, compulsory social security</CodeText>
      </CodeTextGrp>
    </Code>
    <Code id="urn:ssb:code:stabas:3152112-3157548" parentCodeId="urn:ssb:code:stabas:3152110-3157546">
      <CodeValue>80</CodeValue>
      <CodeTextGrp>
        <CodeText xml:lang="nn">Undervisning</CodeText>
        <CodeText xml:lang="nb">Undervisning</CodeText>
        <CodeText xml:lang="en">Education</CodeText>
      </CodeTextGrp>
    </Code>
    <Code id="urn:ssb:code:stabas:3152112-3157704" parentCodeId="urn:ssb:code:stabas:3152110-3157702">
      <CodeValue>85</CodeValue>
      <CodeTextGrp>
        <CodeText xml:lang="nn">Helse- og sosialtenester</CodeText>
        <CodeText xml:lang="nb">Helse- og sosialtjenester</CodeText>
        <CodeText xml:lang="en">Health and social work</CodeText>
      </CodeTextGrp>
    </Code>
    <Code id="urn:ssb:code:stabas:3152112-3157922" parentCodeId="urn:ssb:code:stabas:3152110-3157920">
      <CodeValue>90</CodeValue>
      <CodeTextGrp>
        <CodeText xml:lang="nn">Avløps- og renovasjonsverksemd</CodeText>
        <CodeText xml:lang="nb">Avløps- og renovasjonsvirksomhet</CodeText>
        <CodeText xml:lang="en">Sewage and refuse disposal, sanitation and similar activities</CodeText>
      </CodeTextGrp>
    </Code>
    <Code id="urn:ssb:code:stabas:3152112-3157938" parentCodeId="urn:ssb:code:stabas:3152110-3157920">
      <CodeValue>91</CodeValue>
      <CodeTextGrp>
        <CodeText xml:lang="nn">Interesseorganisasjonar ikkje nemnde annan stad</CodeText>
        <CodeText xml:lang="nb">Interesseorganisasjoner ikke nevnt annet sted</CodeText>
        <CodeText xml:lang="en">Activities of membership organizations n.e.c.</CodeText>
      </CodeTextGrp>
    </Code>
    <Code id="urn:ssb:code:stabas:3152112-3157970" parentCodeId="urn:ssb:code:stabas:3152110-3157920">
      <CodeValue>92</CodeValue>
      <CodeTextGrp>
        <CodeText xml:lang="nn">Fritidsverksemd, kulturell tenesteyting og sport</CodeText>
        <CodeText xml:lang="nb">Fritidsvirksomhet, kulturell tjenesteyting og sport</CodeText>
        <CodeText xml:lang="en">Recreational, cultural and sporting activities</CodeText>
      </CodeTextGrp>
    </Code>
    <Code id="urn:ssb:code:stabas:3152112-3158160" parentCodeId="urn:ssb:code:stabas:3152110-3157920">
      <CodeValue>93</CodeValue>
      <CodeTextGrp>
        <CodeText xml:lang="nn">Anna personleg tenesteyting</CodeText>
        <CodeText xml:lang="nb">Annen personlig tjenesteyting</CodeText>
        <CodeText xml:lang="en">Other service activities</CodeText>
      </CodeTextGrp>
    </Code>
    <Code id="urn:ssb:code:stabas:3152112-3158188" parentCodeId="urn:ssb:code:stabas:3152110-3158186">
      <CodeValue>95</CodeValue>
      <CodeTextGrp>
        <CodeText xml:lang="nn">Lønna arbeid i private hushald</CodeText>
        <CodeText xml:lang="nb">Lønnet arbeid i private husholdninger</CodeText>
        <CodeText xml:lang="en">Activities of households with employed persons</CodeText>
      </CodeTextGrp>
    </Code>
    <Code id="urn:ssb:code:stabas:3152112-3158200" parentCodeId="urn:ssb:code:stabas:3152110-3158198">
      <CodeValue>99</CodeValue>
      <CodeTextGrp>
        <CodeText xml:lang="nn">Internasjonale organ og organisasjonar</CodeText>
        <CodeText xml:lang="nb">Internasjonale organer og organisasjoner</CodeText>
        <CodeText xml:lang="en">Extra-territorial organizations and bodies</CodeText>
      </CodeTextGrp>
    </Code>
  </Codes>
</Codelist>