<?xml version="1.0" encoding="utf-8"?>
<Codelist xmlns:xsi="http://www.w3.org/2001/XMLSchema-instance" xmlns:xsd="http://www.w3.org/2001/XMLSchema" id="urn:ssb:codelist:stabas:3202105" defaultValidFrom="2004-01-01" defaultValidTo="2004-12-31" lastChangedDate="2008-10-03" parentCodelistId="urn:ssb:codelist:stabas:3202103" isCurrent="false" relationId="urn:ssb:classversion:stabas:3202101" xmlns="http://www.ssb.no/ns/meta/codelist">
  <CodelistMeta>
    <TitleGrp>
      <Title xml:lang="nn">Arbeidsgivaravgiftsone 2004: Vanleg/overgang</Title>
      <Title xml:lang="nb">Arbeidsgiveravgiftssoner 2004: Vanlig/overgang</Title>
      <Title xml:lang="en">Zones of employer's contribution to the National Insurance 2004: Ordinary/transitional rate</Title>
    </TitleGrp>
    <DescriptionGrp>
      <Description xml:lang="nn">Arbeidsgivaravgiftas soneinndeling. Presenterer kommunanes sonetilhøring og avgiftssatsane tilhørande dei ulike sonene.</Description>
      <Description xml:lang="nb">Arbeidsgiveravgiftens sonein
ndeling. Presenterer kommunenes sonetilhørighet og avgiftssatsene tilhørende de ulike sonene.</Description>
      <Description xml:lang="en">Classification of zones of employer's contribution to the National Insurance 2004. Presentation of zones and the municipalities belonging to the different zones.</Description>
    </DescriptionGrp>
    <ContactInformation>
      <Person xmlns="http://www.ssb.no/ns/meta/common">tha</Person>
      <Division xmlns="http://www.ssb.no/ns/meta/common">225</Division>
    </ContactInformation>
    <NoteGrp>
      <Note xml:lang="nn">Innføring av overgangssats i 2004:

Ei gradvis opptrapping av avgifta vart vedteke av Stortinget, jf. B.innst.S.nr. 1 (2003-2004). Dette inneber at arbeidsgivaravgiftssatsen aukar årleg med 1,9 prosentpoeng i sone 3. For sone 4 går satsen årleg opp med 2,2 prosentpoeng. (I 2007 vil satsane i sonene 3 og 4 auke med høvesvis 2 og 2,4 prosentpoeng). Overgangsordninga inneber at private og kommunale verksemder i sonene 3 og 4 ikkje blir kompensert fullt ut av fribeløpet.

Fribeløp: I 2004 er fribeløpet for differensiert arbeidsgivaravgift 270.000 kroner pr. føretak. Dette inneber at arbeidsgivarar i sonene 2-4 framleis betaler dagens arbeidsgivaravgiftssats inntil differansen mellom det føretaket faktisk betaler i avgift og det føretaket ville ha betalt i avgift ved ein full sats på 14,1 prosent, er lik fribeløpet.</Note>
      <Note xml:lang="nb">Innføring av overgangssats i 2004:

En gradvis opptrapping av avgiften ble vedtatt av Stortinget, jf. B.innst.S.nr.1 (2003-2004). Dette innebærer at arbeidsgiveravgiftssatsen økes årlig med 1,9 prosentpoeng i sone 3. For sone 4 økes satsen årlig med 2,2 prosentpoeng. (I 2007 vil satsene i sone 3 og 4 øke med hhv. 2 og 2,4 prosentpoeng). Overgangsordningen vil ha betydning for private og kommunale virksomheter i sonene 3 og 4 som ikke blir kompensert fullt ut av fribeløpet. 

Fribeløp: I 2004 er fribeløpet for differensiert arbeidsgiveravgift 270.000 kroner pr. foretak. Dvs. at arbeidsgivere i sonene 2-4 fortsatt betaler dagens arbeidsgiveravgiftssats inntil differansen mellom det foretaket faktisk betaler i avgift og det foretaket ville ha betalt i avgift ved en full sats på 14,1 prosent, er lik fribeløpet. </Note>
      <Note xml:lang="en">A gradually escalation of the Employer's contribution to the National Insurance is passed by an act of parliament. This implies that the rate increases once a year by 1.9 per cent in zone 3 and 2.2 per cent in zone 4. The transition arrangement implies that private and municipal concerns in zone 2 and 4 will not be fully compensated by the tax-free allowance.

Tax-free allowance: The tax-free allowance for the differentiated Employer's contribution to the National Insurance is NOK 270.000 in 2004. This means that employers in the zones 2-4 is still paying the today's rate until the difference between what the concern really pays and what the concern should have paid with full rate (14.9 per cent) is the same as the tax-free allowance. </Note>
    </NoteGrp>
  </CodelistMeta>
  <Codes>
    <Code id="urn:ssb:code:stabas:3202105-3202121" parentCodeId="urn:ssb:code:stabas:3202103-3202111">
      <CodeValue>1.1</CodeValue>
      <CodeTextGrp>
        <CodeText xml:lang="nn">Vanleg sats</CodeText>
        <CodeText xml:lang="nb">Vanlig sats</CodeText>
        <CodeText xml:lang="en">Ordinary rate</CodeText>
      </CodeTextGrp>
    </Code>
    <Code id="urn:ssb:code:stabas:3202105-3202125" parentCodeId="urn:ssb:code:stabas:3202103-3202111">
      <CodeValue>1.2</CodeValue>
      <CodeTextGrp>
        <CodeText xml:lang="nn">Overgangssats</CodeText>
        <CodeText xml:lang="nb">Overgangssats</CodeText>
        <CodeText xml:lang="en">Transitional rate</CodeText>
      </CodeTextGrp>
    </Code>
    <Code id="urn:ssb:code:stabas:3202105-3202123" parentCodeId="urn:ssb:code:stabas:3202103-3202113">
      <CodeValue>2.1</CodeValue>
      <CodeTextGrp>
        <CodeText xml:lang="nn">Vanleg sats</CodeText>
        <CodeText xml:lang="nb">Vanlig sats</CodeText>
        <CodeText xml:lang="en">Ordinary rate</CodeText>
      </CodeTextGrp>
    </Code>
    <Code id="urn:ssb:code:stabas:3202105-3202127" parentCodeId="urn:ssb:code:stabas:3202103-3202113">
      <CodeValue>2.2</CodeValue>
      <CodeTextGrp>
        <CodeText xml:lang="nn">Overgangssats</CodeText>
        <CodeText xml:lang="nb">Overgangssats</CodeText>
        <CodeText xml:lang="en">Transitional rate</CodeText>
      </CodeTextGrp>
    </Code>
    <Code id="urn:ssb:code:stabas:3202105-3202129" parentCodeId="urn:ssb:code:stabas:3202103-3202115">
      <CodeValue>3.1</CodeValue>
      <CodeTextGrp>
        <CodeText xml:lang="nn">Vanleg sats</CodeText>
        <CodeText xml:lang="nb">Vanlig sats</CodeText>
        <CodeText xml:lang="en">Ordinary rate</CodeText>
      </CodeTextGrp>
    </Code>
    <Code id="urn:ssb:code:stabas:3202105-3202131" parentCodeId="urn:ssb:code:stabas:3202103-3202115">
      <CodeValue>3.2</CodeValue>
      <CodeTextGrp>
        <CodeText xml:lang="nn">Overgangssats</CodeText>
        <CodeText xml:lang="nb">Overgangssats</CodeText>
        <CodeText xml:lang="en">Transitional rate</CodeText>
      </CodeTextGrp>
    </Code>
    <Code id="urn:ssb:code:stabas:3202105-3202133" parentCodeId="urn:ssb:code:stabas:3202103-3202117">
      <CodeValue>4.1</CodeValue>
      <CodeTextGrp>
        <CodeText xml:lang="nn">Vanleg sats</CodeText>
        <CodeText xml:lang="nb">Vanlig sats</CodeText>
        <CodeText xml:lang="en">Ordinary rate</CodeText>
      </CodeTextGrp>
    </Code>
    <Code id="urn:ssb:code:stabas:3202105-3202135" parentCodeId="urn:ssb:code:stabas:3202103-3202117">
      <CodeValue>4.2</CodeValue>
      <CodeTextGrp>
        <CodeText xml:lang="nn">Overgangssats</CodeText>
        <CodeText xml:lang="nb">Overgangssats</CodeText>
        <CodeText xml:lang="en">Transitional rate</CodeText>
      </CodeTextGrp>
    </Code>
    <Code id="urn:ssb:code:stabas:3202105-3202137" parentCodeId="urn:ssb:code:stabas:3202103-3202119">
      <CodeValue>5.1</CodeValue>
      <CodeTextGrp>
        <CodeText xml:lang="nn">Vanleg sats</CodeText>
        <CodeText xml:lang="nb">Vanlig sats</CodeText>
        <CodeText xml:lang="en">Ordinary rate</CodeText>
      </CodeTextGrp>
    </Code>
    <Code id="urn:ssb:code:stabas:3202105-3202139" parentCodeId="urn:ssb:code:stabas:3202103-3202119">
      <CodeValue>5.2</CodeValue>
      <CodeTextGrp>
        <CodeText xml:lang="nn">Overgangssats</CodeText>
        <CodeText xml:lang="nb">Overgangssats</CodeText>
        <CodeText xml:lang="en">Transitional rate</CodeText>
      </CodeTextGrp>
    </Code>
  </Codes>
</Codelist>