<?xml version="1.0" encoding="utf-8"?>
<Codelist xmlns:xsi="http://www.w3.org/2001/XMLSchema-instance" xmlns:xsd="http://www.w3.org/2001/XMLSchema" id="urn:ssb:codelist:stabas:3220375" defaultValidFrom="2003-01-01" defaultValidTo="2003-12-31" lastChangedDate="2009-03-07" parentCodelistId="urn:ssb:codelist:stabas:1474390" isCurrent="false" relationId="urn:ssb:classversion:stabas:1474383" xmlns="http://www.ssb.no/ns/meta/codelist">
  <CodelistMeta>
    <TitleGrp>
      <Title xml:lang="nn">Arbeidsgivaravgiftsone 2003: Alder</Title>
      <Title xml:lang="nb">Arbeidsgiveravgiftssoner 2003: Alder</Title>
      <Title xml:lang="en">Zones of employer's contribution to the National Insurance 2003: Age</Title>
    </TitleGrp>
    <DescriptionGrp>
      <Description xml:lang="nn">Arbeidsgivaravgiftas soneinndeling. Presenterer kommunanes sonetilhøring og avgiftssatsane tilhørande dei ulike sonene.</Description>
      <Description xml:lang="nb">Arbeidsgiveravgiftens soneinndeling. Presenterer kommunenes sonetilhørighet og avgiftssatsene tilhørende de ulike sonene.</Description>
      <Description xml:lang="en">Presentation of zones of employer¿s contributions to the National Insurance and the municipalities belonging to the different zones.</Description>
    </DescriptionGrp>
    <ContactInformation>
      <Person xmlns="http://www.ssb.no/ns/meta/common">tha</Person>
      <Division xmlns="http://www.ssb.no/ns/meta/common">225</Division>
    </ContactInformation>
    <NoteGrp>
      <Note xml:lang="nn">Frå 1. juli 2002 vart det innført eigne satsar for arbeidstakarar som er fylt 62 år og som er
skattepliktige etter skattelovens §3-1:

01.07.2002 Skifta kommunen 0701 Borre navn til Horten (avgiftssone 1).</Note>
      <Note xml:lang="nb">Fra 1. juli 2002 ble det innført egne satser for arbeidstakere som er fylt 62 år og som er
skattepliktige etter skattelovens §3-1

01.07.2002 Skiftet kommunen 0701 Borre navn til Horten (avgiftssone 1).</Note>
      <Note xml:lang="en">01.07.2002 new rates were introduced for employees who are 62 years and older and who are obligated to pay taxes by the Norwegian Tax Act §3-1: 

01.07.2002: 0701 Borre changed it's named to Horten (zone 1).</Note>
    </NoteGrp>
  </CodelistMeta>
  <Codes>
    <Code id="urn:ssb:code:stabas:3220375-3220379" parentCodeId="urn:ssb:code:stabas:1474390-1474392">
      <CodeValue>1.1</CodeValue>
      <CodeTextGrp>
        <CodeText xml:lang="nn">Under 62 år</CodeText>
        <CodeText xml:lang="nb">Under 62 år</CodeText>
        <CodeText xml:lang="en">Younger than 62 years</CodeText>
      </CodeTextGrp>
    </Code>
    <Code id="urn:ssb:code:stabas:3220375-3222101" parentCodeId="urn:ssb:code:stabas:1474390-1474392">
      <CodeValue>1.2</CodeValue>
      <CodeTextGrp>
        <CodeText xml:lang="nn">Over 62 år</CodeText>
        <CodeText xml:lang="nb">Over 62 år</CodeText>
        <CodeText xml:lang="en">62 years and older</CodeText>
      </CodeTextGrp>
    </Code>
    <Code id="urn:ssb:code:stabas:3220375-3222105" parentCodeId="urn:ssb:code:stabas:1474390-1474394">
      <CodeValue>2.1</CodeValue>
      <CodeTextGrp>
        <CodeText xml:lang="nn">Under 62 år</CodeText>
        <CodeText xml:lang="nb">Under 62 år</CodeText>
        <CodeText xml:lang="en">Younger than 62 years</CodeText>
      </CodeTextGrp>
    </Code>
    <Code id="urn:ssb:code:stabas:3220375-3222113" parentCodeId="urn:ssb:code:stabas:1474390-1474394">
      <CodeValue>2.2</CodeValue>
      <CodeTextGrp>
        <CodeText xml:lang="nn">Over 62 år</CodeText>
        <CodeText xml:lang="nb">Over 62 år</CodeText>
        <CodeText xml:lang="en">62 years and older</CodeText>
      </CodeTextGrp>
    </Code>
    <Code id="urn:ssb:code:stabas:3220375-3224101" parentCodeId="urn:ssb:code:stabas:1474390-1474396">
      <CodeValue>3.1</CodeValue>
      <CodeTextGrp>
        <CodeText xml:lang="nn">Under 62  år</CodeText>
        <CodeText xml:lang="nb">Under 62  år</CodeText>
        <CodeText xml:lang="en">Younger than 62 years</CodeText>
      </CodeTextGrp>
    </Code>
    <Code id="urn:ssb:code:stabas:3220375-3224105" parentCodeId="urn:ssb:code:stabas:1474390-1474396">
      <CodeValue>3.2</CodeValue>
      <CodeTextGrp>
        <CodeText xml:lang="nn">Over 62 år</CodeText>
        <CodeText xml:lang="nb">Over 62 år</CodeText>
        <CodeText xml:lang="en">Older than 62 years</CodeText>
      </CodeTextGrp>
    </Code>
    <Code id="urn:ssb:code:stabas:3220375-3224111" parentCodeId="urn:ssb:code:stabas:1474390-1474398">
      <CodeValue>4.1</CodeValue>
      <CodeTextGrp>
        <CodeText xml:lang="nn">Under 62 år</CodeText>
        <CodeText xml:lang="nb">Under 62 år</CodeText>
        <CodeText xml:lang="en">Younger than 62 years</CodeText>
      </CodeTextGrp>
    </Code>
    <Code id="urn:ssb:code:stabas:3220375-3224113" parentCodeId="urn:ssb:code:stabas:1474390-1474398">
      <CodeValue>4.2</CodeValue>
      <CodeTextGrp>
        <CodeText xml:lang="nn">Over 62 år</CodeText>
        <CodeText xml:lang="nb">Over 62 år</CodeText>
        <CodeText xml:lang="en">Older than 62 years</CodeText>
      </CodeTextGrp>
    </Code>
    <Code id="urn:ssb:code:stabas:3220375-3224119" parentCodeId="urn:ssb:code:stabas:1474390-1474400">
      <CodeValue>5.1</CodeValue>
      <CodeTextGrp>
        <CodeText xml:lang="nn">Under 62 år</CodeText>
        <CodeText xml:lang="nb">Under 62 år</CodeText>
        <CodeText xml:lang="en">Younger than 62 years</CodeText>
      </CodeTextGrp>
    </Code>
    <Code id="urn:ssb:code:stabas:3220375-3224121" parentCodeId="urn:ssb:code:stabas:1474390-1474400">
      <CodeValue>5.2</CodeValue>
      <CodeTextGrp>
        <CodeText xml:lang="nn">Over 62 år</CodeText>
        <CodeText xml:lang="nb">Over 62 år</CodeText>
        <CodeText xml:lang="en">Older than 62 years</CodeText>
      </CodeTextGrp>
    </Code>
  </Codes>
</Codelist>