<?xml version="1.0" encoding="utf-8"?>
<Codelist xmlns:xsi="http://www.w3.org/2001/XMLSchema-instance" xmlns:xsd="http://www.w3.org/2001/XMLSchema" id="urn:ssb:codelist:stabas:3242104" defaultValidFrom="2004-01-01" defaultValidTo="2010-12-31" lastChangedDate="2011-02-17" isCurrent="false" relationId="urn:ssb:classversion:stabas:3242102" xmlns="http://www.ssb.no/ns/meta/codelist">
  <CodelistMeta>
    <TitleGrp>
      <Title xml:lang="nn">Regionale spesialkodar 2004: Spesialkodar 2-siffer</Title>
      <Title xml:lang="nb">Regionale spesialkoder 2004: Spesialkoder 2-siffer</Title>
      <Title xml:lang="en">Regional special codes 2004: Special codes 2-figure</Title>
    </TitleGrp>
    <DescriptionGrp>
      <Description xml:lang="nn">Regionale spesialkodar er kodar som vert nytta av ulike seksjonar for å  fordele heile datamaterialet i ein populasjon regionalt.</Description>
      <Description xml:lang="nb">Regional spesialkoder er koder som benyttes av ulike seksjoner for å få fordelt hele datamaterialet i en populasjon regionalt.</Description>
      <Description xml:lang="en">Regional special codes are codes which are used by different divisions in Statistics Norway in order to distribute all the data regionally.</Description>
    </DescriptionGrp>
    <ContactInformation>
      <Person xmlns="http://www.ssb.no/ns/meta/common">hhe</Person>
      <Division xmlns="http://www.ssb.no/ns/meta/common">320</Division>
    </ContactInformation>
    <NoteGrp>
      <Note xml:lang="nn">Ikkje relevant</Note>
      <Note xml:lang="nb">Ikke relevant</Note>
      <Note xml:lang="en">Not relevant</Note>
    </NoteGrp>
  </CodelistMeta>
  <Codes>
    <Code id="urn:ssb:code:stabas:3242104-3242108">
      <CodeValue>21</CodeValue>
      <CodeTextGrp>
        <CodeText xml:lang="nn">Svalbard</CodeText>
        <CodeText xml:lang="nb">Svalbard</CodeText>
        <CodeText xml:lang="en">Svalbard</CodeText>
      </CodeTextGrp>
    </Code>
    <Code id="urn:ssb:code:stabas:3242104-3242118">
      <CodeValue>22</CodeValue>
      <CodeTextGrp>
        <CodeText xml:lang="nn">Jan Mayen</CodeText>
        <CodeText xml:lang="nb">Jan Mayen</CodeText>
        <CodeText xml:lang="en">Jan Mayen</CodeText>
      </CodeTextGrp>
    </Code>
    <Code id="urn:ssb:code:stabas:3242104-3242122">
      <CodeValue>23</CodeValue>
      <CodeTextGrp>
        <CodeText xml:lang="nn">Kontinentalsokkelen</CodeText>
        <CodeText xml:lang="nb">Kontinentalsokkelen</CodeText>
        <CodeText xml:lang="en">The continental shelf</CodeText>
      </CodeTextGrp>
    </Code>
    <Code id="urn:ssb:code:stabas:3242104-3242130">
      <CodeValue>24</CodeValue>
      <CodeTextGrp>
        <CodeText xml:lang="nn">Luftrommet</CodeText>
        <CodeText xml:lang="nb">Luftrommet</CodeText>
        <CodeText xml:lang="en">The air space</CodeText>
      </CodeTextGrp>
    </Code>
    <Code id="urn:ssb:code:stabas:3242104-3242138">
      <CodeValue>25</CodeValue>
      <CodeTextGrp>
        <CodeText xml:lang="nn">Utlandet</CodeText>
        <CodeText xml:lang="nb">Utlandet</CodeText>
        <CodeText xml:lang="en">Foreign countries</CodeText>
      </CodeTextGrp>
    </Code>
    <Code id="urn:ssb:code:stabas:3242104-3242144">
      <CodeValue>26</CodeValue>
      <CodeTextGrp>
        <CodeText xml:lang="nn">Havområde</CodeText>
        <CodeText xml:lang="nb">Havområder</CodeText>
        <CodeText xml:lang="en">Ocean areas</CodeText>
      </CodeTextGrp>
    </Code>
    <Code id="urn:ssb:code:stabas:3242104-3242152">
      <CodeValue>27</CodeValue>
      <CodeTextGrp>
        <CodeText xml:lang="nn">Norske biland</CodeText>
        <CodeText xml:lang="nb">Norske biland</CodeText>
        <CodeText xml:lang="en">Norwegian dependencies</CodeText>
      </CodeTextGrp>
    </Code>
    <Code id="urn:ssb:code:stabas:3242104-3242156">
      <CodeValue>28</CodeValue>
      <CodeTextGrp>
        <CodeText xml:lang="nn">Ekstrafylke</CodeText>
        <CodeText xml:lang="nb">Ekstrafylke</CodeText>
        <CodeText xml:lang="en">Extra region</CodeText>
      </CodeTextGrp>
      <DescriptionGrp>
        <Description xml:lang="nb">Virksomhet som ikke kan knyttes til noe bestemt fylke, legges til et konstruert "ekstra" fylke. Ekstrafylket omfatter virksomheten på Svalbard, på kontinentalsokkelen, militære baser i utlandet, ambassader o.l.  Denne kategorien brukes i fylkesfordelt nasjonalregnskap.
</Description>
      </DescriptionGrp>
    </Code>
  </Codes>
</Codelist>