<?xml version="1.0" encoding="utf-8"?>
<Codelist xmlns:xsi="http://www.w3.org/2001/XMLSchema-instance" xmlns:xsd="http://www.w3.org/2001/XMLSchema" id="urn:ssb:codelist:stabas:380712" defaultValidFrom="1998-09-01" defaultValidTo="2010-12-31" lastChangedDate="2011-08-09" parentCodelistId="urn:ssb:codelist:stabas:380710" isCurrent="false" relationId="urn:ssb:classversion:stabas:380703" xmlns="http://www.ssb.no/ns/meta/codelist">
  <CodelistMeta>
    <TitleGrp>
      <Title xml:lang="nn">Standard for yrkesgrupperingar  (STYRK98): Yrkesgrupper</Title>
      <Title xml:lang="nb">Standard for yrkesklassifisering  (STYRK98): Yrkesgrupper</Title>
      <Title xml:lang="en">Standard classification of occupations  (STYRK98): Minor</Title>
    </TitleGrp>
    <DescriptionGrp>
      <Description xml:lang="nn">Standarden er basert på den internasjonale standarden for yrkesklassifisering
som ILO har utarbeidd (International Standard Classification of Occupations -
ISCO 88). EU har utarbeidd versjonen (ISCO-88(COM)) som er
grunnlaget for den norske standarden. Standarden skal erstatte Nordisk
Yrkesklassifisering (NYK).Standard for yrkesklassifisering er laga for bruk i offisiell norsk statistikk og vil også vere eit viktig verktøy innan arbeidsformidling og yrkesrettleiing.
Under arbeidet med den norske standarden er begge
typar brukarbehov teke omnsyn til. Ettersom ISCO-88(COM) i utgangspunktet
er utvikla som ein statistisk standard, vil nok framleis dei statistiske behova vere dei som 
vert best teke vare på. Arbeidsmarknads-etaten vil arbeide vidare med ei
inndeling av yrke for å dekkje behova som er knytte til formidlingsarbeidet. Det
inneber at nokre yrke kan ha ei finare inndeling, på 5-6 siffernivå, andre yrke
grovare, på 2-3 siffernivå. Inndelinga vil likevel følgje ISCO-88(COM).</Description>
      <Description xml:lang="nb">Standarden er basert på den internasjonale standarden for yrkesklassifisering
som ILO har utarbeidet (International Standard Classification of Occupations -
ISCO 88). EU har utarbeidet en versjon av denne (ISCO-88(COM)) som danner
grunnlaget for den norske standarden. Standarden skal erstatte Nordisk
Yrkesklassifisering (NYK).Standard for yrkesklassifisering er beregnet for bruk i offisiell norsk statistikk og vil også være et viktig verktøy innen arbeidsformidling og yrkesrettledning.
Under arbeidet med den norske standarden er begge
typer brukerbehov tatt hensyn til. Ettersom ISCO-88(COM) i utgangspunktet
er utviklet som en statistisk standard, vil nok fortsatt de statistiske behovene
være best ivaretatt. Arbeidsmarkeds-etaten vil arbeide videre med en
inndeling av yrker for å dekke sine behov knyttet til formidlingsarbeidet. Det
betyr at noen yrker vil kunne deles inn finere, på 5-6 siffernivå, andre yrker
grovere, på 2-3 siffernivå. Inndelingen vil imidlertid følge ISCO-88(COM).</Description>
      <Description xml:lang="en">The standard is based on the International Standard Classification of
Occupations - ISCO-88, prepared by ILO. The EU has developed a version of this
standard (ISCO-88(COM)), which is the basis for the Norwegian standard. The
Norwegian standard will be replacing the Nordic Classification of Occupations
(NYK).The standard classification of occupations is designed for official statistics of
Norway, and will also be instrumental in labour exchange and vocational
guidance. When developing the Norwegian standard, both these needs are considered. Since
ISCO-88(COM) from the beginning was developed for statistical purposes, the
statistical needs probably are better met than the needs in the labour
exchange area. However, the Labour Market Administration will continue to
develop a classification of occupations, in order to satisfy the needs in the
field of labour exchange. This means that some occupations will be classified
by 5-6 digits, while others have 2-3 digits. This classification will comply with the
ISCO-88(COM) standards.</Description>
    </DescriptionGrp>
    <ContactInformation>
      <Person xmlns="http://www.ssb.no/ns/meta/common">iha</Person>
      <Division xmlns="http://www.ssb.no/ns/meta/common">260</Division>
    </ContactInformation>
    <NoteGrp>
      <Note xml:lang="nn">Klassifikasjonsprinsippet i denne er heilt forskjellig frå den tidlegare versjonen, t.d. inngår kompetanse som ein viktig del av STYRK, mens den tidlegare versjonen var meir bransjeorientert.</Note>
      <Note xml:lang="nb">Klassifikasjonsprinsippet i denne er helt forskjellig fra den tidligere versjonen, f.eks. inngår kompetanse som en viktig del av STYRK, mens den tidligere versjonen var mer bransjeorientert.</Note>
      <Note xml:lang="en">The classification principle in this version is quite different from the previous one. In this version skill is the main classification principle, while the previous one was based on activity units.</Note>
    </NoteGrp>
  </CodelistMeta>
  <Codes>
    <Code id="urn:ssb:code:stabas:380712-380720" parentCodeId="urn:ssb:code:stabas:380710-380718">
      <CodeValue>000</CodeValue>
      <CodeTextGrp>
        <CodeText xml:lang="nn">Uoppgjevne eller yrke som ikkje kan identifiserast</CodeText>
        <CodeText xml:lang="nb">Uoppgitt eller yrker som ikke kan identifiseres</CodeText>
        <CodeText xml:lang="en">Unspecified or unidentified occupations</CodeText>
      </CodeTextGrp>
    </Code>
    <Code id="urn:ssb:code:stabas:380712-380726" parentCodeId="urn:ssb:code:stabas:380710-380724">
      <CodeValue>011</CodeValue>
      <CodeTextGrp>
        <CodeText xml:lang="nn">Militære yrke</CodeText>
        <CodeText xml:lang="nb">Militære yrker</CodeText>
        <CodeText xml:lang="en">Armed forces</CodeText>
      </CodeTextGrp>
    </Code>
    <Code id="urn:ssb:code:stabas:380712-380738" parentCodeId="urn:ssb:code:stabas:380710-380736">
      <CodeValue>111</CodeValue>
      <CodeTextGrp>
        <CodeText xml:lang="nn">Politikarar</CodeText>
        <CodeText xml:lang="nb">Politikere</CodeText>
        <CodeText xml:lang="en">Legislators</CodeText>
      </CodeTextGrp>
    </Code>
    <Code id="urn:ssb:code:stabas:380712-380742" parentCodeId="urn:ssb:code:stabas:380710-380736">
      <CodeValue>112</CodeValue>
      <CodeTextGrp>
        <CodeText xml:lang="nn">Toppleiarar i offentleg administrasjon</CodeText>
        <CodeText xml:lang="nb">Toppledere i offentlig administrasjon</CodeText>
        <CodeText xml:lang="en">Senior government officials</CodeText>
      </CodeTextGrp>
    </Code>
    <Code id="urn:ssb:code:stabas:380712-380746" parentCodeId="urn:ssb:code:stabas:380710-380736">
      <CodeValue>114</CodeValue>
      <CodeTextGrp>
        <CodeText xml:lang="nn">Leiarar i interesseorganisasjonar</CodeText>
        <CodeText xml:lang="nb">Ledere i interesseorganisasjoner</CodeText>
        <CodeText xml:lang="en">Senior officials of interest organisations</CodeText>
      </CodeTextGrp>
    </Code>
    <Code id="urn:ssb:code:stabas:380712-380756" parentCodeId="urn:ssb:code:stabas:380710-380754">
      <CodeValue>121</CodeValue>
      <CodeTextGrp>
        <CodeText xml:lang="nn">Administrerande direktørar</CodeText>
        <CodeText xml:lang="nb">Administrerende direktører</CodeText>
        <CodeText xml:lang="en">Directors and chief executives</CodeText>
      </CodeTextGrp>
    </Code>
    <Code id="urn:ssb:code:stabas:380712-380760" parentCodeId="urn:ssb:code:stabas:380710-380754">
      <CodeValue>122</CodeValue>
      <CodeTextGrp>
        <CodeText xml:lang="nn">Produksjonsdirektørar</CodeText>
        <CodeText xml:lang="nb">Produksjonsdirektører</CodeText>
        <CodeText xml:lang="en">Production and operations department managers</CodeText>
      </CodeTextGrp>
    </Code>
    <Code id="urn:ssb:code:stabas:380712-380782" parentCodeId="urn:ssb:code:stabas:380710-380754">
      <CodeValue>123</CodeValue>
      <CodeTextGrp>
        <CodeText xml:lang="nn">Spesialdirektørar</CodeText>
        <CodeText xml:lang="nb">Spesialdirektører</CodeText>
        <CodeText xml:lang="en">Other department managers</CodeText>
      </CodeTextGrp>
    </Code>
    <Code id="urn:ssb:code:stabas:380712-380902" parentCodeId="urn:ssb:code:stabas:380710-380800">
      <CodeValue>131</CodeValue>
      <CodeTextGrp>
        <CodeText xml:lang="nn">Leiarar i små føretak</CodeText>
        <CodeText xml:lang="nb">Ledere av små bedrifter</CodeText>
        <CodeText xml:lang="en">General managers of small enterprises</CodeText>
      </CodeTextGrp>
    </Code>
    <Code id="urn:ssb:code:stabas:380712-380928" parentCodeId="urn:ssb:code:stabas:380710-380926">
      <CodeValue>211</CodeValue>
      <CodeTextGrp>
        <CodeText xml:lang="nn">Fysikarar, kjemikarar og tilsvarande yrke</CodeText>
        <CodeText xml:lang="nb">Fysikere, kjemikere og tilsvarende yrker</CodeText>
        <CodeText xml:lang="en">Physicists, chemists and related professionals</CodeText>
      </CodeTextGrp>
    </Code>
    <Code id="urn:ssb:code:stabas:380712-380938" parentCodeId="urn:ssb:code:stabas:380710-380926">
      <CodeValue>212</CodeValue>
      <CodeTextGrp>
        <CodeText xml:lang="nn">Matematikarar, statistikarar og tilsvarande yrke</CodeText>
        <CodeText xml:lang="nb">Matematikere, statistikere og tilsvarende yrker</CodeText>
        <CodeText xml:lang="en">Mathematicians, statisticians and related professionals</CodeText>
      </CodeTextGrp>
    </Code>
    <Code id="urn:ssb:code:stabas:380712-380944" parentCodeId="urn:ssb:code:stabas:380710-380926">
      <CodeValue>213</CodeValue>
      <CodeTextGrp>
        <CodeText xml:lang="nn">Systemanalytikarar og programmerarar</CodeText>
        <CodeText xml:lang="nb">Systemutviklere og programmerere</CodeText>
        <CodeText xml:lang="en">Computer systems designers and computer programmers</CodeText>
      </CodeTextGrp>
    </Code>
    <Code id="urn:ssb:code:stabas:380712-380948" parentCodeId="urn:ssb:code:stabas:380710-380926">
      <CodeValue>214</CodeValue>
      <CodeTextGrp>
        <CodeText xml:lang="nn">Sivilarkitektar, sivilingeniørar og tilsvarande yrke</CodeText>
        <CodeText xml:lang="nb">Sivilarkitekter, sivilingeniører og tilsvarende yrker</CodeText>
        <CodeText xml:lang="en">Architects, engineers and related professionals</CodeText>
      </CodeTextGrp>
    </Code>
    <Code id="urn:ssb:code:stabas:380712-380970" parentCodeId="urn:ssb:code:stabas:380710-380968">
      <CodeValue>221</CodeValue>
      <CodeTextGrp>
        <CodeText xml:lang="nn">Biologiske yrke m.fl.</CodeText>
        <CodeText xml:lang="nb">Biologiske yrker mfl.</CodeText>
        <CodeText xml:lang="en">Life science professionals</CodeText>
      </CodeTextGrp>
    </Code>
    <Code id="urn:ssb:code:stabas:380712-380976" parentCodeId="urn:ssb:code:stabas:380710-380968">
      <CodeValue>222</CodeValue>
      <CodeTextGrp>
        <CodeText xml:lang="nn">Medisinske yrke</CodeText>
        <CodeText xml:lang="nb">Medisinske yrker</CodeText>
        <CodeText xml:lang="en">Health professionals</CodeText>
      </CodeTextGrp>
    </Code>
    <Code id="urn:ssb:code:stabas:380712-380988" parentCodeId="urn:ssb:code:stabas:380710-380968">
      <CodeValue>223</CodeValue>
      <CodeTextGrp>
        <CodeText xml:lang="nn">Spesialsjukepleiarar og jordmødrer</CodeText>
        <CodeText xml:lang="nb">Spesialsykepleiere og jordmødre</CodeText>
        <CodeText xml:lang="en">Nursing and midwifery professionals</CodeText>
      </CodeTextGrp>
    </Code>
    <Code id="urn:ssb:code:stabas:380712-380994" parentCodeId="urn:ssb:code:stabas:380710-380992">
      <CodeValue>231</CodeValue>
      <CodeTextGrp>
        <CodeText xml:lang="nn">Universitets- og høgskulelektorar/-lærarar</CodeText>
        <CodeText xml:lang="nb">Universitets- og høyskolelektorer/-lærere</CodeText>
        <CodeText xml:lang="en">College, university and higher education teaching professionals</CodeText>
      </CodeTextGrp>
    </Code>
    <Code id="urn:ssb:code:stabas:380712-380998" parentCodeId="urn:ssb:code:stabas:380710-380992">
      <CodeValue>232</CodeValue>
      <CodeTextGrp>
        <CodeText xml:lang="nn">Lektorar og adjunktar i vidaregåande skule</CodeText>
        <CodeText xml:lang="nb">Lektorer og adjunkter i videregående skole</CodeText>
        <CodeText xml:lang="en">Secondary education teaching professionals</CodeText>
      </CodeTextGrp>
    </Code>
    <Code id="urn:ssb:code:stabas:380712-381102" parentCodeId="urn:ssb:code:stabas:380710-380992">
      <CodeValue>234</CodeValue>
      <CodeTextGrp>
        <CodeText xml:lang="nn">Spesiallærarar/spesialpedagogar</CodeText>
        <CodeText xml:lang="nb">Spesiallærere/spesialpedagoger</CodeText>
        <CodeText xml:lang="en">Special education teaching professionals</CodeText>
      </CodeTextGrp>
    </Code>
    <Code id="urn:ssb:code:stabas:380712-381106" parentCodeId="urn:ssb:code:stabas:380710-380992">
      <CodeValue>235</CodeValue>
      <CodeTextGrp>
        <CodeText xml:lang="nn">Andre pedagogiske yrke som krev minst 4 års universitets - eller høgskuleutdanning</CodeText>
        <CodeText xml:lang="nb">Andre pedagogiske yrker som krever minst 4 års universitets- eller høyskoleutdanning</CodeText>
        <CodeText xml:lang="en">Other teaching professionals</CodeText>
      </CodeTextGrp>
    </Code>
    <Code id="urn:ssb:code:stabas:380712-381116" parentCodeId="urn:ssb:code:stabas:380710-381114">
      <CodeValue>241</CodeValue>
      <CodeTextGrp>
        <CodeText xml:lang="nn">Økonomisk, samfunnsfagleg, juridisk, teknisk og naturvitskapleg utreiing og planlegging</CodeText>
        <CodeText xml:lang="nb">Yrker innen økonomisk, samfunnsvitenskapelig, juridisk, teknisk, naturvitenskapelig mv. planlegging og utredning</CodeText>
        <CodeText xml:lang="en">Social, juridical, technical and scientific deliberation and planning</CodeText>
      </CodeTextGrp>
    </Code>
    <Code id="urn:ssb:code:stabas:380712-381128" parentCodeId="urn:ssb:code:stabas:380710-381126">
      <CodeValue>251</CodeValue>
      <CodeTextGrp>
        <CodeText xml:lang="nn">Rekneskap-, personal- og rådgjevingsyrke</CodeText>
        <CodeText xml:lang="nb">Regnskaps-, personal- og rådgivningsyrker</CodeText>
        <CodeText xml:lang="en">Business professionals</CodeText>
      </CodeTextGrp>
    </Code>
    <Code id="urn:ssb:code:stabas:380712-381136" parentCodeId="urn:ssb:code:stabas:380710-381126">
      <CodeValue>252</CodeValue>
      <CodeTextGrp>
        <CodeText xml:lang="nn">Juridiske yrke</CodeText>
        <CodeText xml:lang="nb">Juridiske yrker</CodeText>
        <CodeText xml:lang="en">Legal professionals</CodeText>
      </CodeTextGrp>
    </Code>
    <Code id="urn:ssb:code:stabas:380712-381144" parentCodeId="urn:ssb:code:stabas:380710-381126">
      <CodeValue>253</CodeValue>
      <CodeTextGrp>
        <CodeText xml:lang="nn">Konservatorar, universitetsbibliotekarar o.l.</CodeText>
        <CodeText xml:lang="nb">Konservatorer, universitetsbibliotekarer o.l.</CodeText>
        <CodeText xml:lang="en">Curators, librarians and related professionals</CodeText>
      </CodeTextGrp>
    </Code>
    <Code id="urn:ssb:code:stabas:380712-381150" parentCodeId="urn:ssb:code:stabas:380710-381126">
      <CodeValue>254</CodeValue>
      <CodeTextGrp>
        <CodeText xml:lang="nn">Samfunnsfaglege, humanistiske og økonomiske yrke</CodeText>
        <CodeText xml:lang="nb">Samfunnsfaglige, humanistiske og økonomiske yrker</CodeText>
        <CodeText xml:lang="en">Social science and related professionals</CodeText>
      </CodeTextGrp>
    </Code>
    <Code id="urn:ssb:code:stabas:380712-381162" parentCodeId="urn:ssb:code:stabas:380710-381126">
      <CodeValue>255</CodeValue>
      <CodeTextGrp>
        <CodeText xml:lang="nn">Forfattarar, skribentar, skapande og utøvande kunstnarar</CodeText>
        <CodeText xml:lang="nb">Forfattere, skribenter, skapende og utøvende kunstnere</CodeText>
        <CodeText xml:lang="en">Writers and creative or performing artists</CodeText>
      </CodeTextGrp>
    </Code>
    <Code id="urn:ssb:code:stabas:380712-381174" parentCodeId="urn:ssb:code:stabas:380710-381126">
      <CodeValue>256</CodeValue>
      <CodeTextGrp>
        <CodeText xml:lang="nn">Geistlige yrke</CodeText>
        <CodeText xml:lang="nb">Geistlige yrker</CodeText>
        <CodeText xml:lang="en">Religious professionals</CodeText>
      </CodeTextGrp>
    </Code>
    <Code id="urn:ssb:code:stabas:380712-381182" parentCodeId="urn:ssb:code:stabas:380710-381180">
      <CodeValue>311</CodeValue>
      <CodeTextGrp>
        <CodeText xml:lang="nn">Ingeniørar og teknikarar</CodeText>
        <CodeText xml:lang="nb">Ingeniører og teknikere</CodeText>
        <CodeText xml:lang="en">Engineering science technicians</CodeText>
      </CodeTextGrp>
    </Code>
    <Code id="urn:ssb:code:stabas:380712-381198" parentCodeId="urn:ssb:code:stabas:380710-381180">
      <CodeValue>312</CodeValue>
      <CodeTextGrp>
        <CodeText xml:lang="nn">Dataingeniørar og -teknikarar</CodeText>
        <CodeText xml:lang="nb">Dataingeniører og -teknikere</CodeText>
        <CodeText xml:lang="en">Computer associate professionals</CodeText>
      </CodeTextGrp>
    </Code>
    <Code id="urn:ssb:code:stabas:380712-381302" parentCodeId="urn:ssb:code:stabas:380710-381180">
      <CodeValue>313</CodeValue>
      <CodeTextGrp>
        <CodeText xml:lang="nn">Operatørar av optisk og elektronisk lyd- og biletutstyr</CodeText>
        <CodeText xml:lang="nb">Operatører av optisk og elektronisk lyd- og billedutstyr</CodeText>
        <CodeText xml:lang="en">Optical and electronic equipment operators</CodeText>
      </CodeTextGrp>
    </Code>
    <Code id="urn:ssb:code:stabas:380712-381310" parentCodeId="urn:ssb:code:stabas:380710-381180">
      <CodeValue>314</CodeValue>
      <CodeTextGrp>
        <CodeText xml:lang="nn">Maskinoffiserar, dekksoffiserar, flygarar, flygeleiarar o.l.</CodeText>
        <CodeText xml:lang="nb">Skipsmaskinister, maskinoffiserer, dekksoffiserer, flygere, flygeledere o.l.</CodeText>
        <CodeText xml:lang="en">Ship and aircraft controllers and technicians</CodeText>
      </CodeTextGrp>
    </Code>
    <Code id="urn:ssb:code:stabas:380712-381320" parentCodeId="urn:ssb:code:stabas:380710-381180">
      <CodeValue>315</CodeValue>
      <CodeTextGrp>
        <CodeText xml:lang="nn">Brann- og tryggleiksinspektørar</CodeText>
        <CodeText xml:lang="nb">Brann- og sikkerhetsinspektører</CodeText>
        <CodeText xml:lang="en">Fire and safety inspectors</CodeText>
      </CodeTextGrp>
    </Code>
    <Code id="urn:ssb:code:stabas:380712-381328" parentCodeId="urn:ssb:code:stabas:380710-381326">
      <CodeValue>321</CodeValue>
      <CodeTextGrp>
        <CodeText xml:lang="nn">Biologiteknikarar m.fl.</CodeText>
        <CodeText xml:lang="nb">Biologiteknikere mfl.</CodeText>
        <CodeText xml:lang="en">Life science technicians and related associate professionals</CodeText>
      </CodeTextGrp>
    </Code>
    <Code id="urn:ssb:code:stabas:380712-381336" parentCodeId="urn:ssb:code:stabas:380710-381326">
      <CodeValue>322</CodeValue>
      <CodeTextGrp>
        <CodeText xml:lang="nn">Høgskuleyrke innan medisin o.l. (unnateke syke- og vernepleiarar)</CodeText>
        <CodeText xml:lang="nb">Høyskoleyrker innen medisin o.l. (unntatt syke- og vernepleiere)</CodeText>
        <CodeText xml:lang="en">Modern health associate professionals (except nursing)</CodeText>
      </CodeTextGrp>
    </Code>
    <Code id="urn:ssb:code:stabas:380712-381356" parentCodeId="urn:ssb:code:stabas:380710-381326">
      <CodeValue>323</CodeValue>
      <CodeTextGrp>
        <CodeText xml:lang="nn">Sjukepleiarar og vernepleiarar</CodeText>
        <CodeText xml:lang="nb">Sykepleiere og vernepleiere</CodeText>
        <CodeText xml:lang="en">Nursery and Registered Nurses for the Mentally Subnormal (RNMS)</CodeText>
      </CodeTextGrp>
    </Code>
    <Code id="urn:ssb:code:stabas:380712-381364" parentCodeId="urn:ssb:code:stabas:380710-381362">
      <CodeValue>331</CodeValue>
      <CodeTextGrp>
        <CodeText xml:lang="nn">Grunnskulelærarar</CodeText>
        <CodeText xml:lang="nb">Grunnskolelærere</CodeText>
        <CodeText xml:lang="en">Primary education teaching associate professionals</CodeText>
      </CodeTextGrp>
    </Code>
    <Code id="urn:ssb:code:stabas:380712-381368" parentCodeId="urn:ssb:code:stabas:380710-381362">
      <CodeValue>332</CodeValue>
      <CodeTextGrp>
        <CodeText xml:lang="nn">Førskulelærarar</CodeText>
        <CodeText xml:lang="nb">Førskolelærere</CodeText>
        <CodeText xml:lang="en">Pre-primary education teaching associate professionals</CodeText>
      </CodeTextGrp>
    </Code>
    <Code id="urn:ssb:code:stabas:380712-381372" parentCodeId="urn:ssb:code:stabas:380710-381362">
      <CodeValue>334</CodeValue>
      <CodeTextGrp>
        <CodeText xml:lang="nn">Yrkesfaglærarar og andre yrke innan undervising og pedagogisk arbeid</CodeText>
        <CodeText xml:lang="nb">Yrkesfaglærere, faglærere og andre yrker innen undervisning og pedagogisk arbeid </CodeText>
        <CodeText xml:lang="en">Technical and subject teaching and other teaching associate and pedagogical professionals</CodeText>
      </CodeTextGrp>
    </Code>
    <Code id="urn:ssb:code:stabas:380712-381380" parentCodeId="urn:ssb:code:stabas:380710-381378">
      <CodeValue>341</CodeValue>
      <CodeTextGrp>
        <CodeText xml:lang="nn">Funksjonærer innan finansvesen og sal</CodeText>
        <CodeText xml:lang="nb">Funksjonærer innen finansvesen og salg</CodeText>
        <CodeText xml:lang="en">Finance and sales associate professionals</CodeText>
      </CodeTextGrp>
    </Code>
    <Code id="urn:ssb:code:stabas:380712-381400" parentCodeId="urn:ssb:code:stabas:380710-381378">
      <CodeValue>342</CodeValue>
      <CodeTextGrp>
        <CodeText xml:lang="nn">Forretningsmeklarar, formidlare m.fl.</CodeText>
        <CodeText xml:lang="nb">Forretningmeglere, formidlere mfl.</CodeText>
        <CodeText xml:lang="en">Business services agents and employment agents</CodeText>
      </CodeTextGrp>
    </Code>
    <Code id="urn:ssb:code:stabas:380712-381510" parentCodeId="urn:ssb:code:stabas:380710-381378">
      <CodeValue>343</CodeValue>
      <CodeTextGrp>
        <CodeText xml:lang="nn">Funksjonærer innan økonomi og administrasjon</CodeText>
        <CodeText xml:lang="nb">Funksjonærer innen økonomi og administrasjon</CodeText>
        <CodeText xml:lang="en">Administrative and economic associate professionals</CodeText>
      </CodeTextGrp>
    </Code>
    <Code id="urn:ssb:code:stabas:380712-381518" parentCodeId="urn:ssb:code:stabas:380710-381378">
      <CodeValue>344</CodeValue>
      <CodeTextGrp>
        <CodeText xml:lang="nn">Lågare saksbehandlarar innan offentleg administrasjon</CodeText>
        <CodeText xml:lang="nb">Lavere saksbehandlere innen offentlig administrasjon</CodeText>
        <CodeText xml:lang="en">Public service administrative associate professionals</CodeText>
      </CodeTextGrp>
    </Code>
    <Code id="urn:ssb:code:stabas:380712-381530" parentCodeId="urn:ssb:code:stabas:380710-381378">
      <CodeValue>345</CodeValue>
      <CodeTextGrp>
        <CodeText xml:lang="nn">Polititenestemenn</CodeText>
        <CodeText xml:lang="nb">Polititjenestemenn</CodeText>
        <CodeText xml:lang="en">Police officers</CodeText>
      </CodeTextGrp>
    </Code>
    <Code id="urn:ssb:code:stabas:380712-381534" parentCodeId="urn:ssb:code:stabas:380710-381378">
      <CodeValue>346</CodeValue>
      <CodeTextGrp>
        <CodeText xml:lang="nn">Sosionomar, barnevernspedagogar o.l.</CodeText>
        <CodeText xml:lang="nb">Sosionomer, barnevernspedagoger o.l.</CodeText>
        <CodeText xml:lang="en">Social workers (college-trained), child care officers, etc.</CodeText>
      </CodeTextGrp>
    </Code>
    <Code id="urn:ssb:code:stabas:380712-381538" parentCodeId="urn:ssb:code:stabas:380710-381378">
      <CodeValue>347</CodeValue>
      <CodeTextGrp>
        <CodeText xml:lang="nn">Yrke innan design, underhaldning og idrett</CodeText>
        <CodeText xml:lang="nb">Yrker innen design, underholdning og idrett</CodeText>
        <CodeText xml:lang="en">Artistic, entertainment and sports associate professionals</CodeText>
      </CodeTextGrp>
    </Code>
    <Code id="urn:ssb:code:stabas:380712-381550" parentCodeId="urn:ssb:code:stabas:380710-381378">
      <CodeValue>348</CodeValue>
      <CodeTextGrp>
        <CodeText xml:lang="nn">Religiøse yrke</CodeText>
        <CodeText xml:lang="nb">Religiøse yrker</CodeText>
        <CodeText xml:lang="en">Religious associate professionals</CodeText>
      </CodeTextGrp>
    </Code>
    <Code id="urn:ssb:code:stabas:380712-381554" parentCodeId="urn:ssb:code:stabas:380710-381378">
      <CodeValue>349</CodeValue>
      <CodeTextGrp>
        <CodeText xml:lang="nn">Informasjonsarbeidarar, journalistar, bibliotekarar mv.</CodeText>
        <CodeText xml:lang="nb">Informasjonsmedarbeidere, journalister, bibliotekarer mv.</CodeText>
        <CodeText xml:lang="en">Journalists, librarians and information associate professionals</CodeText>
      </CodeTextGrp>
    </Code>
    <Code id="urn:ssb:code:stabas:380712-381566" parentCodeId="urn:ssb:code:stabas:380710-381564">
      <CodeValue>411</CodeValue>
      <CodeTextGrp>
        <CodeText xml:lang="nn">Sekretærar og tastaturoperatørar</CodeText>
        <CodeText xml:lang="nb">Sekretærer og tastaturoperatører o.l.</CodeText>
        <CodeText xml:lang="en">Secretaries and keyboard-operating clerks</CodeText>
      </CodeTextGrp>
    </Code>
    <Code id="urn:ssb:code:stabas:380712-381576" parentCodeId="urn:ssb:code:stabas:380710-381564">
      <CodeValue>412</CodeValue>
      <CodeTextGrp>
        <CodeText xml:lang="nn">Økonomiarbeidarar og andre talbehandlarar</CodeText>
        <CodeText xml:lang="nb">Økonomimedarbeidere og andre tallbehandlere</CodeText>
        <CodeText xml:lang="en">Numerical clerks</CodeText>
      </CodeTextGrp>
    </Code>
    <Code id="urn:ssb:code:stabas:380712-381582" parentCodeId="urn:ssb:code:stabas:380710-381564">
      <CodeValue>413</CodeValue>
      <CodeTextGrp>
        <CodeText xml:lang="nn">Lager- og transportfunksjonærar</CodeText>
        <CodeText xml:lang="nb">Lager- og transportfunksjonærer</CodeText>
        <CodeText xml:lang="en">Material-recording and transport clerks</CodeText>
      </CodeTextGrp>
    </Code>
    <Code id="urn:ssb:code:stabas:380712-381590" parentCodeId="urn:ssb:code:stabas:380710-381564">
      <CodeValue>414</CodeValue>
      <CodeTextGrp>
        <CodeText xml:lang="nn">Bibliotek- og postmedarbeidarar o.l.</CodeText>
        <CodeText xml:lang="nb">Bibliotek-, postmedarbeidere o.l.</CodeText>
        <CodeText xml:lang="en">Library, mail and related clerks</CodeText>
      </CodeTextGrp>
    </Code>
    <Code id="urn:ssb:code:stabas:380712-381598" parentCodeId="urn:ssb:code:stabas:380710-381596">
      <CodeValue>421</CodeValue>
      <CodeTextGrp>
        <CodeText xml:lang="nn">Billettseljarar, kasserarar o.l. servicemedarbeidarar</CodeText>
        <CodeText xml:lang="nb">Billettselgere, kasserere o.l. servicemedarbeidere</CodeText>
        <CodeText xml:lang="en">Cashiers, tellers and related clerks</CodeText>
      </CodeTextGrp>
    </Code>
    <Code id="urn:ssb:code:stabas:380712-381710" parentCodeId="urn:ssb:code:stabas:380710-381596">
      <CodeValue>422</CodeValue>
      <CodeTextGrp>
        <CodeText xml:lang="nn">Reisebyrå-, resepsjons- og sentralbordmedarbeidarar</CodeText>
        <CodeText xml:lang="nb">Reisebyrå-, resepsjons-, sentralbordmedarbeidere o.l.</CodeText>
        <CodeText xml:lang="en">Client information clerks</CodeText>
      </CodeTextGrp>
    </Code>
    <Code id="urn:ssb:code:stabas:380712-381722" parentCodeId="urn:ssb:code:stabas:380710-381720">
      <CodeValue>511</CodeValue>
      <CodeTextGrp>
        <CodeText xml:lang="nn">Kundebehandlarar ombord i transportmiddel</CodeText>
        <CodeText xml:lang="nb">Kundebehandlere om bord i transportmidler</CodeText>
        <CodeText xml:lang="en">Travel attendants</CodeText>
      </CodeTextGrp>
    </Code>
    <Code id="urn:ssb:code:stabas:380712-381730" parentCodeId="urn:ssb:code:stabas:380710-381720">
      <CodeValue>512</CodeValue>
      <CodeTextGrp>
        <CodeText xml:lang="nn">Hushalds- og restaurantpersonale mv.</CodeText>
        <CodeText xml:lang="nb">Husholdnings- og restaurantpersonale o.l.</CodeText>
        <CodeText xml:lang="en">Housekeeping and restaurant services workers</CodeText>
      </CodeTextGrp>
    </Code>
    <Code id="urn:ssb:code:stabas:380712-381738" parentCodeId="urn:ssb:code:stabas:380710-381720">
      <CodeValue>513</CodeValue>
      <CodeTextGrp>
        <CodeText xml:lang="nn">Pleie- og omsorgspersonale</CodeText>
        <CodeText xml:lang="nb">Pleie- og omsorgspersonale</CodeText>
        <CodeText xml:lang="en">Personal care and related workers</CodeText>
      </CodeTextGrp>
    </Code>
    <Code id="urn:ssb:code:stabas:380712-381756" parentCodeId="urn:ssb:code:stabas:380710-381720">
      <CodeValue>514</CodeValue>
      <CodeTextGrp>
        <CodeText xml:lang="nn">Andre yrke innan personleg tenesteyting</CodeText>
        <CodeText xml:lang="nb">Andre yrker innen personlig tjenesteyting</CodeText>
        <CodeText xml:lang="en">Other personal services workers</CodeText>
      </CodeTextGrp>
    </Code>
    <Code id="urn:ssb:code:stabas:380712-381766" parentCodeId="urn:ssb:code:stabas:380710-381720">
      <CodeValue>516</CodeValue>
      <CodeTextGrp>
        <CodeText xml:lang="nn">Rednings- og vaktyrke</CodeText>
        <CodeText xml:lang="nb">Rednings- og vaktyrker</CodeText>
        <CodeText xml:lang="en">Protective services workers</CodeText>
      </CodeTextGrp>
    </Code>
    <Code id="urn:ssb:code:stabas:380712-381780" parentCodeId="urn:ssb:code:stabas:380710-381778">
      <CodeValue>521</CodeValue>
      <CodeTextGrp>
        <CodeText xml:lang="nn">Mannekengar og andre modellar</CodeText>
        <CodeText xml:lang="nb">Mannekenger og andre modeller</CodeText>
        <CodeText xml:lang="en">Fashion and other models</CodeText>
      </CodeTextGrp>
    </Code>
    <Code id="urn:ssb:code:stabas:380712-381784" parentCodeId="urn:ssb:code:stabas:380710-381778">
      <CodeValue>522</CodeValue>
      <CodeTextGrp>
        <CodeText xml:lang="nn">Butikkmedarbeidarar, seljarar mv.</CodeText>
        <CodeText xml:lang="nb">Butikkmedarbeidere, selgere mv.</CodeText>
        <CodeText xml:lang="en">Shop salespersons and demonstrators</CodeText>
      </CodeTextGrp>
    </Code>
    <Code id="urn:ssb:code:stabas:380712-381800" parentCodeId="urn:ssb:code:stabas:380710-381798">
      <CodeValue>611</CodeValue>
      <CodeTextGrp>
        <CodeText xml:lang="nn">Korn-, grønsaks-, frukt- og bærprodusentar og gartneriarbeidarar</CodeText>
        <CodeText xml:lang="nb">Korn-, grønnsaks-, frukt- og bærprodusenter og gartneriarbeidere</CodeText>
        <CodeText xml:lang="en">Market gardeners and crop growers</CodeText>
      </CodeTextGrp>
    </Code>
    <Code id="urn:ssb:code:stabas:380712-381906" parentCodeId="urn:ssb:code:stabas:380710-381798">
      <CodeValue>612</CodeValue>
      <CodeTextGrp>
        <CodeText xml:lang="nn">Husdyr-, egg- og melkeprodusentar o.l.</CodeText>
        <CodeText xml:lang="nb">Husdyr-, egg- og melkeprodusenter o.l.</CodeText>
        <CodeText xml:lang="en">Animal producers</CodeText>
      </CodeTextGrp>
    </Code>
    <Code id="urn:ssb:code:stabas:380712-381914" parentCodeId="urn:ssb:code:stabas:380710-381798">
      <CodeValue>613</CodeValue>
      <CodeTextGrp>
        <CodeText xml:lang="nn">Plante- og husdyrprodusentar (kombinasjonsbruk)</CodeText>
        <CodeText xml:lang="nb">Plante- og husdyrprodusenter(kombinasjonsbruk)</CodeText>
        <CodeText xml:lang="en">Crop and animal producers</CodeText>
      </CodeTextGrp>
    </Code>
    <Code id="urn:ssb:code:stabas:380712-381920" parentCodeId="urn:ssb:code:stabas:380710-381918">
      <CodeValue>621</CodeValue>
      <CodeTextGrp>
        <CodeText xml:lang="nn">Skogsarbeidarar o.l.</CodeText>
        <CodeText xml:lang="nb">Skogsarbeidere o.l.</CodeText>
        <CodeText xml:lang="en">Forestry workers, etc.</CodeText>
      </CodeTextGrp>
    </Code>
    <Code id="urn:ssb:code:stabas:380712-381926" parentCodeId="urn:ssb:code:stabas:380710-381924">
      <CodeValue>631</CodeValue>
      <CodeTextGrp>
        <CodeText xml:lang="nn">Fiskeoppdrettarar o.l.</CodeText>
        <CodeText xml:lang="nb">Fiskeoppdrettere o.l.</CodeText>
        <CodeText xml:lang="en">Fish farmers, etc.</CodeText>
      </CodeTextGrp>
    </Code>
    <Code id="urn:ssb:code:stabas:380712-381932" parentCodeId="urn:ssb:code:stabas:380710-381930">
      <CodeValue>641</CodeValue>
      <CodeTextGrp>
        <CodeText xml:lang="nn">Fiskarar og fangstfolk</CodeText>
        <CodeText xml:lang="nb">Fiskere og fangstfolk</CodeText>
        <CodeText xml:lang="en">Fishery workers and hunters</CodeText>
      </CodeTextGrp>
    </Code>
    <Code id="urn:ssb:code:stabas:380712-381942" parentCodeId="urn:ssb:code:stabas:380710-381940">
      <CodeValue>711</CodeValue>
      <CodeTextGrp>
        <CodeText xml:lang="nn">Steinfagarbeidarar, steinhoggarar o.l</CodeText>
        <CodeText xml:lang="nb">Steinfagarbeidere, steinhoggere o.l.</CodeText>
        <CodeText xml:lang="en">Stone cutters and related workers</CodeText>
      </CodeTextGrp>
    </Code>
    <Code id="urn:ssb:code:stabas:380712-381946" parentCodeId="urn:ssb:code:stabas:380710-381940">
      <CodeValue>712</CodeValue>
      <CodeTextGrp>
        <CodeText xml:lang="nn">Byggje- og anleggsarbeidarar</CodeText>
        <CodeText xml:lang="nb">Bygge- og anleggsarbeidere</CodeText>
        <CodeText xml:lang="en">Building frame and related trades workers</CodeText>
      </CodeTextGrp>
    </Code>
    <Code id="urn:ssb:code:stabas:380712-381966" parentCodeId="urn:ssb:code:stabas:380710-381940">
      <CodeValue>713</CodeValue>
      <CodeTextGrp>
        <CodeText xml:lang="nn">Bygningstekniske arbeidarar</CodeText>
        <CodeText xml:lang="nb">Bygningstekniske arbeidere</CodeText>
        <CodeText xml:lang="en">Building finishers and related trades workers</CodeText>
      </CodeTextGrp>
    </Code>
    <Code id="urn:ssb:code:stabas:380712-381976" parentCodeId="urn:ssb:code:stabas:380710-381940">
      <CodeValue>714</CodeValue>
      <CodeTextGrp>
        <CodeText xml:lang="nn">Målarar, folk som handsamar overflater, bygningsreingjerarar o.l.</CodeText>
        <CodeText xml:lang="nb">Malere, overflatebehandlere, bygningsrengjørere o.l.</CodeText>
        <CodeText xml:lang="en">Painters, building structure cleaners and related workers</CodeText>
      </CodeTextGrp>
    </Code>
    <Code id="urn:ssb:code:stabas:380712-381988" parentCodeId="urn:ssb:code:stabas:380710-381986">
      <CodeValue>721</CodeValue>
      <CodeTextGrp>
        <CodeText xml:lang="nn">Støyparar, sveisarar, platearbeidarar o.l.</CodeText>
        <CodeText xml:lang="nb">Støpere, sveisere, platearbeidere o.l.</CodeText>
        <CodeText xml:lang="en">Founders, welders, sheet-metal workers, etc.</CodeText>
      </CodeTextGrp>
    </Code>
    <Code id="urn:ssb:code:stabas:380712-382104" parentCodeId="urn:ssb:code:stabas:380710-381986">
      <CodeValue>722</CodeValue>
      <CodeTextGrp>
        <CodeText xml:lang="nn">Smedar, børsemakarar, låsesmedar o.l.</CodeText>
        <CodeText xml:lang="nb">Smeder, børsemakere, låsesmeder o.l.</CodeText>
        <CodeText xml:lang="en">Blacksmiths, gunsmiths, locksmiths and related trades workers</CodeText>
      </CodeTextGrp>
    </Code>
    <Code id="urn:ssb:code:stabas:380712-382110" parentCodeId="urn:ssb:code:stabas:380710-381986">
      <CodeValue>723</CodeValue>
      <CodeTextGrp>
        <CodeText xml:lang="nn">Mekanikarar</CodeText>
        <CodeText xml:lang="nb">Mekanikere</CodeText>
        <CodeText xml:lang="en">Machinery mechanics and fitters</CodeText>
      </CodeTextGrp>
    </Code>
    <Code id="urn:ssb:code:stabas:380712-382126" parentCodeId="urn:ssb:code:stabas:380710-381986">
      <CodeValue>724</CodeValue>
      <CodeTextGrp>
        <CodeText xml:lang="nn">Elektrikarar, elektronikarar o.l.</CodeText>
        <CodeText xml:lang="nb">Elektrikere, elektronikere o.l.</CodeText>
        <CodeText xml:lang="en">Electricians, electrical and electronic equipment mechanics and fitters</CodeText>
      </CodeTextGrp>
    </Code>
    <Code id="urn:ssb:code:stabas:380712-382138" parentCodeId="urn:ssb:code:stabas:380710-382136">
      <CodeValue>731</CodeValue>
      <CodeTextGrp>
        <CodeText xml:lang="nn">Presisjonsarbeidarar i metall mv.</CodeText>
        <CodeText xml:lang="nb">Presisjonsarbeidere i metall mv.</CodeText>
        <CodeText xml:lang="en">Precision workers in metal and related materials</CodeText>
      </CodeTextGrp>
    </Code>
    <Code id="urn:ssb:code:stabas:380712-382146" parentCodeId="urn:ssb:code:stabas:380710-382136">
      <CodeValue>732</CodeValue>
      <CodeTextGrp>
        <CodeText xml:lang="nn">Kjeramikarar, glashandverkarar o.l.</CodeText>
        <CodeText xml:lang="nb">Keramikere, glasshåndverkere o.l.</CodeText>
        <CodeText xml:lang="en">Potters, glass-makers and related trades workers</CodeText>
      </CodeTextGrp>
    </Code>
    <Code id="urn:ssb:code:stabas:380712-382152" parentCodeId="urn:ssb:code:stabas:380710-382136">
      <CodeValue>733</CodeValue>
      <CodeTextGrp>
        <CodeText xml:lang="nn">Kunsthandverkarar i tre, tekstilar, lêr o.l.</CodeText>
        <CodeText xml:lang="nb">Kunsthåndverkere i tre, tekstil, lær o.l.</CodeText>
        <CodeText xml:lang="en">Handicraft workers in wood, textile, leather and related materials</CodeText>
      </CodeTextGrp>
    </Code>
    <Code id="urn:ssb:code:stabas:380712-382158" parentCodeId="urn:ssb:code:stabas:380710-382136">
      <CodeValue>734</CodeValue>
      <CodeTextGrp>
        <CodeText xml:lang="nn">Grafikarar, fotografar o.l.</CodeText>
        <CodeText xml:lang="nb">Grafikere (førtrykk), fotografer o.l.</CodeText>
        <CodeText xml:lang="en">Graphic artists, photographers, and related trades workers</CodeText>
      </CodeTextGrp>
    </Code>
    <Code id="urn:ssb:code:stabas:380712-382164" parentCodeId="urn:ssb:code:stabas:380710-382136">
      <CodeValue>735</CodeValue>
      <CodeTextGrp>
        <CodeText xml:lang="nn">Tekniske teiknarar</CodeText>
        <CodeText xml:lang="nb">Tekniske tegnere</CodeText>
        <CodeText xml:lang="en">Technical illustrators</CodeText>
      </CodeTextGrp>
    </Code>
    <Code id="urn:ssb:code:stabas:380712-382170" parentCodeId="urn:ssb:code:stabas:380710-382168">
      <CodeValue>741</CodeValue>
      <CodeTextGrp>
        <CodeText xml:lang="nn">Slaktarar, bakarar og liknande yrke innan næringsmiddelproduksjon</CodeText>
        <CodeText xml:lang="nb">Slaktere, bakere o.l. yrker innen næringsmiddelproduksjon</CodeText>
        <CodeText xml:lang="en">Butchers, bakers and other related food preparers</CodeText>
      </CodeTextGrp>
    </Code>
    <Code id="urn:ssb:code:stabas:380712-382180" parentCodeId="urn:ssb:code:stabas:380710-382168">
      <CodeValue>742</CodeValue>
      <CodeTextGrp>
        <CodeText xml:lang="nn">Snikkarar, trebehandlarar o.l.</CodeText>
        <CodeText xml:lang="nb">Snekkere, trebehandlere o.l.</CodeText>
        <CodeText xml:lang="en">Wood treaters, cabinet-makers, and related trades workers</CodeText>
      </CodeTextGrp>
    </Code>
    <Code id="urn:ssb:code:stabas:380712-382188" parentCodeId="urn:ssb:code:stabas:380710-382168">
      <CodeValue>743</CodeValue>
      <CodeTextGrp>
        <CodeText xml:lang="nn">Handverkarar innan tekstilar, klednad mv.</CodeText>
        <CodeText xml:lang="nb">Håndverkere i tekstil, bekledning mv.</CodeText>
        <CodeText xml:lang="en">Textile, garment and related trades workers</CodeText>
      </CodeTextGrp>
    </Code>
    <Code id="urn:ssb:code:stabas:380712-382302" parentCodeId="urn:ssb:code:stabas:380710-382168">
      <CodeValue>744</CodeValue>
      <CodeTextGrp>
        <CodeText xml:lang="nn">Handverkarar i skinn og ler mv.</CodeText>
        <CodeText xml:lang="nb">Håndverkere i pelsskinn, lær mv.</CodeText>
        <CodeText xml:lang="en">Pelt, leather and shoemaking trades workers</CodeText>
      </CodeTextGrp>
    </Code>
    <Code id="urn:ssb:code:stabas:380712-382310" parentCodeId="urn:ssb:code:stabas:380710-382168">
      <CodeValue>745</CodeValue>
      <CodeTextGrp>
        <CodeText xml:lang="nn">Laborantar</CodeText>
        <CodeText xml:lang="nb">Laboranter</CodeText>
        <CodeText xml:lang="en">Laboratory assistants</CodeText>
      </CodeTextGrp>
    </Code>
    <Code id="urn:ssb:code:stabas:380712-382318" parentCodeId="urn:ssb:code:stabas:380710-382316">
      <CodeValue>811</CodeValue>
      <CodeTextGrp>
        <CodeText xml:lang="nn">Operatørar i råolje- og gassproduksjon, bergverk o.l.</CodeText>
        <CodeText xml:lang="nb">Operatører innen olje- og gassutvinning, bergverksdrift o.l.</CodeText>
        <CodeText xml:lang="en">Oil, gas, mining- and mineral-processing-plant operators</CodeText>
      </CodeTextGrp>
    </Code>
    <Code id="urn:ssb:code:stabas:380712-382328" parentCodeId="urn:ssb:code:stabas:380710-382316">
      <CodeValue>812</CodeValue>
      <CodeTextGrp>
        <CodeText xml:lang="nn">Operatørar i stål- og annan metallproduksjon mv.</CodeText>
        <CodeText xml:lang="nb">Operatører innen stål- og annen metallproduksjon</CodeText>
        <CodeText xml:lang="en">Metal-processing-plant operators</CodeText>
      </CodeTextGrp>
    </Code>
    <Code id="urn:ssb:code:stabas:380712-382334" parentCodeId="urn:ssb:code:stabas:380710-382316">
      <CodeValue>813</CodeValue>
      <CodeTextGrp>
        <CodeText xml:lang="nn">Operatørar i keramikk- og glasproduksjon</CodeText>
        <CodeText xml:lang="nb">Operatører innen keramikk- og glassproduksjon</CodeText>
        <CodeText xml:lang="en">Glass, ceramics and related plant operators</CodeText>
      </CodeTextGrp>
    </Code>
    <Code id="urn:ssb:code:stabas:380712-382342" parentCodeId="urn:ssb:code:stabas:380710-382316">
      <CodeValue>814</CodeValue>
      <CodeTextGrp>
        <CodeText xml:lang="nn">Operatørar i trelast- og treforedlingsproduksjon</CodeText>
        <CodeText xml:lang="nb">Operatører innen trelast- og treforedlingsproduksjon</CodeText>
        <CodeText xml:lang="en">Wood-processing and papermaking-plant operators</CodeText>
      </CodeTextGrp>
    </Code>
    <Code id="urn:ssb:code:stabas:380712-382350" parentCodeId="urn:ssb:code:stabas:380710-382316">
      <CodeValue>815</CodeValue>
      <CodeTextGrp>
        <CodeText xml:lang="nn">Operatørar innan produksjon av raffinerte petroleumsprodukt og annan kjemisk prosessindustri</CodeText>
        <CodeText xml:lang="nb">Operatører innen produksjon av raffinerte petroleumsprodukter og annen kjemisk prosessindustri</CodeText>
        <CodeText xml:lang="en">Chemical-processing-plant operators</CodeText>
      </CodeTextGrp>
    </Code>
    <Code id="urn:ssb:code:stabas:380712-382356" parentCodeId="urn:ssb:code:stabas:380710-382316">
      <CodeValue>816</CodeValue>
      <CodeTextGrp>
        <CodeText xml:lang="nn">Operatørar av kraftstasjonar og anlegg for forbrenning, vassreinsing o.l.</CodeText>
        <CodeText xml:lang="nb">Operatører ved kraftstasjoner og anlegg for forbrenning, vannrensing o.l.</CodeText>
        <CodeText xml:lang="en">Power-production and related plant operators</CodeText>
      </CodeTextGrp>
    </Code>
    <Code id="urn:ssb:code:stabas:380712-382364" parentCodeId="urn:ssb:code:stabas:380710-382362">
      <CodeValue>821</CodeValue>
      <CodeTextGrp>
        <CodeText xml:lang="nn">Operatørar innan produksjon av metallvarer, betongprodukt mv.</CodeText>
        <CodeText xml:lang="nb">Operatører innen produksjon av metallvarer, betongprodukter mv.</CodeText>
        <CodeText xml:lang="en">Metal- and mineral-products machine operators</CodeText>
      </CodeTextGrp>
    </Code>
    <Code id="urn:ssb:code:stabas:380712-382374" parentCodeId="urn:ssb:code:stabas:380710-382362">
      <CodeValue>822</CodeValue>
      <CodeTextGrp>
        <CodeText xml:lang="nn">Fagoperatørar innan kjemisk-teknisk produksjon</CodeText>
        <CodeText xml:lang="nb">Operatører innen kjemisk-teknisk produksjon</CodeText>
        <CodeText xml:lang="en">Chemical-products machine operators</CodeText>
      </CodeTextGrp>
    </Code>
    <Code id="urn:ssb:code:stabas:380712-382388" parentCodeId="urn:ssb:code:stabas:380710-382362">
      <CodeValue>825</CodeValue>
      <CodeTextGrp>
        <CodeText xml:lang="nn">Operatørar innan grafisk industri, papir- og kartonasjeindustri</CodeText>
        <CodeText xml:lang="nb">Operatører innen grafisk industri, papir- og kartonasjeindustri</CodeText>
        <CodeText xml:lang="en">Printing-, binding- and paper-products machine operators</CodeText>
      </CodeTextGrp>
    </Code>
    <Code id="urn:ssb:code:stabas:380712-382398" parentCodeId="urn:ssb:code:stabas:380710-382362">
      <CodeValue>826</CodeValue>
      <CodeTextGrp>
        <CodeText xml:lang="nn">Operatørar innan tekstil-, pels- og lerproduksjon</CodeText>
        <CodeText xml:lang="nb">Operatører innen tekstil-, pels-, lær- og skinnproduksjon</CodeText>
        <CodeText xml:lang="en">Textile-, fur- and leather-products machine operators</CodeText>
      </CodeTextGrp>
    </Code>
    <Code id="urn:ssb:code:stabas:380712-382516" parentCodeId="urn:ssb:code:stabas:380710-382362">
      <CodeValue>827</CodeValue>
      <CodeTextGrp>
        <CodeText xml:lang="nn">Operatørar innan næringsmiddelproduksjon</CodeText>
        <CodeText xml:lang="nb">Operatører innen næringsmiddelproduksjon </CodeText>
        <CodeText xml:lang="en">Food and related products machine operators</CodeText>
      </CodeTextGrp>
    </Code>
    <Code id="urn:ssb:code:stabas:380712-382534" parentCodeId="urn:ssb:code:stabas:380710-382362">
      <CodeValue>828</CodeValue>
      <CodeTextGrp>
        <CodeText xml:lang="nn">Operatørar og montørar innan produksjon av transportmiddel og elektronisk utstyr</CodeText>
        <CodeText xml:lang="nb">Operatører og montører innen produksjon av transportmidler og elektronisk utstyr</CodeText>
        <CodeText xml:lang="en">Assemblers</CodeText>
      </CodeTextGrp>
    </Code>
    <Code id="urn:ssb:code:stabas:380712-382542" parentCodeId="urn:ssb:code:stabas:380710-382540">
      <CodeValue>831</CodeValue>
      <CodeTextGrp>
        <CodeText xml:lang="nn">Lokomotivførarar o.l.</CodeText>
        <CodeText xml:lang="nb">Lokomotivførere o.l.</CodeText>
        <CodeText xml:lang="en">Locomotive-engine drivers and related workers</CodeText>
      </CodeTextGrp>
    </Code>
    <Code id="urn:ssb:code:stabas:380712-382548" parentCodeId="urn:ssb:code:stabas:380710-382540">
      <CodeValue>832</CodeValue>
      <CodeTextGrp>
        <CodeText xml:lang="nn">Motor- og sporvognførere</CodeText>
        <CodeText xml:lang="nb">Motor- og sporvognførere</CodeText>
        <CodeText xml:lang="en">Motor-vehicle drivers</CodeText>
      </CodeTextGrp>
    </Code>
    <Code id="urn:ssb:code:stabas:380712-382556" parentCodeId="urn:ssb:code:stabas:380710-382540">
      <CodeValue>833</CodeValue>
      <CodeTextGrp>
        <CodeText xml:lang="nn">Operatørar av andre mobile maskinar o.l.</CodeText>
        <CodeText xml:lang="nb">Operatører av mobile maskiner o.l.</CodeText>
        <CodeText xml:lang="en">Mobile-plant operators</CodeText>
      </CodeTextGrp>
    </Code>
    <Code id="urn:ssb:code:stabas:380712-382564" parentCodeId="urn:ssb:code:stabas:380710-382540">
      <CodeValue>834</CodeValue>
      <CodeTextGrp>
        <CodeText xml:lang="nn">Dekks- og maskinmannskap (skip)</CodeText>
        <CodeText xml:lang="nb">Dekks- og maskinmannskap (skip)</CodeText>
        <CodeText xml:lang="en">Ships&amp;lt;br/&amp;gt;deck crews and related workers</CodeText>
      </CodeTextGrp>
    </Code>
    <Code id="urn:ssb:code:stabas:380712-382574" parentCodeId="urn:ssb:code:stabas:380710-382572">
      <CodeValue>912</CodeValue>
      <CodeTextGrp>
        <CodeText xml:lang="nn">All slags arbeid for privatpersonar og -hushald</CodeText>
        <CodeText xml:lang="nb">Yrker innen forefallende arbeid for privatpersoner og -husholdninger</CodeText>
        <CodeText xml:lang="en">Odd jobs for private persons and households</CodeText>
      </CodeTextGrp>
    </Code>
    <Code id="urn:ssb:code:stabas:380712-382578" parentCodeId="urn:ssb:code:stabas:380710-382572">
      <CodeValue>913</CodeValue>
      <CodeTextGrp>
        <CodeText xml:lang="nn">Reingjering og anna hushaldsarbeid i føretak og og privathushald</CodeText>
        <CodeText xml:lang="nb">Rengjørings- og andre husholdsyrker i bedrifter og privathusholdninger</CodeText>
        <CodeText xml:lang="en">Domestic and related helpers and cleaners</CodeText>
      </CodeTextGrp>
    </Code>
    <Code id="urn:ssb:code:stabas:380712-382586" parentCodeId="urn:ssb:code:stabas:380710-382572">
      <CodeValue>914</CodeValue>
      <CodeTextGrp>
        <CodeText xml:lang="nn">Reingjering av bygningar, køyretøy o.l.</CodeText>
        <CodeText xml:lang="nb">Yrker innen rengjøring av bygninger, kjøretøyer o.l.</CodeText>
        <CodeText xml:lang="en">Building, vehicle and related cleaners</CodeText>
      </CodeTextGrp>
    </Code>
    <Code id="urn:ssb:code:stabas:380712-382592" parentCodeId="urn:ssb:code:stabas:380710-382572">
      <CodeValue>915</CodeValue>
      <CodeTextGrp>
        <CodeText xml:lang="nn">Omberarar, dørvakter o.l.</CodeText>
        <CodeText xml:lang="nb">Bud, dørvakter o.l.</CodeText>
        <CodeText xml:lang="en">Messengers, porters, doorkeepers and related workers</CodeText>
      </CodeTextGrp>
    </Code>
    <Code id="urn:ssb:code:stabas:380712-382600" parentCodeId="urn:ssb:code:stabas:380710-382572">
      <CodeValue>916</CodeValue>
      <CodeTextGrp>
        <CodeText xml:lang="nn">Renovasjonsarbeidarar o.l.</CodeText>
        <CodeText xml:lang="nb">Renovasjonsarbeidere o.l.</CodeText>
        <CodeText xml:lang="en">Garbage collectors and related labourers</CodeText>
      </CodeTextGrp>
    </Code>
    <Code id="urn:ssb:code:stabas:380712-382706" parentCodeId="urn:ssb:code:stabas:380710-382704">
      <CodeValue>921</CodeValue>
      <CodeTextGrp>
        <CodeText xml:lang="nn">Hjelpearbeidarar innan jordbruk, skogbruk og fiske</CodeText>
        <CodeText xml:lang="nb">Hjelpearbeidere innen jordbruk, skogbruk og fiske</CodeText>
        <CodeText xml:lang="en">Agricultural, fishery and related labourers</CodeText>
      </CodeTextGrp>
    </Code>
    <Code id="urn:ssb:code:stabas:380712-382712" parentCodeId="urn:ssb:code:stabas:380710-382710">
      <CodeValue>931</CodeValue>
      <CodeTextGrp>
        <CodeText xml:lang="nn">Hjelpearbeidarar innan bygg, anlegg, vedlikehald o.l.</CodeText>
        <CodeText xml:lang="nb">Hjelpearbeidere innen bygg, anlegg, vedlikehold o.l.</CodeText>
        <CodeText xml:lang="en">Labourers in construction and maintenance, etc.</CodeText>
      </CodeTextGrp>
    </Code>
    <Code id="urn:ssb:code:stabas:380712-382716" parentCodeId="urn:ssb:code:stabas:380710-382710">
      <CodeValue>932</CodeValue>
      <CodeTextGrp>
        <CodeText xml:lang="nn">Hjelpearbeidarar innan industri</CodeText>
        <CodeText xml:lang="nb">Hjelpearbeidere innen industri</CodeText>
        <CodeText xml:lang="en">Labourers in manufacturing</CodeText>
      </CodeTextGrp>
    </Code>
    <Code id="urn:ssb:code:stabas:380712-382720" parentCodeId="urn:ssb:code:stabas:380710-382710">
      <CodeValue>933</CodeValue>
      <CodeTextGrp>
        <CodeText xml:lang="nn">Hjelpearbeidarar innan lager og godshandtering</CodeText>
        <CodeText xml:lang="nb">Hjelpearbeidere innen lager og godshåndtering</CodeText>
        <CodeText xml:lang="en">Storing and goods handling labourers</CodeText>
      </CodeTextGrp>
    </Code>
  </Codes>
</Codelist>