<?xml version="1.0" encoding="utf-8"?>
<Codelist xmlns:xsi="http://www.w3.org/2001/XMLSchema-instance" xmlns:xsd="http://www.w3.org/2001/XMLSchema" id="urn:ssb:codelist:stabas:380708" defaultValidFrom="1998-09-01" defaultValidTo="2010-12-31" lastChangedDate="2011-08-09" isCurrent="false" relationId="urn:ssb:classversion:stabas:380703" xmlns="http://www.ssb.no/ns/meta/codelist">
  <CodelistMeta>
    <TitleGrp>
      <Title xml:lang="nn">Standard for yrkesgrupperingar  (STYRK98): Yrkesfelter</Title>
      <Title xml:lang="nb">Standard for yrkesklassifisering  (STYRK98): Yrkesfelter</Title>
      <Title xml:lang="en">Standard classification of occupations  (STYRK98): Major</Title>
    </TitleGrp>
    <DescriptionGrp>
      <Description xml:lang="nn">Standarden er basert på den internasjonale standarden for yrkesklassifisering
som ILO har utarbeidd (International Standard Classification of Occupations -
ISCO 88). EU har utarbeidd versjonen (ISCO-88(COM)) som er
grunnlaget for den norske standarden. Standarden skal erstatte Nordisk
Yrkesklassifisering (NYK).Standard for yrkesklassifisering er laga for bruk i offisiell norsk statistikk og vil også vere eit viktig verktøy innan arbeidsformidling og yrkesrettleiing.
Under arbeidet med den norske standarden er begge
typar brukarbehov teke omnsyn til. Ettersom ISCO-88(COM) i utgangspunktet
er utvikla som ein statistisk standard, vil nok framleis dei statistiske behova vere dei som 
vert best teke vare på. Arbeidsmarknads-etaten vil arbeide vidare med ei
inndeling av yrke for å dekkje behova som er knytte til formidlingsarbeidet. Det
inneber at nokre yrke kan ha ei finare inndeling, på 5-6 siffernivå, andre yrke
grovare, på 2-3 siffernivå. Inndelinga vil likevel følgje ISCO-88(COM).</Description>
      <Description xml:lang="nb">Standarden er basert på den internasjonale standarden for yrkesklassifisering
som ILO har utarbeidet (International Standard Classification of Occupations -
ISCO 88). EU har utarbeidet en versjon av denne (ISCO-88(COM)) som danner
grunnlaget for den norske standarden. Standarden skal erstatte Nordisk
Yrkesklassifisering (NYK).Standard for yrkesklassifisering er beregnet for bruk i offisiell norsk statistikk og vil også være et viktig verktøy innen arbeidsformidling og yrkesrettledning.
Under arbeidet med den norske standarden er begge
typer brukerbehov tatt hensyn til. Ettersom ISCO-88(COM) i utgangspunktet
er utviklet som en statistisk standard, vil nok fortsatt de statistiske behovene
være best ivaretatt. Arbeidsmarkeds-etaten vil arbeide videre med en
inndeling av yrker for å dekke sine behov knyttet til formidlingsarbeidet. Det
betyr at noen yrker vil kunne deles inn finere, på 5-6 siffernivå, andre yrker
grovere, på 2-3 siffernivå. Inndelingen vil imidlertid følge ISCO-88(COM).</Description>
      <Description xml:lang="en">The standard is based on the International Standard Classification of
Occupations - ISCO-88, prepared by ILO. The EU has developed a version of this
standard (ISCO-88(COM)), which is the basis for the Norwegian standard. The
Norwegian standard will be replacing the Nordic Classification of Occupations
(NYK).The standard classification of occupations is designed for official statistics of
Norway, and will also be instrumental in labour exchange and vocational
guidance. When developing the Norwegian standard, both these needs are considered. Since
ISCO-88(COM) from the beginning was developed for statistical purposes, the
statistical needs probably are better met than the needs in the labour
exchange area. However, the Labour Market Administration will continue to
develop a classification of occupations, in order to satisfy the needs in the
field of labour exchange. This means that some occupations will be classified
by 5-6 digits, while others have 2-3 digits. This classification will comply with the
ISCO-88(COM) standards.</Description>
    </DescriptionGrp>
    <ContactInformation>
      <Person xmlns="http://www.ssb.no/ns/meta/common">iha</Person>
      <Division xmlns="http://www.ssb.no/ns/meta/common">260</Division>
    </ContactInformation>
    <NoteGrp>
      <Note xml:lang="nn">Klassifikasjonsprinsippet i denne er heilt forskjellig frå den tidlegare versjonen, t.d. inngår kompetanse som ein viktig del av STYRK, mens den tidlegare versjonen var meir bransjeorientert.</Note>
      <Note xml:lang="nb">Klassifikasjonsprinsippet i denne er helt forskjellig fra den tidligere versjonen, f.eks. inngår kompetanse som en viktig del av STYRK, mens den tidligere versjonen var mer bransjeorientert.</Note>
      <Note xml:lang="en">The classification principle in this version is quite different from the previous one. In this version skill is the main classification principle, while the previous one was based on activity units.</Note>
    </NoteGrp>
  </CodelistMeta>
  <Codes>
    <Code id="urn:ssb:code:stabas:380708-380716">
      <CodeValue>0</CodeValue>
      <CodeTextGrp>
        <CodeText xml:lang="nn">Militære yrke og uoppgjevne</CodeText>
        <CodeText xml:lang="nb">Militære yrker og uoppgitt</CodeText>
        <CodeText xml:lang="en">Armed forces and unspecified</CodeText>
      </CodeTextGrp>
    </Code>
    <Code id="urn:ssb:code:stabas:380708-380734">
      <CodeValue>1</CodeValue>
      <CodeTextGrp>
        <CodeText xml:lang="nn">Administrative leiarar og politikarar</CodeText>
        <CodeText xml:lang="nb">Administrative ledere og politikere</CodeText>
        <CodeText xml:lang="en">Legislators, senior officials and managers</CodeText>
      </CodeTextGrp>
    </Code>
    <Code id="urn:ssb:code:stabas:380708-380924">
      <CodeValue>2</CodeValue>
      <CodeTextGrp>
        <CodeText xml:lang="nn">Akademiske yrke</CodeText>
        <CodeText xml:lang="nb">Akademiske yrker</CodeText>
        <CodeText xml:lang="en">Professionals</CodeText>
      </CodeTextGrp>
    </Code>
    <Code id="urn:ssb:code:stabas:380708-381178">
      <CodeValue>3</CodeValue>
      <CodeTextGrp>
        <CodeText xml:lang="nn">Yrke med kortare høgskule- og universitetsutdanning og teknikarar</CodeText>
        <CodeText xml:lang="nb">Yrker med kortere høyskole- og universitetsutdanning og teknikere</CodeText>
        <CodeText xml:lang="en">Technicians and associate professionals</CodeText>
      </CodeTextGrp>
    </Code>
    <Code id="urn:ssb:code:stabas:380708-381562">
      <CodeValue>4</CodeValue>
      <CodeTextGrp>
        <CodeText xml:lang="nn">Kontor- og kundeserviceyrke</CodeText>
        <CodeText xml:lang="nb">Kontor- og kundeserviceyrker</CodeText>
        <CodeText xml:lang="en">Clerks</CodeText>
      </CodeTextGrp>
    </Code>
    <Code id="urn:ssb:code:stabas:380708-381718">
      <CodeValue>5</CodeValue>
      <CodeTextGrp>
        <CodeText xml:lang="nn">Sals-, service- og omsorgsyrke</CodeText>
        <CodeText xml:lang="nb">Salgs-, service- og omsorgsyrker</CodeText>
        <CodeText xml:lang="en">Service workers and shop and market sales workers</CodeText>
      </CodeTextGrp>
    </Code>
    <Code id="urn:ssb:code:stabas:380708-381796">
      <CodeValue>6</CodeValue>
      <CodeTextGrp>
        <CodeText xml:lang="nn">Yrke innan jordbruk, skogbruk og fiske</CodeText>
        <CodeText xml:lang="nb">Yrker innen jordbruk, skogbruk og fiske</CodeText>
        <CodeText xml:lang="en">Agricultural, forestry and fishery workers</CodeText>
      </CodeTextGrp>
    </Code>
    <Code id="urn:ssb:code:stabas:380708-381938">
      <CodeValue>7</CodeValue>
      <CodeTextGrp>
        <CodeText xml:lang="nn">Handverkarar o.l.</CodeText>
        <CodeText xml:lang="nb">Håndverkere o.l.</CodeText>
        <CodeText xml:lang="en">Craft and related trades workers</CodeText>
      </CodeTextGrp>
    </Code>
    <Code id="urn:ssb:code:stabas:380708-382314">
      <CodeValue>8</CodeValue>
      <CodeTextGrp>
        <CodeText xml:lang="nn">Operatørar i prosessindustri og serieproduksjon, og transportarbeidarar</CodeText>
        <CodeText xml:lang="nb">Prosess- og maskinoperatører, transportarbeidere mv.</CodeText>
        <CodeText xml:lang="en">Plant and machine operators and assemblers</CodeText>
      </CodeTextGrp>
    </Code>
    <Code id="urn:ssb:code:stabas:380708-382570">
      <CodeValue>9</CodeValue>
      <CodeTextGrp>
        <CodeText xml:lang="nn">Yrke utan krav til utdanning</CodeText>
        <CodeText xml:lang="nb">Yrker uten krav til utdanning</CodeText>
        <CodeText xml:lang="en">Elementary occupations</CodeText>
      </CodeTextGrp>
    </Code>
  </Codes>
</Codelist>