<?xml version="1.0" encoding="utf-8"?>
<Codelist xmlns:xsi="http://www.w3.org/2001/XMLSchema-instance" xmlns:xsd="http://www.w3.org/2001/XMLSchema" id="urn:ssb:codelist:stabas:4090108" defaultValidFrom="1993-01-01" defaultValidTo="2007-12-31" lastChangedDate="2012-10-29" parentCodelistId="urn:ssb:codelist:stabas:4090106" isCurrent="false" relationId="urn:ssb:classversion:stabas:4090102" xmlns="http://www.ssb.no/ns/meta/codelist">
  <CodelistMeta>
    <TitleGrp>
      <Title xml:lang="nn">Standard for vareslag i transportstatistikken 1993: Gruppe</Title>
      <Title xml:lang="nb">Standard for vareslag i transportstatistikken 1993: Gruppe</Title>
      <Title xml:lang="en">Standard Goods Nomenclature for Transport Statistics 1993: Group</Title>
    </TitleGrp>
    <DescriptionGrp>
      <Description xml:lang="nn">Standard for vareslag i transportstatistikken vert brukt for varer som blir transporterte på veg, sjø og jarnbane.</Description>
      <Description xml:lang="nb">Standard for vareslag i transportstatistikken  brukes for varer som transporteres på vei, sjø og jernbane.</Description>
      <Description xml:lang="en">Standard Goods Nomenclature for Transport Statistics</Description>
    </DescriptionGrp>
    <ContactInformation>
      <Person xmlns="http://www.ssb.no/ns/meta/common">krn</Person>
      <Division xmlns="http://www.ssb.no/ns/meta/common">440</Division>
    </ContactInformation>
    <NoteGrp>
      <Note xml:lang="nn">Ikkje relevant</Note>
      <Note xml:lang="nb">Ikke relevant</Note>
      <Note xml:lang="en">Not relevant</Note>
    </NoteGrp>
  </CodelistMeta>
  <Codes>
    <Code id="urn:ssb:code:stabas:4090108-4090114" parentCodeId="urn:ssb:code:stabas:4090106-4090112">
      <CodeValue>00</CodeValue>
      <CodeTextGrp>
        <CodeText xml:lang="nn">Levande dyr</CodeText>
        <CodeText xml:lang="nb">Levende dyr</CodeText>
        <CodeText xml:lang="en">Live animals</CodeText>
      </CodeTextGrp>
    </Code>
    <Code id="urn:ssb:code:stabas:4090108-4090118" parentCodeId="urn:ssb:code:stabas:4090106-4090112">
      <CodeValue>01</CodeValue>
      <CodeTextGrp>
        <CodeText xml:lang="nn">Korn</CodeText>
        <CodeText xml:lang="nb">Korn</CodeText>
        <CodeText xml:lang="en">Cereals</CodeText>
      </CodeTextGrp>
    </Code>
    <Code id="urn:ssb:code:stabas:4090108-4090134" parentCodeId="urn:ssb:code:stabas:4090106-4090112">
      <CodeValue>02</CodeValue>
      <CodeTextGrp>
        <CodeText xml:lang="nn">Poteter</CodeText>
        <CodeText xml:lang="nb">Poteter</CodeText>
        <CodeText xml:lang="en">Potatoes</CodeText>
      </CodeTextGrp>
    </Code>
    <Code id="urn:ssb:code:stabas:4090108-4090138" parentCodeId="urn:ssb:code:stabas:4090106-4090112">
      <CodeValue>03</CodeValue>
      <CodeTextGrp>
        <CodeText xml:lang="nn">Andre grønsaker, ferske eller frosne, fersk frukt</CodeText>
        <CodeText xml:lang="nb">Andre grønnsaker, ferske eller frosne, fersk frukt</CodeText>
        <CodeText xml:lang="en">Other fresh or frozen fruit and vegetables</CodeText>
      </CodeTextGrp>
    </Code>
    <Code id="urn:ssb:code:stabas:4090108-4090146" parentCodeId="urn:ssb:code:stabas:4090106-4090112">
      <CodeValue>04</CodeValue>
      <CodeTextGrp>
        <CodeText xml:lang="nn">Tekstiler, tekstilvarer og avfallsprodukt</CodeText>
        <CodeText xml:lang="nb">Tekstiler, tekstilvarer og avfallsprodukter</CodeText>
        <CodeText xml:lang="en">Textiles, textile articles and man-made fibres</CodeText>
      </CodeTextGrp>
    </Code>
    <Code id="urn:ssb:code:stabas:4090108-4090158" parentCodeId="urn:ssb:code:stabas:4090106-4090112">
      <CodeValue>05</CodeValue>
      <CodeTextGrp>
        <CodeText xml:lang="nn">Tre og kork</CodeText>
        <CodeText xml:lang="nb">Tre og kork</CodeText>
        <CodeText xml:lang="en">Wood and cork</CodeText>
      </CodeTextGrp>
    </Code>
    <Code id="urn:ssb:code:stabas:4090108-4090170" parentCodeId="urn:ssb:code:stabas:4090106-4090112">
      <CodeValue>06</CodeValue>
      <CodeTextGrp>
        <CodeText xml:lang="nn">Sukkerroer</CodeText>
        <CodeText xml:lang="nb">Sukkerroer</CodeText>
        <CodeText xml:lang="en">Sugar-beet</CodeText>
      </CodeTextGrp>
    </Code>
    <Code id="urn:ssb:code:stabas:4090108-4090174" parentCodeId="urn:ssb:code:stabas:4090106-4090112">
      <CodeValue>09</CodeValue>
      <CodeTextGrp>
        <CodeText xml:lang="nn">Anna råmateriale av animalsk eller vegetabilsk opphav</CodeText>
        <CodeText xml:lang="nb">Andre råmaterialer av animalske eller vegetabilske opprinnelse</CodeText>
        <CodeText xml:lang="en">Other raw animal and vegetable materials</CodeText>
      </CodeTextGrp>
    </Code>
    <Code id="urn:ssb:code:stabas:4090108-4090184" parentCodeId="urn:ssb:code:stabas:4090106-4090182">
      <CodeValue>11</CodeValue>
      <CodeTextGrp>
        <CodeText xml:lang="nn">Sukker</CodeText>
        <CodeText xml:lang="nb">Sukker</CodeText>
        <CodeText xml:lang="en">Sugars</CodeText>
      </CodeTextGrp>
    </Code>
    <Code id="urn:ssb:code:stabas:4090108-4090192" parentCodeId="urn:ssb:code:stabas:4090106-4090182">
      <CodeValue>12</CodeValue>
      <CodeTextGrp>
        <CodeText xml:lang="nn">Drikkevarer</CodeText>
        <CodeText xml:lang="nb">Drikkevarer</CodeText>
        <CodeText xml:lang="en">Beverages</CodeText>
      </CodeTextGrp>
    </Code>
    <Code id="urn:ssb:code:stabas:4090108-4090302" parentCodeId="urn:ssb:code:stabas:4090106-4090182">
      <CodeValue>13</CodeValue>
      <CodeTextGrp>
        <CodeText xml:lang="nn">Nytingsmiddel og krydder</CodeText>
        <CodeText xml:lang="nb">Nytelsesmidler og krydder</CodeText>
        <CodeText xml:lang="en">Stimulants and spices</CodeText>
      </CodeTextGrp>
    </Code>
    <Code id="urn:ssb:code:stabas:4090108-4090318" parentCodeId="urn:ssb:code:stabas:4090106-4090182">
      <CodeValue>14</CodeValue>
      <CodeTextGrp>
        <CodeText xml:lang="nn">Fordervelege næringsmiddel</CodeText>
        <CodeText xml:lang="nb">Fordervelige næringsmidler</CodeText>
        <CodeText xml:lang="en">Perishable foodstuffs</CodeText>
      </CodeTextGrp>
    </Code>
    <Code id="urn:ssb:code:stabas:4090108-4090336" parentCodeId="urn:ssb:code:stabas:4090106-4090182">
      <CodeValue>16</CodeValue>
      <CodeTextGrp>
        <CodeText xml:lang="nn">Ufordervelege næringsmiddel og humle</CodeText>
        <CodeText xml:lang="nb">Ufordervelige næringsmidler og humle</CodeText>
        <CodeText xml:lang="en">Other non-perishable foodstuffs and hops</CodeText>
      </CodeTextGrp>
    </Code>
    <Code id="urn:ssb:code:stabas:4090108-4090352" parentCodeId="urn:ssb:code:stabas:4090106-4090182">
      <CodeValue>17</CodeValue>
      <CodeTextGrp>
        <CodeText xml:lang="nn">Dyrefôr og næringsmiddelavfall</CodeText>
        <CodeText xml:lang="nb">Dyrefôr og næringsmiddelavfall</CodeText>
        <CodeText xml:lang="en">Animal food and foodstuff waste</CodeText>
      </CodeTextGrp>
    </Code>
    <Code id="urn:ssb:code:stabas:4090108-4090360" parentCodeId="urn:ssb:code:stabas:4090106-4090182">
      <CodeValue>18</CodeValue>
      <CodeTextGrp>
        <CodeText xml:lang="nn">Oljehaldige frø og frukter, fett</CodeText>
        <CodeText xml:lang="nb">Oljeholdige frø og frukter, fett</CodeText>
        <CodeText xml:lang="en">Oil seeds and oleaginous fruit and fats</CodeText>
      </CodeTextGrp>
    </Code>
    <Code id="urn:ssb:code:stabas:4090108-4090368" parentCodeId="urn:ssb:code:stabas:4090106-4090366">
      <CodeValue>21</CodeValue>
      <CodeTextGrp>
        <CodeText xml:lang="nn">Kol</CodeText>
        <CodeText xml:lang="nb">Kull</CodeText>
        <CodeText xml:lang="en">Coal</CodeText>
      </CodeTextGrp>
    </Code>
    <Code id="urn:ssb:code:stabas:4090108-4090374" parentCodeId="urn:ssb:code:stabas:4090106-4090366">
      <CodeValue>22</CodeValue>
      <CodeTextGrp>
        <CodeText xml:lang="nn">Brunkol og torv</CodeText>
        <CodeText xml:lang="nb">Brunkull og torv</CodeText>
        <CodeText xml:lang="en">Lignite and peat</CodeText>
      </CodeTextGrp>
    </Code>
    <Code id="urn:ssb:code:stabas:4090108-4090382" parentCodeId="urn:ssb:code:stabas:4090106-4090366">
      <CodeValue>23</CodeValue>
      <CodeTextGrp>
        <CodeText xml:lang="nn">Koks</CodeText>
        <CodeText xml:lang="nb">Koks</CodeText>
        <CodeText xml:lang="en">Coke</CodeText>
      </CodeTextGrp>
    </Code>
    <Code id="urn:ssb:code:stabas:4090108-4090390" parentCodeId="urn:ssb:code:stabas:4090106-4090388">
      <CodeValue>31</CodeValue>
      <CodeTextGrp>
        <CodeText xml:lang="nn">Råolje</CodeText>
        <CodeText xml:lang="nb">Råolje</CodeText>
        <CodeText xml:lang="en">Crude petroleum</CodeText>
      </CodeTextGrp>
    </Code>
    <Code id="urn:ssb:code:stabas:4090108-4090394" parentCodeId="urn:ssb:code:stabas:4090106-4090388">
      <CodeValue>32</CodeValue>
      <CodeTextGrp>
        <CodeText xml:lang="nn">Avleidde petroleumsprodukt</CodeText>
        <CodeText xml:lang="nb">Avledede petroleumsprodukter</CodeText>
        <CodeText xml:lang="en">Fuel derivatives</CodeText>
      </CodeTextGrp>
    </Code>
    <Code id="urn:ssb:code:stabas:4090108-4090504" parentCodeId="urn:ssb:code:stabas:4090106-4090388">
      <CodeValue>33</CodeValue>
      <CodeTextGrp>
        <CodeText xml:lang="nn">Energetiske karbonhydridar, luftformige, flytande eller komprimerte</CodeText>
        <CodeText xml:lang="nb">Energetiske karbonhydrider, luftformige, flytende eller komprimerte</CodeText>
        <CodeText xml:lang="en">Gaseous hydrocarbons, liquid or compressed</CodeText>
      </CodeTextGrp>
    </Code>
    <Code id="urn:ssb:code:stabas:4090108-4090508" parentCodeId="urn:ssb:code:stabas:4090106-4090388">
      <CodeValue>34</CodeValue>
      <CodeTextGrp>
        <CodeText xml:lang="nn">Andre avleidde produkt</CodeText>
        <CodeText xml:lang="nb">Andre avledete produkter</CodeText>
        <CodeText xml:lang="en">Non-fuel derivatives</CodeText>
      </CodeTextGrp>
    </Code>
    <Code id="urn:ssb:code:stabas:4090108-4090518" parentCodeId="urn:ssb:code:stabas:4090106-4090516">
      <CodeValue>41</CodeValue>
      <CodeTextGrp>
        <CodeText xml:lang="nn">Jernmalm</CodeText>
        <CodeText xml:lang="nb">Jernmalm</CodeText>
        <CodeText xml:lang="en">Iron-ore</CodeText>
      </CodeTextGrp>
    </Code>
    <Code id="urn:ssb:code:stabas:4090108-4090522" parentCodeId="urn:ssb:code:stabas:4090106-4090516">
      <CodeValue>45</CodeValue>
      <CodeTextGrp>
        <CodeText xml:lang="nn">Ikkje-jernhaldige mineral og avfall frå dette</CodeText>
        <CodeText xml:lang="nb">Ikke-jernholdige mineraler og avfall fra dette</CodeText>
        <CodeText xml:lang="en">Non-ferrous ores and waste</CodeText>
      </CodeTextGrp>
    </Code>
    <Code id="urn:ssb:code:stabas:4090108-4090534" parentCodeId="urn:ssb:code:stabas:4090106-4090516">
      <CodeValue>46</CodeValue>
      <CodeTextGrp>
        <CodeText xml:lang="nn">Jern- og stålavfall og sot frå masomnar</CodeText>
        <CodeText xml:lang="nb">Jern- og stålavfall og sot fra masovner</CodeText>
        <CodeText xml:lang="en">Iron and steel waste and blast-furnace dust</CodeText>
      </CodeTextGrp>
    </Code>
    <Code id="urn:ssb:code:stabas:4090108-4090548" parentCodeId="urn:ssb:code:stabas:4090106-4090546">
      <CodeValue>51</CodeValue>
      <CodeTextGrp>
        <CodeText xml:lang="nn">Ubehandla støypejern og stål, jernlegeringar</CodeText>
        <CodeText xml:lang="nb">Ubearbeidet støpejern og stål, jernlegeringer</CodeText>
        <CodeText xml:lang="en">Pig iron and crude steel</CodeText>
      </CodeTextGrp>
    </Code>
    <Code id="urn:ssb:code:stabas:4090108-4090556" parentCodeId="urn:ssb:code:stabas:4090106-4090546">
      <CodeValue>52</CodeValue>
      <CodeTextGrp>
        <CodeText xml:lang="nn">Halvabrikata av valsa stålprodukt</CodeText>
        <CodeText xml:lang="nb">Halvabrikata av valsete stålprodukter</CodeText>
        <CodeText xml:lang="en">Semi-finished rolled steel products</CodeText>
      </CodeTextGrp>
    </Code>
    <Code id="urn:ssb:code:stabas:4090108-4090562" parentCodeId="urn:ssb:code:stabas:4090106-4090546">
      <CodeValue>53</CodeValue>
      <CodeTextGrp>
        <CodeText xml:lang="nn">Stenger, profiler, valsetråd, materiell til jernbaner og sporvegar av jern og stål</CodeText>
        <CodeText xml:lang="nb">Stenger, profiler, valsetråd, materiell til jernbaner og sporveier av jern og stål</CodeText>
        <CodeText xml:lang="en">Bars, sections, wire rod, railway and tramway track construction material of iron or steel</CodeText>
      </CodeTextGrp>
    </Code>
    <Code id="urn:ssb:code:stabas:4090108-4090574" parentCodeId="urn:ssb:code:stabas:4090106-4090546">
      <CodeValue>54</CodeValue>
      <CodeTextGrp>
        <CodeText xml:lang="nn">Plater og band av stål</CodeText>
        <CodeText xml:lang="nb">Plater og bånd av stål</CodeText>
        <CodeText xml:lang="en">Steel sheets, plates, hoop and strip</CodeText>
      </CodeTextGrp>
    </Code>
    <Code id="urn:ssb:code:stabas:4090108-4090584" parentCodeId="urn:ssb:code:stabas:4090106-4090546">
      <CodeValue>55</CodeValue>
      <CodeTextGrp>
        <CodeText xml:lang="nn">Rør, røremner, støpegods og smiemne av jern eller stål</CodeText>
        <CodeText xml:lang="nb">Rør, røremner, støpegods og smiemner av jern eller stål</CodeText>
        <CodeText xml:lang="en">Tubes, pipes, iron and steel castings and forgings</CodeText>
      </CodeTextGrp>
    </Code>
    <Code id="urn:ssb:code:stabas:4090108-4090590" parentCodeId="urn:ssb:code:stabas:4090106-4090546">
      <CodeValue>56</CodeValue>
      <CodeTextGrp>
        <CodeText xml:lang="nn">Ikkje-jernhaldige metall</CodeText>
        <CodeText xml:lang="nb">Ikke-jernholdige metaller</CodeText>
        <CodeText xml:lang="en">Non-ferrous metals</CodeText>
      </CodeTextGrp>
    </Code>
    <Code id="urn:ssb:code:stabas:4090108-4090706" parentCodeId="urn:ssb:code:stabas:4090106-4090704">
      <CodeValue>61</CodeValue>
      <CodeTextGrp>
        <CodeText xml:lang="nn">Sand, grus, leire, slagg</CodeText>
        <CodeText xml:lang="nb">Sand, grus, leire, slagg</CodeText>
        <CodeText xml:lang="en">Sand, gravel, clay and slag</CodeText>
      </CodeTextGrp>
    </Code>
    <Code id="urn:ssb:code:stabas:4090108-4090718" parentCodeId="urn:ssb:code:stabas:4090106-4090704">
      <CodeValue>62</CodeValue>
      <CodeTextGrp>
        <CodeText xml:lang="nn">Salt, svovelkis og svovel</CodeText>
        <CodeText xml:lang="nb">Salt, svovelkis og svovel</CodeText>
        <CodeText xml:lang="en">Salt, iron pyrites, sulphur</CodeText>
      </CodeTextGrp>
    </Code>
    <Code id="urn:ssb:code:stabas:4090108-4090726" parentCodeId="urn:ssb:code:stabas:4090106-4090704">
      <CodeValue>63</CodeValue>
      <CodeTextGrp>
        <CodeText xml:lang="nn">Andre stein- og jordarter og mineral</CodeText>
        <CodeText xml:lang="nb">Andre stein- og jordarter og mineraler</CodeText>
        <CodeText xml:lang="en">Other stone earths and minerals</CodeText>
      </CodeTextGrp>
    </Code>
    <Code id="urn:ssb:code:stabas:4090108-4090738" parentCodeId="urn:ssb:code:stabas:4090106-4090704">
      <CodeValue>64</CodeValue>
      <CodeTextGrp>
        <CodeText xml:lang="nn">Sement, kalk</CodeText>
        <CodeText xml:lang="nb">Sement, kalk</CodeText>
        <CodeText xml:lang="en">Cement lime</CodeText>
      </CodeTextGrp>
    </Code>
    <Code id="urn:ssb:code:stabas:4090108-4090744" parentCodeId="urn:ssb:code:stabas:4090106-4090704">
      <CodeValue>65</CodeValue>
      <CodeTextGrp>
        <CodeText xml:lang="nn">Gips</CodeText>
        <CodeText xml:lang="nb">Gips</CodeText>
        <CodeText xml:lang="en">Plasters</CodeText>
      </CodeTextGrp>
    </Code>
    <Code id="urn:ssb:code:stabas:4090108-4090748" parentCodeId="urn:ssb:code:stabas:4090106-4090704">
      <CodeValue>69</CodeValue>
      <CodeTextGrp>
        <CodeText xml:lang="nn">Andre bygningsmaterialar, tilverka</CodeText>
        <CodeText xml:lang="nb">Andre bygningsmaterialer, bearbeidde</CodeText>
        <CodeText xml:lang="en">Other manufactured building materials</CodeText>
      </CodeTextGrp>
    </Code>
    <Code id="urn:ssb:code:stabas:4090108-4090756" parentCodeId="urn:ssb:code:stabas:4090106-4090754">
      <CodeValue>71</CodeValue>
      <CodeTextGrp>
        <CodeText xml:lang="nn">Naturlege gjødningsstoff</CodeText>
        <CodeText xml:lang="nb">Naturlige gjødningsstoffer</CodeText>
        <CodeText xml:lang="en">Natural fertilizers</CodeText>
      </CodeTextGrp>
    </Code>
    <Code id="urn:ssb:code:stabas:4090108-4090766" parentCodeId="urn:ssb:code:stabas:4090106-4090754">
      <CodeValue>72</CodeValue>
      <CodeTextGrp>
        <CodeText xml:lang="nn">Kjemiske gjødningsstoff</CodeText>
        <CodeText xml:lang="nb">Kjemiske gjødningsstoffer</CodeText>
        <CodeText xml:lang="en">Chemical fertilizers</CodeText>
      </CodeTextGrp>
    </Code>
    <Code id="urn:ssb:code:stabas:4090108-4090780" parentCodeId="urn:ssb:code:stabas:4090106-4090778">
      <CodeValue>81</CodeValue>
      <CodeTextGrp>
        <CodeText xml:lang="nn">Kjemiske basisprodukt</CodeText>
        <CodeText xml:lang="nb">Kjemiske basisprodukter</CodeText>
        <CodeText xml:lang="en">Basic chemicals</CodeText>
      </CodeTextGrp>
    </Code>
    <Code id="urn:ssb:code:stabas:4090108-4090792" parentCodeId="urn:ssb:code:stabas:4090106-4090778">
      <CodeValue>82</CodeValue>
      <CodeTextGrp>
        <CodeText xml:lang="nn">Oksid og hydroksid av aluminium</CodeText>
        <CodeText xml:lang="nb">Oksid og hydroksid av aluminium</CodeText>
        <CodeText xml:lang="en">Aluminium oxide and hydroxide</CodeText>
      </CodeTextGrp>
    </Code>
    <Code id="urn:ssb:code:stabas:4090108-4090796" parentCodeId="urn:ssb:code:stabas:4090106-4090778">
      <CodeValue>83</CodeValue>
      <CodeTextGrp>
        <CodeText xml:lang="nn">Kolkjemiske produkt</CodeText>
        <CodeText xml:lang="nb">Kullkjemiske produkter</CodeText>
        <CodeText xml:lang="en">Coal chemicals</CodeText>
      </CodeTextGrp>
    </Code>
    <Code id="urn:ssb:code:stabas:4090108-4090902" parentCodeId="urn:ssb:code:stabas:4090106-4090778">
      <CodeValue>84</CodeValue>
      <CodeTextGrp>
        <CodeText xml:lang="nn">Papirmasse og papiravfall</CodeText>
        <CodeText xml:lang="nb">Papirmasse og papiravfall</CodeText>
        <CodeText xml:lang="en">Paper pulp and waste paper</CodeText>
      </CodeTextGrp>
    </Code>
    <Code id="urn:ssb:code:stabas:4090108-4090908" parentCodeId="urn:ssb:code:stabas:4090106-4090778">
      <CodeValue>89</CodeValue>
      <CodeTextGrp>
        <CodeText xml:lang="nn">Andre kjemiske produkt</CodeText>
        <CodeText xml:lang="nb">Andre kjemiske produkter</CodeText>
        <CodeText xml:lang="en">Other chemical products</CodeText>
      </CodeTextGrp>
    </Code>
    <Code id="urn:ssb:code:stabas:4090108-4090924" parentCodeId="urn:ssb:code:stabas:4090106-4090922">
      <CodeValue>91</CodeValue>
      <CodeTextGrp>
        <CodeText xml:lang="nn">Transportmateriell</CodeText>
        <CodeText xml:lang="nb">Transportmateriell</CodeText>
        <CodeText xml:lang="en">Transport equipment</CodeText>
      </CodeTextGrp>
    </Code>
    <Code id="urn:ssb:code:stabas:4090108-4090928" parentCodeId="urn:ssb:code:stabas:4090106-4090922">
      <CodeValue>92</CodeValue>
      <CodeTextGrp>
        <CodeText xml:lang="nn">Traktorar, landbruksmaskiner og materiell</CodeText>
        <CodeText xml:lang="nb">Traktorer, landbruksmaskiner og materiell</CodeText>
        <CodeText xml:lang="en">Tractors</CodeText>
      </CodeTextGrp>
    </Code>
    <Code id="urn:ssb:code:stabas:4090108-4090932" parentCodeId="urn:ssb:code:stabas:4090106-4090922">
      <CodeValue>93</CodeValue>
      <CodeTextGrp>
        <CodeText xml:lang="nn">Andre maskiner og reiskapar, motorar og delar</CodeText>
        <CodeText xml:lang="nb">Andre maskiner og redskap, motorer og deler</CodeText>
        <CodeText xml:lang="en">Other machinery apparatus and appliances, engines, parts thereof</CodeText>
      </CodeTextGrp>
    </Code>
    <Code id="urn:ssb:code:stabas:4090108-4090938" parentCodeId="urn:ssb:code:stabas:4090106-4090922">
      <CodeValue>94</CodeValue>
      <CodeTextGrp>
        <CodeText xml:lang="nn">Metallvarer</CodeText>
        <CodeText xml:lang="nb">Metallvarer</CodeText>
        <CodeText xml:lang="en">Manufactures of material</CodeText>
      </CodeTextGrp>
    </Code>
    <Code id="urn:ssb:code:stabas:4090108-4090944" parentCodeId="urn:ssb:code:stabas:4090106-4090922">
      <CodeValue>95</CodeValue>
      <CodeTextGrp>
        <CodeText xml:lang="nn">Glas, glasvarer, keramiske produkt</CodeText>
        <CodeText xml:lang="nb">Glass, glassvarer, keramiske produkter</CodeText>
        <CodeText xml:lang="en">Glass, glassware, ceramic products</CodeText>
      </CodeTextGrp>
    </Code>
    <Code id="urn:ssb:code:stabas:4090108-4090950" parentCodeId="urn:ssb:code:stabas:4090106-4090922">
      <CodeValue>96</CodeValue>
      <CodeTextGrp>
        <CodeText xml:lang="nn">Lær, tekstilar, klede</CodeText>
        <CodeText xml:lang="nb">Lær, tekstiler, bekledning</CodeText>
        <CodeText xml:lang="en">Leather, textiles and clothing</CodeText>
      </CodeTextGrp>
    </Code>
    <Code id="urn:ssb:code:stabas:4090108-4090958" parentCodeId="urn:ssb:code:stabas:4090106-4090922">
      <CodeValue>97</CodeValue>
      <CodeTextGrp>
        <CodeText xml:lang="nn">Diverse behandla varer</CodeText>
        <CodeText xml:lang="nb">Diverse bearbeidde varer</CodeText>
        <CodeText xml:lang="en">Other manufactured articles</CodeText>
      </CodeTextGrp>
    </Code>
    <Code id="urn:ssb:code:stabas:4090108-4090974" parentCodeId="urn:ssb:code:stabas:4090106-4090922">
      <CodeValue>99</CodeValue>
      <CodeTextGrp>
        <CodeText xml:lang="nn">Diverse produkt (inkl. stykkgods)</CodeText>
        <CodeText xml:lang="nb">Diverse produkter (inkl. stykkgods)</CodeText>
        <CodeText xml:lang="en">Miscellaneous articles</CodeText>
      </CodeTextGrp>
    </Code>
  </Codes>
</Codelist>