<?xml version="1.0" encoding="utf-8"?>
<Codelist xmlns:xsi="http://www.w3.org/2001/XMLSchema-instance" xmlns:xsd="http://www.w3.org/2001/XMLSchema" id="urn:ssb:codelist:stabas:4094106" defaultValidFrom="2005-01-01" lastChangedDate="2012-10-24" isCurrent="true" relationId="urn:ssb:classversion:stabas:4094102" xmlns="http://www.ssb.no/ns/meta/codelist">
  <CodelistMeta>
    <TitleGrp>
      <Title xml:lang="nn">Hamnedistrikt 2005: Rapporterande hamner</Title>
      <Title xml:lang="nb">Havnedistrikt 2005: Rapporterende havner</Title>
      <Title xml:lang="en">Port district 2005: Reporting ports</Title>
    </TitleGrp>
    <DescriptionGrp>
      <Description xml:lang="nn">Eit hamnedistrikt omfattar det geografiske området ein kommunal eller interkommunal hamneadministrasjon har ansvaret for.</Description>
      <Description xml:lang="nb">Et havnedistrikt omfatter det geografiske området den kommunale eller interkommunale havneadministrasjonen har ansvaret for.</Description>
      <Description xml:lang="en">A port district is the geographic area a public port administration is responsible of.</Description>
    </DescriptionGrp>
    <ContactInformation>
      <Person xmlns="http://www.ssb.no/ns/meta/common">gmo</Person>
      <Division xmlns="http://www.ssb.no/ns/meta/common">440</Division>
    </ContactInformation>
    <NoteGrp>
      <Note xml:lang="nn">Ikkje relevant</Note>
      <Note xml:lang="nb">Ikke relevant</Note>
      <Note xml:lang="en">Not relevant</Note>
    </NoteGrp>
  </CodelistMeta>
  <Codes>
    <Code id="urn:ssb:code:stabas:4094106-4094110">
      <CodeValue>NOAES</CodeValue>
      <CodeTextGrp>
        <CodeText xml:lang="nn">Ålesund Havn KF</CodeText>
        <CodeText xml:lang="nb">Ålesund Havn KF</CodeText>
        <CodeText xml:lang="en">Ålesund Port Authority</CodeText>
      </CodeTextGrp>
    </Code>
    <Code id="urn:ssb:code:stabas:4094106-4094112">
      <CodeValue>NOBGO</CodeValue>
      <CodeTextGrp>
        <CodeText xml:lang="nn">Bergen og Omland Havnevesen</CodeText>
        <CodeText xml:lang="nb">Bergen og Omland Havnevesen</CodeText>
        <CodeText xml:lang="en">Bergen and Omland Port Authority</CodeText>
      </CodeTextGrp>
    </Code>
    <Code id="urn:ssb:code:stabas:4094106-4094114">
      <CodeValue>NOBOO</CodeValue>
      <CodeTextGrp>
        <CodeText xml:lang="nn">Bodø Havn KF</CodeText>
        <CodeText xml:lang="nb">Bodø Havn KF</CodeText>
        <CodeText xml:lang="en">Bodø Port Authority</CodeText>
      </CodeTextGrp>
    </Code>
    <Code id="urn:ssb:code:stabas:4094106-4204105">
      <CodeValue>NOBRE</CodeValue>
      <CodeTextGrp>
        <CodeText xml:lang="nn">Bremanger Hamnevesen KF</CodeText>
        <CodeText xml:lang="nb">Bremanger Hamnevesen KF</CodeText>
        <CodeText xml:lang="en">Bremanger Port Authority</CodeText>
      </CodeTextGrp>
    </Code>
    <Code id="urn:ssb:code:stabas:4094106-4094118">
      <CodeValue>NOBRG</CodeValue>
      <CodeTextGrp>
        <CodeText xml:lang="nn">Borg Havn IKS</CodeText>
        <CodeText xml:lang="nb">Borg Havn IKS</CodeText>
        <CodeText xml:lang="en">Borg Port Authority</CodeText>
      </CodeTextGrp>
    </Code>
    <Code id="urn:ssb:code:stabas:4094106-4094120">
      <CodeValue>NOBRO</CodeValue>
      <CodeTextGrp>
        <CodeText xml:lang="nn">Brønnøy Havn KF</CodeText>
        <CodeText xml:lang="nb">Brønnøy Havn KF</CodeText>
        <CodeText xml:lang="en">Brønnøy Port Authority</CodeText>
      </CodeTextGrp>
    </Code>
    <Code id="urn:ssb:code:stabas:4094106-4094122">
      <CodeValue>NODRM</CodeValue>
      <CodeTextGrp>
        <CodeText xml:lang="nn">Drammensregionens Interkommunale Havnevesen</CodeText>
        <CodeText xml:lang="nb">Drammensregionens Interkommunale Havnevesen</CodeText>
        <CodeText xml:lang="en">Drammen Port Authority</CodeText>
      </CodeTextGrp>
    </Code>
    <Code id="urn:ssb:code:stabas:4094106-4094124">
      <CodeValue>NOEGD</CodeValue>
      <CodeTextGrp>
        <CodeText xml:lang="nn">Eigersund Havnevesen KF</CodeText>
        <CodeText xml:lang="nb">Eigersund Havnevesen KF</CodeText>
        <CodeText xml:lang="en">Eigersund Port Authority</CodeText>
      </CodeTextGrp>
    </Code>
    <Code id="urn:ssb:code:stabas:4094106-4094128">
      <CodeValue>NOFRO</CodeValue>
      <CodeTextGrp>
        <CodeText xml:lang="nn">Flora Hamn og Næring KF</CodeText>
        <CodeText xml:lang="nb">Flora Hamn og Næring KF</CodeText>
        <CodeText xml:lang="en">Flora Port Authority</CodeText>
      </CodeTextGrp>
    </Code>
    <Code id="urn:ssb:code:stabas:4094106-4094130">
      <CodeValue>NOGVL</CodeValue>
      <CodeTextGrp>
        <CodeText xml:lang="nn">Grenland Havn IKS</CodeText>
        <CodeText xml:lang="nb">Grenland Havn IKS</CodeText>
        <CodeText xml:lang="en">Grenland Port Authority</CodeText>
      </CodeTextGrp>
    </Code>
    <Code id="urn:ssb:code:stabas:4094106-4094132">
      <CodeValue>NOKAS</CodeValue>
      <CodeTextGrp>
        <CodeText xml:lang="nn">Karmsund Interkommunale Havnevesen IKS</CodeText>
        <CodeText xml:lang="nb">Karmsund Interkommunale Havnevesen IKS</CodeText>
        <CodeText xml:lang="en">Karmsund Port Authority</CodeText>
      </CodeTextGrp>
    </Code>
    <Code id="urn:ssb:code:stabas:4094106-4094134">
      <CodeValue>NOKRS</CodeValue>
      <CodeTextGrp>
        <CodeText xml:lang="nn">Kristiansand Havn KF</CodeText>
        <CodeText xml:lang="nb">Kristiansand Havn KF</CodeText>
        <CodeText xml:lang="en">Kristiansand Port Authority</CodeText>
      </CodeTextGrp>
    </Code>
    <Code id="urn:ssb:code:stabas:4094106-4094136">
      <CodeValue>NOKSU</CodeValue>
      <CodeTextGrp>
        <CodeText xml:lang="nn">Kristiansund Havn KF</CodeText>
        <CodeText xml:lang="nb">Kristiansund og Nordmøre Havn IKS</CodeText>
        <CodeText xml:lang="en">Kristiansund Port Authority</CodeText>
      </CodeTextGrp>
    </Code>
    <Code id="urn:ssb:code:stabas:4094106-4094138">
      <CodeValue>NOLAR</CodeValue>
      <CodeTextGrp>
        <CodeText xml:lang="nn">Larvik Havn KF</CodeText>
        <CodeText xml:lang="nb">Larvik Havn KF</CodeText>
        <CodeText xml:lang="en">Larvik Port Authority</CodeText>
      </CodeTextGrp>
    </Code>
    <Code id="urn:ssb:code:stabas:4094106-4094140">
      <CodeValue>NOMAY</CodeValue>
      <CodeTextGrp>
        <CodeText xml:lang="nn">Nordfjord Havn IKS</CodeText>
        <CodeText xml:lang="nb">Nordfjord Havn IKS</CodeText>
        <CodeText xml:lang="en">Nordfjord Port Authority</CodeText>
      </CodeTextGrp>
    </Code>
    <Code id="urn:ssb:code:stabas:4094106-4094144">
      <CodeValue>NOMSS</CodeValue>
      <CodeTextGrp>
        <CodeText xml:lang="nn">Moss Havnevesen KF</CodeText>
        <CodeText xml:lang="nb">Moss Havnevesen KF</CodeText>
        <CodeText xml:lang="en">Moss Port Authority</CodeText>
      </CodeTextGrp>
    </Code>
    <Code id="urn:ssb:code:stabas:4094106-4094146">
      <CodeValue>NONVK</CodeValue>
      <CodeTextGrp>
        <CodeText xml:lang="nn">Narvik Havn KF</CodeText>
        <CodeText xml:lang="nb">Narvik Havn KF</CodeText>
        <CodeText xml:lang="en">Narvik Port Authority</CodeText>
      </CodeTextGrp>
    </Code>
    <Code id="urn:ssb:code:stabas:4094106-4094150">
      <CodeValue>NOOSL</CodeValue>
      <CodeTextGrp>
        <CodeText xml:lang="nn">Oslo Havn KF</CodeText>
        <CodeText xml:lang="nb">Oslo Havn KF</CodeText>
        <CodeText xml:lang="en">Oslo Port Authority</CodeText>
      </CodeTextGrp>
    </Code>
    <Code id="urn:ssb:code:stabas:4094106-4094152">
      <CodeValue>NORNA</CodeValue>
      <CodeTextGrp>
        <CodeText xml:lang="nn">Mo i Rana Havn KF</CodeText>
        <CodeText xml:lang="nb">Mo i Rana Havn KF</CodeText>
        <CodeText xml:lang="en">Rana Port Authority</CodeText>
      </CodeTextGrp>
    </Code>
    <Code id="urn:ssb:code:stabas:4094106-4094154">
      <CodeValue>NOSAD</CodeValue>
      <CodeTextGrp>
        <CodeText xml:lang="nn">Sandefjord Havnevesen</CodeText>
        <CodeText xml:lang="nb">Sandefjord Havnevesen</CodeText>
        <CodeText xml:lang="en">Sandefjord Port Authority</CodeText>
      </CodeTextGrp>
    </Code>
    <Code id="urn:ssb:code:stabas:4094106-4094162">
      <CodeValue>NOSVG</CodeValue>
      <CodeTextGrp>
        <CodeText xml:lang="nn">Stavanger Interkommunale Havn IKS</CodeText>
        <CodeText xml:lang="nb">Stavanger Interkommunale Havn IKS</CodeText>
        <CodeText xml:lang="en">Stavanger Port Authority</CodeText>
      </CodeTextGrp>
    </Code>
    <Code id="urn:ssb:code:stabas:4094106-4094164">
      <CodeValue>NOTON</CodeValue>
      <CodeTextGrp>
        <CodeText xml:lang="nn">Tønsberg Havnevesen</CodeText>
        <CodeText xml:lang="nb">Tønsberg Havnevesen</CodeText>
        <CodeText xml:lang="en">Tønsberg Port Authority</CodeText>
      </CodeTextGrp>
    </Code>
    <Code id="urn:ssb:code:stabas:4094106-4094166">
      <CodeValue>NOTOS</CodeValue>
      <CodeTextGrp>
        <CodeText xml:lang="nn">Tromsø Havn KF</CodeText>
        <CodeText xml:lang="nb">Tromsø Havn KF</CodeText>
        <CodeText xml:lang="en">Tromsø Port Authority</CodeText>
      </CodeTextGrp>
    </Code>
    <Code id="urn:ssb:code:stabas:4094106-4094168">
      <CodeValue>NOTRD</CodeValue>
      <CodeTextGrp>
        <CodeText xml:lang="nn">Trondheim Havn</CodeText>
        <CodeText xml:lang="nb">Trondheimsfjorden Interkommunale Havn IKS</CodeText>
        <CodeText xml:lang="en">Trondheim Port Authority</CodeText>
      </CodeTextGrp>
    </Code>
    <Code id="urn:ssb:code:stabas:4094106-4094172">
      <CodeValue>NOVER</CodeValue>
      <CodeTextGrp>
        <CodeText xml:lang="nn">Indre Trondheimsfjord Havnevesen IKS</CodeText>
        <CodeText xml:lang="nb">Indre Trondheimsfjord Havnevesen IKS</CodeText>
        <CodeText xml:lang="en">Indre Trondheimsfjord Port Authority</CodeText>
      </CodeTextGrp>
    </Code>
  </Codes>
</Codelist>