<?xml version="1.0" encoding="utf-8"?>
<Codelist xmlns:xsi="http://www.w3.org/2001/XMLSchema-instance" xmlns:xsd="http://www.w3.org/2001/XMLSchema" id="urn:ssb:codelist:stabas:4096106" defaultValidFrom="1964-01-01" lastChangedDate="2012-10-25" isCurrent="true" relationId="urn:ssb:classversion:stabas:4096102" xmlns="http://www.ssb.no/ns/meta/codelist">
  <CodelistMeta>
    <TitleGrp>
      <Title xml:lang="nn">Skadegrad 1964: Skadegrad</Title>
      <Title xml:lang="nb">Skadegrad 1964: Skadegrad</Title>
      <Title xml:lang="en">Injury 1964: Degree of injury</Title>
    </TitleGrp>
    <DescriptionGrp>
      <Description xml:lang="nn">Inndeling av drepte og skadde personar som eit resultat av ei vegtrafikkulykke i ulike grupper for kor alvorleg skaden er.</Description>
      <Description xml:lang="nb">Inndeling av drepte og skadde personer som et resultat av en veitrafikkulykke, i ulike grupper for hvor alvorlig skaden er.</Description>
      <Description xml:lang="en">Persons killed or injured in road accidents, divided into groups of severity.</Description>
    </DescriptionGrp>
    <ContactInformation>
      <Person xmlns="http://www.ssb.no/ns/meta/common">hel</Person>
      <Division xmlns="http://www.ssb.no/ns/meta/common">440</Division>
    </ContactInformation>
    <NoteGrp>
      <Note xml:lang="nn">Ikkje relevant</Note>
      <Note xml:lang="nb">Ikke relevant</Note>
      <Note xml:lang="en">Not relevant</Note>
    </NoteGrp>
  </CodelistMeta>
  <Codes>
    <Code id="urn:ssb:code:stabas:4096106-4096108">
      <CodeValue>1</CodeValue>
      <CodeTextGrp>
        <CodeText xml:lang="nn">Drept</CodeText>
        <CodeText xml:lang="nb">Drept</CodeText>
        <CodeText xml:lang="en">Killed</CodeText>
      </CodeTextGrp>
    </Code>
    <Code id="urn:ssb:code:stabas:4096106-4096110">
      <CodeValue>2</CodeValue>
      <CodeTextGrp>
        <CodeText xml:lang="nn">Svært alvorleg skadd</CodeText>
        <CodeText xml:lang="nb">Meget alvorlig skadd</CodeText>
        <CodeText xml:lang="en">Very seriously injured</CodeText>
      </CodeTextGrp>
    </Code>
    <Code id="urn:ssb:code:stabas:4096106-4096112">
      <CodeValue>3</CodeValue>
      <CodeTextGrp>
        <CodeText xml:lang="nn">Alvorleg skadd</CodeText>
        <CodeText xml:lang="nb">Alvorlig skadd</CodeText>
        <CodeText xml:lang="en">Seriously injured</CodeText>
      </CodeTextGrp>
    </Code>
    <Code id="urn:ssb:code:stabas:4096106-4096114">
      <CodeValue>4</CodeValue>
      <CodeTextGrp>
        <CodeText xml:lang="nn">Lettare skadd</CodeText>
        <CodeText xml:lang="nb">Lettere skadd</CodeText>
        <CodeText xml:lang="en">Slightly injured</CodeText>
      </CodeTextGrp>
    </Code>
    <Code id="urn:ssb:code:stabas:4096106-4096116">
      <CodeValue>5</CodeValue>
      <CodeTextGrp>
        <CodeText xml:lang="nn">Uoppgjeve</CodeText>
        <CodeText xml:lang="nb">Uoppgitt</CodeText>
        <CodeText xml:lang="en">Unspecified</CodeText>
      </CodeTextGrp>
    </Code>
  </Codes>
</Codelist>