<?xml version="1.0" encoding="utf-8"?>
<Codelist xmlns:xsi="http://www.w3.org/2001/XMLSchema-instance" xmlns:xsd="http://www.w3.org/2001/XMLSchema" id="urn:ssb:codelist:stabas:4106103" defaultValidFrom="2005-01-01" defaultValidTo="2005-12-31" lastChangedDate="2011-08-29" isCurrent="false" relationId="urn:ssb:classversion:stabas:4104101" xmlns="http://www.ssb.no/ns/meta/codelist">
  <CodelistMeta>
    <TitleGrp>
      <Title xml:lang="nn">Arbeidsgivaravgiftssoner 2005: Sone </Title>
      <Title xml:lang="nb">Arbeidsgiveravgiftssoner 2005: Sone</Title>
      <Title xml:lang="en">Zones of employer's contribution to the National Insurance 2005: Zone</Title>
    </TitleGrp>
    <DescriptionGrp>
      <Description xml:lang="nn">Soneinndeling for arbeidsgivaravgifta. Presenterer kommunanes sonetilhøring og avgiftssatsane tilhørande dei ulike sonene.</Description>
      <Description xml:lang="nb">Arbeidsgiveravgiftens soneinndeling. Presenterer kommunenes sonetilhørighet og avgiftssatsene tilhørende de ulike sonene.</Description>
      <Description xml:lang="en">Classification of zones of employer's contribution to the National Insurance. Presentation of zones and the municipalities belonging to the different zones.</Description>
    </DescriptionGrp>
    <ContactInformation>
      <Person xmlns="http://www.ssb.no/ns/meta/common">tha</Person>
      <Division xmlns="http://www.ssb.no/ns/meta/common">225</Division>
    </ContactInformation>
    <NoteGrp>
      <Note xml:lang="nn">Ei gradvis opptrapping av avgiften vart vedteke av Stortinget, jf. B.innst.S.nr.1 (2003-2004). Dette inneber ei overgangsordning for arbeidsgivaravgifta, kor satsen aukar årleg med 1,9 prosentpoeng i sone 3 og 2,2 prosentpoeng i sone 4. Arbeidsgivare i sonene 2-4 betaler avgift etter vanleg sats inntil differansen mellom det foretaket faktisk betaler i avgift og det foretaket ville ha betalt i avgift ved full sats på 14,1 prosent er lik fribeløpet på 270 000 kroner i 2005.</Note>
      <Note xml:lang="nb">En gradvis opptrapping av avgiften ble vedtatt av Stortinget, jf. B.innst.S.nr.1 (2003-2004). Dette innebærer en overgangsordning for arbeidsgiveravgiften, hvor satsen økes årlig med 1,9 prosentpoeng i sone 3 og 2,2 prosentpoeng i sone 4. Arbeidsgivere i sonene 2-4 betaler avgift etter vanlig sats inntil differansen mellom det foretaket faktisk betaler i avgift og det foretaket ville ha betalt i avgift ved en full sats på 14,1 prosent er lik fribeløpet på 270 000 kroner i 2005.</Note>
      <Note xml:lang="en">A gradually escalation of the Employer's contribution to the National Insurance is passed by an act of parliament. This implies that the rate increases once a year by 1.9 per cent in zone 3 and 2.2 per cent in zone 4. The transition arrangement implies that private and municipal concerns in zone 2 and 4 will not be fully compensated by the tax-free allowance.</Note>
    </NoteGrp>
  </CodelistMeta>
  <Codes>
    <Code id="urn:ssb:code:stabas:4106103-4106109">
      <CodeValue>1</CodeValue>
      <CodeTextGrp>
        <CodeText xml:lang="nn">Sone 1 </CodeText>
        <CodeText xml:lang="nb">Sone 1</CodeText>
        <CodeText xml:lang="en">Zone 1</CodeText>
      </CodeTextGrp>
    </Code>
    <Code id="urn:ssb:code:stabas:4106103-4106135">
      <CodeValue>2</CodeValue>
      <CodeTextGrp>
        <CodeText xml:lang="nn">Sone 2 </CodeText>
        <CodeText xml:lang="nb">Sone 2</CodeText>
        <CodeText xml:lang="en">Zone 2</CodeText>
      </CodeTextGrp>
    </Code>
    <Code id="urn:ssb:code:stabas:4106103-4106159">
      <CodeValue>3</CodeValue>
      <CodeTextGrp>
        <CodeText xml:lang="nn">Sone 3 </CodeText>
        <CodeText xml:lang="nb">Sone 3</CodeText>
        <CodeText xml:lang="en">Zone 3</CodeText>
      </CodeTextGrp>
    </Code>
    <Code id="urn:ssb:code:stabas:4106103-4106189">
      <CodeValue>4</CodeValue>
      <CodeTextGrp>
        <CodeText xml:lang="nn">Sone 4 </CodeText>
        <CodeText xml:lang="nb">Sone 4</CodeText>
        <CodeText xml:lang="en">Zone 4</CodeText>
      </CodeTextGrp>
    </Code>
    <Code id="urn:ssb:code:stabas:4106103-4106191">
      <CodeValue>5</CodeValue>
      <CodeTextGrp>
        <CodeText xml:lang="nn">Sone 5 </CodeText>
        <CodeText xml:lang="nb">Sone 5</CodeText>
        <CodeText xml:lang="en">Zone 5</CodeText>
      </CodeTextGrp>
    </Code>
  </Codes>
</Codelist>