<?xml version="1.0" encoding="utf-8"?>
<Codelist xmlns:xsi="http://www.w3.org/2001/XMLSchema-instance" xmlns:xsd="http://www.w3.org/2001/XMLSchema" id="urn:ssb:codelist:stabas:4106105" defaultValidFrom="2005-01-01" defaultValidTo="2005-12-31" lastChangedDate="2011-08-29" parentCodelistId="urn:ssb:codelist:stabas:4106101" isCurrent="false" relationId="urn:ssb:classversion:stabas:4104101" xmlns="http://www.ssb.no/ns/meta/codelist">
  <CodelistMeta>
    <TitleGrp>
      <Title xml:lang="nn">Arbeidsgivaravgiftssoner 2005: Alder </Title>
      <Title xml:lang="nb">Arbeidsgiveravgiftssoner 2005: Alder</Title>
      <Title xml:lang="en">Zones of employer's contribution to the National Insurance 2005: Age</Title>
    </TitleGrp>
    <DescriptionGrp>
      <Description xml:lang="nn">Soneinndeling for arbeidsgivaravgifta. Presenterer kommunanes sonetilhøring og avgiftssatsane tilhørande dei ulike sonene.</Description>
      <Description xml:lang="nb">Arbeidsgiveravgiftens soneinndeling. Presenterer kommunenes sonetilhørighet og avgiftssatsene tilhørende de ulike sonene.</Description>
      <Description xml:lang="en">Classification of zones of employer's contribution to the National Insurance. Presentation of zones and the municipalities belonging to the different zones.</Description>
    </DescriptionGrp>
    <ContactInformation>
      <Person xmlns="http://www.ssb.no/ns/meta/common">tha</Person>
      <Division xmlns="http://www.ssb.no/ns/meta/common">225</Division>
    </ContactInformation>
    <NoteGrp>
      <Note xml:lang="nn">Ei gradvis opptrapping av avgiften vart vedteke av Stortinget, jf. B.innst.S.nr.1 (2003-2004). Dette inneber ei overgangsordning for arbeidsgivaravgifta, kor satsen aukar årleg med 1,9 prosentpoeng i sone 3 og 2,2 prosentpoeng i sone 4. Arbeidsgivare i sonene 2-4 betaler avgift etter vanleg sats inntil differansen mellom det foretaket faktisk betaler i avgift og det foretaket ville ha betalt i avgift ved full sats på 14,1 prosent er lik fribeløpet på 270 000 kroner i 2005.</Note>
      <Note xml:lang="nb">En gradvis opptrapping av avgiften ble vedtatt av Stortinget, jf. B.innst.S.nr.1 (2003-2004). Dette innebærer en overgangsordning for arbeidsgiveravgiften, hvor satsen økes årlig med 1,9 prosentpoeng i sone 3 og 2,2 prosentpoeng i sone 4. Arbeidsgivere i sonene 2-4 betaler avgift etter vanlig sats inntil differansen mellom det foretaket faktisk betaler i avgift og det foretaket ville ha betalt i avgift ved en full sats på 14,1 prosent er lik fribeløpet på 270 000 kroner i 2005.</Note>
      <Note xml:lang="en">A gradually escalation of the Employer's contribution to the National Insurance is passed by an act of parliament. This implies that the rate increases once a year by 1.9 per cent in zone 3 and 2.2 per cent in zone 4. The transition arrangement implies that private and municipal concerns in zone 2 and 4 will not be fully compensated by the tax-free allowance.</Note>
    </NoteGrp>
  </CodelistMeta>
  <Codes>
    <Code id="urn:ssb:code:stabas:4106105-4106113" parentCodeId="urn:ssb:code:stabas:4106101-4106111">
      <CodeValue>1.11</CodeValue>
      <CodeTextGrp>
        <CodeText xml:lang="nn">Under 62 år </CodeText>
        <CodeText xml:lang="nb">Under 62 år</CodeText>
        <CodeText xml:lang="en">Younger than 62 years</CodeText>
      </CodeTextGrp>
    </Code>
    <Code id="urn:ssb:code:stabas:4106105-4106117" parentCodeId="urn:ssb:code:stabas:4106101-4106111">
      <CodeValue>1.12</CodeValue>
      <CodeTextGrp>
        <CodeText xml:lang="nn">Over 62 år </CodeText>
        <CodeText xml:lang="nb">Over 62 år</CodeText>
        <CodeText xml:lang="en">62 years and older</CodeText>
      </CodeTextGrp>
    </Code>
    <Code id="urn:ssb:code:stabas:4106105-4106127" parentCodeId="urn:ssb:code:stabas:4106101-4106125">
      <CodeValue>1.21</CodeValue>
      <CodeTextGrp>
        <CodeText xml:lang="nn">Under 62 år </CodeText>
        <CodeText xml:lang="nb">Under 62 år</CodeText>
        <CodeText xml:lang="en">Younger than 62 years</CodeText>
      </CodeTextGrp>
    </Code>
    <Code id="urn:ssb:code:stabas:4106105-4106131" parentCodeId="urn:ssb:code:stabas:4106101-4106125">
      <CodeValue>1.22</CodeValue>
      <CodeTextGrp>
        <CodeText xml:lang="nn">Over 62 år </CodeText>
        <CodeText xml:lang="nb">Over 62 år</CodeText>
        <CodeText xml:lang="en">62 years and older</CodeText>
      </CodeTextGrp>
    </Code>
    <Code id="urn:ssb:code:stabas:4106105-4106143" parentCodeId="urn:ssb:code:stabas:4106101-4106137">
      <CodeValue>2.11</CodeValue>
      <CodeTextGrp>
        <CodeText xml:lang="nn">Under 62 år </CodeText>
        <CodeText xml:lang="nb">Under 62 år</CodeText>
        <CodeText xml:lang="en">Younger than 62 years</CodeText>
      </CodeTextGrp>
    </Code>
    <Code id="urn:ssb:code:stabas:4106105-4106145" parentCodeId="urn:ssb:code:stabas:4106101-4106137">
      <CodeValue>2.12</CodeValue>
      <CodeTextGrp>
        <CodeText xml:lang="nn">Over 62 år </CodeText>
        <CodeText xml:lang="nb">Over 62 år</CodeText>
        <CodeText xml:lang="en">62 years and older</CodeText>
      </CodeTextGrp>
    </Code>
    <Code id="urn:ssb:code:stabas:4106105-4106147" parentCodeId="urn:ssb:code:stabas:4106101-4106141">
      <CodeValue>2.21</CodeValue>
      <CodeTextGrp>
        <CodeText xml:lang="nn">Under 62 år </CodeText>
        <CodeText xml:lang="nb">Under 62 år</CodeText>
        <CodeText xml:lang="en">Younger than 62 years</CodeText>
      </CodeTextGrp>
    </Code>
    <Code id="urn:ssb:code:stabas:4106105-4106149" parentCodeId="urn:ssb:code:stabas:4106101-4106141">
      <CodeValue>2.22</CodeValue>
      <CodeTextGrp>
        <CodeText xml:lang="nn">Over 62 år </CodeText>
        <CodeText xml:lang="nb">Over 62 år</CodeText>
        <CodeText xml:lang="en">62 years and older</CodeText>
      </CodeTextGrp>
    </Code>
    <Code id="urn:ssb:code:stabas:4106105-4106165" parentCodeId="urn:ssb:code:stabas:4106101-4106161">
      <CodeValue>3.11</CodeValue>
      <CodeTextGrp>
        <CodeText xml:lang="nn">Under 62 år </CodeText>
        <CodeText xml:lang="nb">Under 62 år</CodeText>
        <CodeText xml:lang="en">Younger than 62 years</CodeText>
      </CodeTextGrp>
    </Code>
    <Code id="urn:ssb:code:stabas:4106105-4106181" parentCodeId="urn:ssb:code:stabas:4106101-4106161">
      <CodeValue>3.12</CodeValue>
      <CodeTextGrp>
        <CodeText xml:lang="nn">Over 62 år </CodeText>
        <CodeText xml:lang="nb">Over 62 år</CodeText>
        <CodeText xml:lang="en">62 years and older</CodeText>
      </CodeTextGrp>
    </Code>
    <Code id="urn:ssb:code:stabas:4106105-4106167" parentCodeId="urn:ssb:code:stabas:4106101-4106163">
      <CodeValue>3.21</CodeValue>
      <CodeTextGrp>
        <CodeText xml:lang="nn">Under 62 år </CodeText>
        <CodeText xml:lang="nb">Under 62 år</CodeText>
        <CodeText xml:lang="en">Younger than 62 years</CodeText>
      </CodeTextGrp>
    </Code>
    <Code id="urn:ssb:code:stabas:4106105-4106171" parentCodeId="urn:ssb:code:stabas:4106101-4106163">
      <CodeValue>3.22</CodeValue>
      <CodeTextGrp>
        <CodeText xml:lang="nn">Over 62 år </CodeText>
        <CodeText xml:lang="nb">Over 62 år</CodeText>
        <CodeText xml:lang="en">62 years and older</CodeText>
      </CodeTextGrp>
    </Code>
    <Code id="urn:ssb:code:stabas:4106105-4106197" parentCodeId="urn:ssb:code:stabas:4106101-4106193">
      <CodeValue>4.11</CodeValue>
      <CodeTextGrp>
        <CodeText xml:lang="nn">Under 62 år </CodeText>
        <CodeText xml:lang="nb">Under 62 år</CodeText>
        <CodeText xml:lang="en">Younger than 62 years</CodeText>
      </CodeTextGrp>
    </Code>
    <Code id="urn:ssb:code:stabas:4106105-4106199" parentCodeId="urn:ssb:code:stabas:4106101-4106193">
      <CodeValue>4.12</CodeValue>
      <CodeTextGrp>
        <CodeText xml:lang="nn">Over 62 år </CodeText>
        <CodeText xml:lang="nb">Over 62 år</CodeText>
        <CodeText xml:lang="en">62 years and older</CodeText>
      </CodeTextGrp>
    </Code>
    <Code id="urn:ssb:code:stabas:4106105-4108105" parentCodeId="urn:ssb:code:stabas:4106101-4106195">
      <CodeValue>4.21</CodeValue>
      <CodeTextGrp>
        <CodeText xml:lang="nn">Under 62 år </CodeText>
        <CodeText xml:lang="nb">Under 62 år</CodeText>
        <CodeText xml:lang="en">Younger than 62 years</CodeText>
      </CodeTextGrp>
    </Code>
    <Code id="urn:ssb:code:stabas:4106105-4108107" parentCodeId="urn:ssb:code:stabas:4106101-4106195">
      <CodeValue>4.22</CodeValue>
      <CodeTextGrp>
        <CodeText xml:lang="nn">Over 62 år </CodeText>
        <CodeText xml:lang="nb">Over 62 år</CodeText>
        <CodeText xml:lang="en">62 years and older</CodeText>
      </CodeTextGrp>
    </Code>
    <Code id="urn:ssb:code:stabas:4106105-4108117" parentCodeId="urn:ssb:code:stabas:4106101-4108113">
      <CodeValue>5.11</CodeValue>
      <CodeTextGrp>
        <CodeText xml:lang="nn">Under 62 år </CodeText>
        <CodeText xml:lang="nb">Under 62 år</CodeText>
        <CodeText xml:lang="en">Younger than 62 years</CodeText>
      </CodeTextGrp>
    </Code>
    <Code id="urn:ssb:code:stabas:4106105-4108119" parentCodeId="urn:ssb:code:stabas:4106101-4108113">
      <CodeValue>5.12</CodeValue>
      <CodeTextGrp>
        <CodeText xml:lang="nn">Over 62 år </CodeText>
        <CodeText xml:lang="nb">Over 62 år</CodeText>
        <CodeText xml:lang="en">62 years and older</CodeText>
      </CodeTextGrp>
    </Code>
    <Code id="urn:ssb:code:stabas:4106105-4108121" parentCodeId="urn:ssb:code:stabas:4106101-4108115">
      <CodeValue>5.21</CodeValue>
      <CodeTextGrp>
        <CodeText xml:lang="nn">Under 62 år </CodeText>
        <CodeText xml:lang="nb">Under 62 år</CodeText>
        <CodeText xml:lang="en">Younger than 62 years</CodeText>
      </CodeTextGrp>
    </Code>
    <Code id="urn:ssb:code:stabas:4106105-4108123" parentCodeId="urn:ssb:code:stabas:4106101-4108115">
      <CodeValue>5.22</CodeValue>
      <CodeTextGrp>
        <CodeText xml:lang="nn">Over 62 år </CodeText>
        <CodeText xml:lang="nb">Over 62 år</CodeText>
        <CodeText xml:lang="en">62 years and older</CodeText>
      </CodeTextGrp>
    </Code>
  </Codes>
</Codelist>