<?xml version="1.0" encoding="utf-8"?>
<Codelist xmlns:xsi="http://www.w3.org/2001/XMLSchema-instance" xmlns:xsd="http://www.w3.org/2001/XMLSchema" id="urn:ssb:codelist:stabas:4106107" defaultValidFrom="2005-01-01" defaultValidTo="2005-12-31" lastChangedDate="2011-08-29" parentCodelistId="urn:ssb:codelist:stabas:4106105" isCurrent="false" relationId="urn:ssb:classversion:stabas:4104101" xmlns="http://www.ssb.no/ns/meta/codelist">
  <CodelistMeta>
    <TitleGrp>
      <Title xml:lang="nn">Arbeidsgivaravgiftssoner 2005: Avgiftssats </Title>
      <Title xml:lang="nb">Arbeidsgiveravgiftssoner 2005: Avgiftssats</Title>
      <Title xml:lang="en">Zones of employer's contribution to the National Insurance 2005: Rate</Title>
    </TitleGrp>
    <DescriptionGrp>
      <Description xml:lang="nn">Soneinndeling for arbeidsgivaravgifta. Presenterer kommunanes sonetilhøring og avgiftssatsane tilhørande dei ulike sonene.</Description>
      <Description xml:lang="nb">Arbeidsgiveravgiftens soneinndeling. Presenterer kommunenes sonetilhørighet og avgiftssatsene tilhørende de ulike sonene.</Description>
      <Description xml:lang="en">Classification of zones of employer's contribution to the National Insurance. Presentation of zones and the municipalities belonging to the different zones.</Description>
    </DescriptionGrp>
    <ContactInformation>
      <Person xmlns="http://www.ssb.no/ns/meta/common">tha</Person>
      <Division xmlns="http://www.ssb.no/ns/meta/common">225</Division>
    </ContactInformation>
    <NoteGrp>
      <Note xml:lang="nn">Ei gradvis opptrapping av avgiften vart vedteke av Stortinget, jf. B.innst.S.nr.1 (2003-2004). Dette inneber ei overgangsordning for arbeidsgivaravgifta, kor satsen aukar årleg med 1,9 prosentpoeng i sone 3 og 2,2 prosentpoeng i sone 4. Arbeidsgivare i sonene 2-4 betaler avgift etter vanleg sats inntil differansen mellom det foretaket faktisk betaler i avgift og det foretaket ville ha betalt i avgift ved full sats på 14,1 prosent er lik fribeløpet på 270 000 kroner i 2005.</Note>
      <Note xml:lang="nb">En gradvis opptrapping av avgiften ble vedtatt av Stortinget, jf. B.innst.S.nr.1 (2003-2004). Dette innebærer en overgangsordning for arbeidsgiveravgiften, hvor satsen økes årlig med 1,9 prosentpoeng i sone 3 og 2,2 prosentpoeng i sone 4. Arbeidsgivere i sonene 2-4 betaler avgift etter vanlig sats inntil differansen mellom det foretaket faktisk betaler i avgift og det foretaket ville ha betalt i avgift ved en full sats på 14,1 prosent er lik fribeløpet på 270 000 kroner i 2005.</Note>
      <Note xml:lang="en">A gradually escalation of the Employer's contribution to the National Insurance is passed by an act of parliament. This implies that the rate increases once a year by 1.9 per cent in zone 3 and 2.2 per cent in zone 4. The transition arrangement implies that private and municipal concerns in zone 2 and 4 will not be fully compensated by the tax-free allowance.</Note>
    </NoteGrp>
  </CodelistMeta>
  <Codes>
    <Code id="urn:ssb:code:stabas:4106107-4106115" parentCodeId="urn:ssb:code:stabas:4106105-4106113">
      <CodeValue>1.111</CodeValue>
      <CodeTextGrp>
        <CodeText xml:lang="nn">14,1% </CodeText>
        <CodeText xml:lang="nb">14,1%</CodeText>
        <CodeText xml:lang="en">14,1% </CodeText>
      </CodeTextGrp>
    </Code>
    <Code id="urn:ssb:code:stabas:4106107-4106119" parentCodeId="urn:ssb:code:stabas:4106105-4106117">
      <CodeValue>1.121</CodeValue>
      <CodeTextGrp>
        <CodeText xml:lang="nn">10,1% </CodeText>
        <CodeText xml:lang="nb">10,1%</CodeText>
        <CodeText xml:lang="en">10,1% </CodeText>
      </CodeTextGrp>
    </Code>
    <Code id="urn:ssb:code:stabas:4106107-4106129" parentCodeId="urn:ssb:code:stabas:4106105-4106127">
      <CodeValue>1.211</CodeValue>
      <CodeTextGrp>
        <CodeText xml:lang="nn">14,1% </CodeText>
        <CodeText xml:lang="nb">14,1%</CodeText>
        <CodeText xml:lang="en">14,1% </CodeText>
      </CodeTextGrp>
    </Code>
    <Code id="urn:ssb:code:stabas:4106107-4106133" parentCodeId="urn:ssb:code:stabas:4106105-4106131">
      <CodeValue>1.221</CodeValue>
      <CodeTextGrp>
        <CodeText xml:lang="nn">10,1% </CodeText>
        <CodeText xml:lang="nb">10,1%</CodeText>
        <CodeText xml:lang="en">10,1% </CodeText>
      </CodeTextGrp>
    </Code>
    <Code id="urn:ssb:code:stabas:4106107-4106151" parentCodeId="urn:ssb:code:stabas:4106105-4106143">
      <CodeValue>2.111</CodeValue>
      <CodeTextGrp>
        <CodeText xml:lang="nn">10,6% </CodeText>
        <CodeText xml:lang="nb">10,6%</CodeText>
        <CodeText xml:lang="en">10,6% </CodeText>
      </CodeTextGrp>
    </Code>
    <Code id="urn:ssb:code:stabas:4106107-4106153" parentCodeId="urn:ssb:code:stabas:4106105-4106145">
      <CodeValue>2.121</CodeValue>
      <CodeTextGrp>
        <CodeText xml:lang="nn">6,6% </CodeText>
        <CodeText xml:lang="nb">6,6%</CodeText>
        <CodeText xml:lang="en">6,6% </CodeText>
      </CodeTextGrp>
    </Code>
    <Code id="urn:ssb:code:stabas:4106107-4106155" parentCodeId="urn:ssb:code:stabas:4106105-4106147">
      <CodeValue>2.211</CodeValue>
      <CodeTextGrp>
        <CodeText xml:lang="nn">14,1% </CodeText>
        <CodeText xml:lang="nb">14,1%</CodeText>
        <CodeText xml:lang="en">14,1% </CodeText>
      </CodeTextGrp>
    </Code>
    <Code id="urn:ssb:code:stabas:4106107-4106157" parentCodeId="urn:ssb:code:stabas:4106105-4106149">
      <CodeValue>2.221</CodeValue>
      <CodeTextGrp>
        <CodeText xml:lang="nn">10,1% </CodeText>
        <CodeText xml:lang="nb">10,1%</CodeText>
        <CodeText xml:lang="en">10,1% </CodeText>
      </CodeTextGrp>
    </Code>
    <Code id="urn:ssb:code:stabas:4106107-4106173" parentCodeId="urn:ssb:code:stabas:4106105-4106165">
      <CodeValue>3.111</CodeValue>
      <CodeTextGrp>
        <CodeText xml:lang="nn">6,4% </CodeText>
        <CodeText xml:lang="nb">6,4%</CodeText>
        <CodeText xml:lang="en">6,4% </CodeText>
      </CodeTextGrp>
    </Code>
    <Code id="urn:ssb:code:stabas:4106107-4106183" parentCodeId="urn:ssb:code:stabas:4106105-4106181">
      <CodeValue>3.121</CodeValue>
      <CodeTextGrp>
        <CodeText xml:lang="nn">2,4% </CodeText>
        <CodeText xml:lang="nb">2,4%</CodeText>
        <CodeText xml:lang="en">2,4% </CodeText>
      </CodeTextGrp>
    </Code>
    <Code id="urn:ssb:code:stabas:4106107-4106185" parentCodeId="urn:ssb:code:stabas:4106105-4106167">
      <CodeValue>3.211</CodeValue>
      <CodeTextGrp>
        <CodeText xml:lang="nn">10,2% </CodeText>
        <CodeText xml:lang="nb">10,2%</CodeText>
        <CodeText xml:lang="en">10,2% </CodeText>
      </CodeTextGrp>
    </Code>
    <Code id="urn:ssb:code:stabas:4106107-4106187" parentCodeId="urn:ssb:code:stabas:4106105-4106171">
      <CodeValue>3.221</CodeValue>
      <CodeTextGrp>
        <CodeText xml:lang="nn">6,2% </CodeText>
        <CodeText xml:lang="nb">6,2%</CodeText>
        <CodeText xml:lang="en">6,2% </CodeText>
      </CodeTextGrp>
    </Code>
    <Code id="urn:ssb:code:stabas:4106107-4108101" parentCodeId="urn:ssb:code:stabas:4106105-4106197">
      <CodeValue>4.111</CodeValue>
      <CodeTextGrp>
        <CodeText xml:lang="nn">5,1% </CodeText>
        <CodeText xml:lang="nb">5,1%</CodeText>
        <CodeText xml:lang="en">5,1% </CodeText>
      </CodeTextGrp>
    </Code>
    <Code id="urn:ssb:code:stabas:4106107-4108103" parentCodeId="urn:ssb:code:stabas:4106105-4106199">
      <CodeValue>4.121</CodeValue>
      <CodeTextGrp>
        <CodeText xml:lang="nn">1,1%</CodeText>
        <CodeText xml:lang="nb">1,1%</CodeText>
        <CodeText xml:lang="en">1,1%</CodeText>
      </CodeTextGrp>
    </Code>
    <Code id="urn:ssb:code:stabas:4106107-4108109" parentCodeId="urn:ssb:code:stabas:4106105-4108105">
      <CodeValue>4.211</CodeValue>
      <CodeTextGrp>
        <CodeText xml:lang="nn">9,5% </CodeText>
        <CodeText xml:lang="nb">9,5%</CodeText>
        <CodeText xml:lang="en">9,5% </CodeText>
      </CodeTextGrp>
    </Code>
    <Code id="urn:ssb:code:stabas:4106107-4108111" parentCodeId="urn:ssb:code:stabas:4106105-4108107">
      <CodeValue>4.221</CodeValue>
      <CodeTextGrp>
        <CodeText xml:lang="nn">5,5% </CodeText>
        <CodeText xml:lang="nb">5,5%</CodeText>
        <CodeText xml:lang="en">5,5% </CodeText>
      </CodeTextGrp>
    </Code>
    <Code id="urn:ssb:code:stabas:4106107-4108129" parentCodeId="urn:ssb:code:stabas:4106105-4108117">
      <CodeValue>5.111</CodeValue>
      <CodeTextGrp>
        <CodeText xml:lang="nn">0,0% </CodeText>
        <CodeText xml:lang="nb">0,0%</CodeText>
        <CodeText xml:lang="en">0,0% </CodeText>
      </CodeTextGrp>
    </Code>
    <Code id="urn:ssb:code:stabas:4106107-4108131" parentCodeId="urn:ssb:code:stabas:4106105-4108119">
      <CodeValue>5.121</CodeValue>
      <CodeTextGrp>
        <CodeText xml:lang="nn">0,0% </CodeText>
        <CodeText xml:lang="nb">0,0%</CodeText>
        <CodeText xml:lang="en">0,0% </CodeText>
      </CodeTextGrp>
    </Code>
    <Code id="urn:ssb:code:stabas:4106107-4108125" parentCodeId="urn:ssb:code:stabas:4106105-4108121">
      <CodeValue>5.211</CodeValue>
      <CodeTextGrp>
        <CodeText xml:lang="nn">0,0% </CodeText>
        <CodeText xml:lang="nb">0,0%</CodeText>
        <CodeText xml:lang="en">0,0% </CodeText>
      </CodeTextGrp>
    </Code>
    <Code id="urn:ssb:code:stabas:4106107-4108127" parentCodeId="urn:ssb:code:stabas:4106105-4108123">
      <CodeValue>5.221</CodeValue>
      <CodeTextGrp>
        <CodeText xml:lang="nn">0,0% </CodeText>
        <CodeText xml:lang="nb">0,0%</CodeText>
        <CodeText xml:lang="en">0,0% </CodeText>
      </CodeTextGrp>
    </Code>
  </Codes>
</Codelist>