<?xml version="1.0" encoding="utf-8"?>
<Codelist xmlns:xsi="http://www.w3.org/2001/XMLSchema-instance" xmlns:xsd="http://www.w3.org/2001/XMLSchema" id="urn:ssb:codelist:stabas:4110105" defaultValidFrom="1994-10-27" lastChangedDate="2007-05-30" isCurrent="true" relationId="urn:ssb:classversion:stabas:4110101" xmlns="http://www.ssb.no/ns/meta/codelist">
  <CodelistMeta>
    <TitleGrp>
      <Title xml:lang="nn">Busetjingstettleik 1994: Busetjingstettleik</Title>
      <Title xml:lang="nb">Bosettingstetthet 1994: Bosettingstetthet</Title>
      <Title xml:lang="en">Population density  1994: Population density</Title>
    </TitleGrp>
    <DescriptionGrp>
      <Description xml:lang="nn">Busetjingstettleik i kommunen som heilskap, tufta på prosent av befolkninga som bur i tettbygde strok. Utgjer eit ledd i den treledda grunnkoden i Standard for kommuneklassifisering.</Description>
      <Description xml:lang="nb">Bosettingstetthet i kommunen som helhet, basert på prosent av befolkningen som bor i tettbygde strøk. Utgjør et ledd i den treleddete grunnkoden i Standard for kommuneklassifisering.</Description>
      <Description xml:lang="en">Population density is measured in terms of the percentage of the population that in the municipality concerned reside in densely populated areas.One of the three criteria in the Standard Classification of Municipalities.</Description>
    </DescriptionGrp>
    <ContactInformation>
      <Person xmlns="http://www.ssb.no/ns/meta/common">hhe</Person>
      <Division xmlns="http://www.ssb.no/ns/meta/common">320</Division>
    </ContactInformation>
    <NoteGrp>
      <Note xml:lang="nn">Ikkje relevant</Note>
      <Note xml:lang="nb">Ikke relevant</Note>
      <Note xml:lang="en">Not relevant</Note>
    </NoteGrp>
  </CodelistMeta>
  <Codes>
    <Code id="urn:ssb:code:stabas:4110105-4110107">
      <CodeValue>0</CodeValue>
      <CodeTextGrp>
        <CodeText xml:lang="nn">0 - 9,9 prosent</CodeText>
        <CodeText xml:lang="nb">0 - 9,9 prosent</CodeText>
        <CodeText xml:lang="en">0 - 9.9 per cent</CodeText>
      </CodeTextGrp>
    </Code>
    <Code id="urn:ssb:code:stabas:4110105-4110109">
      <CodeValue>1</CodeValue>
      <CodeTextGrp>
        <CodeText xml:lang="nn">10 - 19,9 prosent</CodeText>
        <CodeText xml:lang="nb">10 - 19,9 prosent</CodeText>
        <CodeText xml:lang="en">10 - 19.9 per cent</CodeText>
      </CodeTextGrp>
    </Code>
    <Code id="urn:ssb:code:stabas:4110105-4110111">
      <CodeValue>2</CodeValue>
      <CodeTextGrp>
        <CodeText xml:lang="nn">20 - 29,9 prosent</CodeText>
        <CodeText xml:lang="nb">20 - 29,9 prosent</CodeText>
        <CodeText xml:lang="en">20 - 29.9 per cent</CodeText>
      </CodeTextGrp>
    </Code>
    <Code id="urn:ssb:code:stabas:4110105-4110113">
      <CodeValue>3</CodeValue>
      <CodeTextGrp>
        <CodeText xml:lang="nn">30 - 39,9 prosent</CodeText>
        <CodeText xml:lang="nb">30 - 39,9 prosent</CodeText>
        <CodeText xml:lang="en">30 - 39.9 per cent</CodeText>
      </CodeTextGrp>
    </Code>
    <Code id="urn:ssb:code:stabas:4110105-4110115">
      <CodeValue>4</CodeValue>
      <CodeTextGrp>
        <CodeText xml:lang="nn">40 - 49,9 prosent</CodeText>
        <CodeText xml:lang="nb">40 - 49,9 prosent</CodeText>
        <CodeText xml:lang="en">40 - 49.9 per cent</CodeText>
      </CodeTextGrp>
    </Code>
    <Code id="urn:ssb:code:stabas:4110105-4110117">
      <CodeValue>5</CodeValue>
      <CodeTextGrp>
        <CodeText xml:lang="nn">50 - 59,9 prosent</CodeText>
        <CodeText xml:lang="nb">50 - 59,9 prosent</CodeText>
        <CodeText xml:lang="en">50 - 59.9 per cent</CodeText>
      </CodeTextGrp>
    </Code>
    <Code id="urn:ssb:code:stabas:4110105-4110119">
      <CodeValue>6</CodeValue>
      <CodeTextGrp>
        <CodeText xml:lang="nn">60 - 69,9 prosent</CodeText>
        <CodeText xml:lang="nb">60 - 69,9 prosent</CodeText>
        <CodeText xml:lang="en">60 - 69.9 per cent</CodeText>
      </CodeTextGrp>
    </Code>
    <Code id="urn:ssb:code:stabas:4110105-4110121">
      <CodeValue>7</CodeValue>
      <CodeTextGrp>
        <CodeText xml:lang="nn">70 - 79,9 prosent</CodeText>
        <CodeText xml:lang="nb">70 - 79,9 prosent</CodeText>
        <CodeText xml:lang="en">70 - 79.9 per cent</CodeText>
      </CodeTextGrp>
    </Code>
    <Code id="urn:ssb:code:stabas:4110105-4110123">
      <CodeValue>8</CodeValue>
      <CodeTextGrp>
        <CodeText xml:lang="nn">80 - 89,9 prosent</CodeText>
        <CodeText xml:lang="nb">80 - 89,9 prosent</CodeText>
        <CodeText xml:lang="en">80 - 89.9 per cent</CodeText>
      </CodeTextGrp>
    </Code>
    <Code id="urn:ssb:code:stabas:4110105-4110125">
      <CodeValue>9</CodeValue>
      <CodeTextGrp>
        <CodeText xml:lang="nn">90 - 100 prosent</CodeText>
        <CodeText xml:lang="nb">90 - 100 prosent</CodeText>
        <CodeText xml:lang="en">90 - 100 per cent</CodeText>
      </CodeTextGrp>
    </Code>
  </Codes>
</Codelist>