<?xml version="1.0" encoding="utf-8"?>
<Codelist xmlns:xsi="http://www.w3.org/2001/XMLSchema-instance" xmlns:xsd="http://www.w3.org/2001/XMLSchema" id="urn:ssb:codelist:stabas:4112904" defaultValidFrom="2005-01-01" defaultValidTo="2006-11-06" lastChangedDate="2011-01-25" isCurrent="false" relationId="urn:ssb:classversion:stabas:4112901" xmlns="http://www.ssb.no/ns/meta/codelist">
  <CodelistMeta>
    <TitleGrp>
      <Title xml:lang="nb">Standard for SSBs emneinndeling 2005: Nivå 1</Title>
      <Title xml:lang="en">Classification of Statistics Norways topic codes 2005: Level 1</Title>
    </TitleGrp>
    <DescriptionGrp>
      <Description xml:lang="nb">Emneinndelingen er utarbeidet ut fra disse forutsetningene: Statistikk og analyser skal deles i emner etter hvilket område av samfunnet eller type samfunnssektorer som beskrives, og være mest mulig tjenlig og informativ for eksterne miljøer. Den skal så vidt mulig bygge på NACE. Det gjelder spesielt næringene, men også andre samfunnsområder.</Description>
      <Description xml:lang="en">Statistics organized by subjects</Description>
    </DescriptionGrp>
    <ContactInformation>
      <Person xmlns="http://www.ssb.no/ns/meta/common">jbr</Person>
      <Division xmlns="http://www.ssb.no/ns/meta/common">610</Division>
    </ContactInformation>
    <NoteGrp />
  </CodelistMeta>
  <Codes>
    <Code id="urn:ssb:code:stabas:4112904-4112910">
      <CodeValue>00</CodeValue>
      <CodeTextGrp>
        <CodeText xml:lang="nb">Generelt</CodeText>
        <CodeText xml:lang="en">General</CodeText>
      </CodeTextGrp>
    </Code>
    <Code id="urn:ssb:code:stabas:4112904-4112940">
      <CodeValue>01</CodeValue>
      <CodeTextGrp>
        <CodeText xml:lang="nb">Naturressurser og naturmiljø</CodeText>
        <CodeText xml:lang="en">Natural resources and the environment</CodeText>
      </CodeTextGrp>
    </Code>
    <Code id="urn:ssb:code:stabas:4112904-4112988">
      <CodeValue>02</CodeValue>
      <CodeTextGrp>
        <CodeText xml:lang="nb">Befolkning</CodeText>
        <CodeText xml:lang="en">Population</CodeText>
      </CodeTextGrp>
    </Code>
    <Code id="urn:ssb:code:stabas:4112904-4113110">
      <CodeValue>03</CodeValue>
      <CodeTextGrp>
        <CodeText xml:lang="nb">Helse, sosiale forhold og kriminalitet</CodeText>
        <CodeText xml:lang="en">Health, social conditions, social services and crime</CodeText>
      </CodeTextGrp>
    </Code>
    <Code id="urn:ssb:code:stabas:4112904-4113146">
      <CodeValue>04</CodeValue>
      <CodeTextGrp>
        <CodeText xml:lang="nb">Utdanning</CodeText>
        <CodeText xml:lang="en">Education</CodeText>
      </CodeTextGrp>
    </Code>
    <Code id="urn:ssb:code:stabas:4112904-4113166">
      <CodeValue>05</CodeValue>
      <CodeTextGrp>
        <CodeText xml:lang="nb">Personlig økonomi og boforhold</CodeText>
        <CodeText xml:lang="en">Personal economy and housing conditions</CodeText>
      </CodeTextGrp>
    </Code>
    <Code id="urn:ssb:code:stabas:4112904-4113182">
      <CodeValue>06</CodeValue>
      <CodeTextGrp>
        <CodeText xml:lang="nb">Arbeidsliv, yrkesdeltaking og lønn</CodeText>
        <CodeText xml:lang="en">Labour market, wages</CodeText>
      </CodeTextGrp>
    </Code>
    <Code id="urn:ssb:code:stabas:4112904-4113196">
      <CodeValue>07</CodeValue>
      <CodeTextGrp>
        <CodeText xml:lang="nb">Fritidsvirksomhet, kulturell tjenesteyting og sport</CodeText>
        <CodeText xml:lang="en">Recreational, cultural and sporting activities</CodeText>
      </CodeTextGrp>
    </Code>
    <Code id="urn:ssb:code:stabas:4112904-4113328">
      <CodeValue>08</CodeValue>
      <CodeTextGrp>
        <CodeText xml:lang="nb">Priser, prisindekser og konjunkturindikatorer</CodeText>
        <CodeText xml:lang="en">Prices, price indices and economic indicators</CodeText>
      </CodeTextGrp>
    </Code>
    <Code id="urn:ssb:code:stabas:4112904-4113364">
      <CodeValue>09</CodeValue>
      <CodeTextGrp>
        <CodeText xml:lang="nb">Nasjonalregnskap og utenrikshandel</CodeText>
        <CodeText xml:lang="en">National economy and external trade</CodeText>
      </CodeTextGrp>
    </Code>
    <Code id="urn:ssb:code:stabas:4112904-4113378">
      <CodeValue>10</CodeValue>
      <CodeTextGrp>
        <CodeText xml:lang="nb">Næringsvirksomhet</CodeText>
        <CodeText xml:lang="en">Industrial activities</CodeText>
      </CodeTextGrp>
    </Code>
    <Code id="urn:ssb:code:stabas:4112904-4113580">
      <CodeValue>11</CodeValue>
      <CodeTextGrp>
        <CodeText xml:lang="nb">Finansmarkeder og konkurser</CodeText>
        <CodeText xml:lang="en">Financial markets</CodeText>
      </CodeTextGrp>
    </Code>
    <Code id="urn:ssb:code:stabas:4112904-4113588">
      <CodeValue>12</CodeValue>
      <CodeTextGrp>
        <CodeText xml:lang="nb">Offentlige finanser</CodeText>
        <CodeText xml:lang="en">Public finances</CodeText>
      </CodeTextGrp>
    </Code>
  </Codes>
</Codelist>