<?xml version="1.0" encoding="utf-8"?>
<Codelist xmlns:xsi="http://www.w3.org/2001/XMLSchema-instance" xmlns:xsd="http://www.w3.org/2001/XMLSchema" id="urn:ssb:codelist:stabas:4112107" defaultValidFrom="1995-01-01" defaultValidTo="2004-12-31" lastChangedDate="2011-01-25" parentCodelistId="urn:ssb:codelist:stabas:4112105" isCurrent="false" relationId="urn:ssb:classversion:stabas:4112102" xmlns="http://www.ssb.no/ns/meta/codelist">
  <CodelistMeta>
    <TitleGrp>
      <Title xml:lang="nb">Standard for SSBs emneinndeling 1995: Nivå 2</Title>
      <Title xml:lang="en">Classification of Statistics Norways topic codes 1995: Level 2</Title>
    </TitleGrp>
    <DescriptionGrp>
      <Description xml:lang="nb">Emneinndelingen er utarbeidet ut fra disse forutsetningene: Statistikk og analyser skal deles i emner etter hvilket område av samfunnet eller type samfunnssektorer som beskrives, og være mest mulig tjenlig og informativ for eksterne miljøer. Den skal så vidt mulig bygge på NACE. Det gjelder spesielt næringene, men også andre samfunnsområder.</Description>
      <Description xml:lang="en">Statistics organized by subjects</Description>
    </DescriptionGrp>
    <ContactInformation>
      <Person xmlns="http://www.ssb.no/ns/meta/common">jbr</Person>
      <Division xmlns="http://www.ssb.no/ns/meta/common">610</Division>
    </ContactInformation>
    <NoteGrp />
  </CodelistMeta>
  <Codes>
    <Code id="urn:ssb:code:stabas:4112107-4112113" parentCodeId="urn:ssb:code:stabas:4112105-4112111">
      <CodeValue>00.00</CodeValue>
      <CodeTextGrp>
        <CodeText xml:lang="nb">Oversikter</CodeText>
        <CodeText xml:lang="en">General statistics and surveys</CodeText>
      </CodeTextGrp>
    </Code>
    <Code id="urn:ssb:code:stabas:4112107-4112121" parentCodeId="urn:ssb:code:stabas:4112105-4112111">
      <CodeValue>00.01</CodeValue>
      <CodeTextGrp>
        <CodeText xml:lang="nb">Valg</CodeText>
        <CodeText xml:lang="en">Politics</CodeText>
      </CodeTextGrp>
    </Code>
    <Code id="urn:ssb:code:stabas:4112107-4112131" parentCodeId="urn:ssb:code:stabas:4112105-4112111">
      <CodeValue>00.02</CodeValue>
      <CodeTextGrp>
        <CodeText xml:lang="nb">Levekår</CodeText>
        <CodeText xml:lang="en">Living conditions and time use</CodeText>
      </CodeTextGrp>
    </Code>
    <Code id="urn:ssb:code:stabas:4112107-4112139" parentCodeId="urn:ssb:code:stabas:4112105-4112111">
      <CodeValue>00.90</CodeValue>
      <CodeTextGrp>
        <CodeText xml:lang="nb">Metoder, modeller, dokumentasjon</CodeText>
        <CodeText xml:lang="en">Methods, models, documentation</CodeText>
      </CodeTextGrp>
    </Code>
    <Code id="urn:ssb:code:stabas:4112107-4112143" parentCodeId="urn:ssb:code:stabas:4112105-4112141">
      <CodeValue>01.01</CodeValue>
      <CodeTextGrp>
        <CodeText xml:lang="nb">Areal</CodeText>
        <CodeText xml:lang="en">Area and topography</CodeText>
      </CodeTextGrp>
    </Code>
    <Code id="urn:ssb:code:stabas:4112107-4112149" parentCodeId="urn:ssb:code:stabas:4112105-4112141">
      <CodeValue>01.02</CodeValue>
      <CodeTextGrp>
        <CodeText xml:lang="nb">Klima</CodeText>
        <CodeText xml:lang="en">Meteorology</CodeText>
      </CodeTextGrp>
    </Code>
    <Code id="urn:ssb:code:stabas:4112107-4112151" parentCodeId="urn:ssb:code:stabas:4112105-4112141">
      <CodeValue>01.03</CodeValue>
      <CodeTextGrp>
        <CodeText xml:lang="nb">Ressurser</CodeText>
        <CodeText xml:lang="en">Natural resources</CodeText>
      </CodeTextGrp>
    </Code>
    <Code id="urn:ssb:code:stabas:4112107-4112161" parentCodeId="urn:ssb:code:stabas:4112105-4112141">
      <CodeValue>01.04</CodeValue>
      <CodeTextGrp>
        <CodeText xml:lang="nb">Forurensninger</CodeText>
        <CodeText xml:lang="en">Pollution</CodeText>
      </CodeTextGrp>
    </Code>
    <Code id="urn:ssb:code:stabas:4112107-4112169" parentCodeId="urn:ssb:code:stabas:4112105-4112141">
      <CodeValue>01.05</CodeValue>
      <CodeTextGrp>
        <CodeText xml:lang="nb">Avfall</CodeText>
        <CodeText xml:lang="en">Waste and waste disposal</CodeText>
      </CodeTextGrp>
    </Code>
    <Code id="urn:ssb:code:stabas:4112107-4112179" parentCodeId="urn:ssb:code:stabas:4112105-4112141">
      <CodeValue>01.06</CodeValue>
      <CodeTextGrp>
        <CodeText xml:lang="nb">Miljøøkonomi og -indikatorer</CodeText>
        <CodeText xml:lang="en">Environment, economy and indicators</CodeText>
      </CodeTextGrp>
    </Code>
    <Code id="urn:ssb:code:stabas:4112107-4112187" parentCodeId="urn:ssb:code:stabas:4112105-4112141">
      <CodeValue>01.90</CodeValue>
      <CodeTextGrp>
        <CodeText xml:lang="nb">Metoder, modeller, dokumentasjon</CodeText>
        <CodeText xml:lang="en">Methods, models, documentation</CodeText>
      </CodeTextGrp>
    </Code>
    <Code id="urn:ssb:code:stabas:4112107-4112191" parentCodeId="urn:ssb:code:stabas:4112105-4112189">
      <CodeValue>02.01</CodeValue>
      <CodeTextGrp>
        <CodeText xml:lang="nb">Struktur</CodeText>
        <CodeText xml:lang="en">Structure</CodeText>
      </CodeTextGrp>
    </Code>
    <Code id="urn:ssb:code:stabas:4112107-4112197" parentCodeId="urn:ssb:code:stabas:4112105-4112189">
      <CodeValue>02.02</CodeValue>
      <CodeTextGrp>
        <CodeText xml:lang="nb">Endringer</CodeText>
        <CodeText xml:lang="en">Migration and vital statistics</CodeText>
      </CodeTextGrp>
    </Code>
    <Code id="urn:ssb:code:stabas:4112107-4112307" parentCodeId="urn:ssb:code:stabas:4112105-4112189">
      <CodeValue>02.03</CodeValue>
      <CodeTextGrp>
        <CodeText xml:lang="nb">Framskrivninger</CodeText>
        <CodeText xml:lang="en">Population projections</CodeText>
      </CodeTextGrp>
    </Code>
    <Code id="urn:ssb:code:stabas:4112107-4112309" parentCodeId="urn:ssb:code:stabas:4112105-4112189">
      <CodeValue>02.90</CodeValue>
      <CodeTextGrp>
        <CodeText xml:lang="nb">Metoder, modeller, dokumentasjon</CodeText>
        <CodeText xml:lang="en">Methods, models, documentation</CodeText>
      </CodeTextGrp>
    </Code>
    <Code id="urn:ssb:code:stabas:4112107-4112313" parentCodeId="urn:ssb:code:stabas:4112105-4112311">
      <CodeValue>03.00</CodeValue>
      <CodeTextGrp>
        <CodeText xml:lang="nb">Helse, oversikter</CodeText>
        <CodeText xml:lang="en">Health, general</CodeText>
      </CodeTextGrp>
    </Code>
    <Code id="urn:ssb:code:stabas:4112107-4112315" parentCodeId="urn:ssb:code:stabas:4112105-4112311">
      <CodeValue>03.01</CodeValue>
      <CodeTextGrp>
        <CodeText xml:lang="nb">Helsetilstanden</CodeText>
        <CodeText xml:lang="en">Health conditions</CodeText>
      </CodeTextGrp>
    </Code>
    <Code id="urn:ssb:code:stabas:4112107-4112321" parentCodeId="urn:ssb:code:stabas:4112105-4112311">
      <CodeValue>03.02</CodeValue>
      <CodeTextGrp>
        <CodeText xml:lang="nb">Helsetjenester</CodeText>
        <CodeText xml:lang="en">Health services</CodeText>
      </CodeTextGrp>
    </Code>
    <Code id="urn:ssb:code:stabas:4112107-4112329" parentCodeId="urn:ssb:code:stabas:4112105-4112311">
      <CodeValue>03.03</CodeValue>
      <CodeTextGrp>
        <CodeText xml:lang="nb">Pleie og omsorg</CodeText>
        <CodeText xml:lang="en">Social care</CodeText>
      </CodeTextGrp>
    </Code>
    <Code id="urn:ssb:code:stabas:4112107-4112335" parentCodeId="urn:ssb:code:stabas:4112105-4112311">
      <CodeValue>03.04</CodeValue>
      <CodeTextGrp>
        <CodeText xml:lang="nb">Sosiale tjenester, trygd og sosialhjelp</CodeText>
        <CodeText xml:lang="en">Social services and social security</CodeText>
      </CodeTextGrp>
    </Code>
    <Code id="urn:ssb:code:stabas:4112107-4112343" parentCodeId="urn:ssb:code:stabas:4112105-4112311">
      <CodeValue>03.05</CodeValue>
      <CodeTextGrp>
        <CodeText xml:lang="nb">Kriminalitet og rettsvesen</CodeText>
        <CodeText xml:lang="en">Crime and the justice</CodeText>
      </CodeTextGrp>
    </Code>
    <Code id="urn:ssb:code:stabas:4112107-4112345" parentCodeId="urn:ssb:code:stabas:4112105-4112311">
      <CodeValue>03.90</CodeValue>
      <CodeTextGrp>
        <CodeText xml:lang="nb">Metoder, modeller, dokumentasjon</CodeText>
        <CodeText xml:lang="en">Methods, models, documentation</CodeText>
      </CodeTextGrp>
    </Code>
    <Code id="urn:ssb:code:stabas:4112107-4112349" parentCodeId="urn:ssb:code:stabas:4112105-4112347">
      <CodeValue>04.01</CodeValue>
      <CodeTextGrp>
        <CodeText xml:lang="nb">Utdanningsnivå</CodeText>
        <CodeText xml:lang="en">Educational level</CodeText>
      </CodeTextGrp>
    </Code>
    <Code id="urn:ssb:code:stabas:4112107-4112351" parentCodeId="urn:ssb:code:stabas:4112105-4112347">
      <CodeValue>04.02</CodeValue>
      <CodeTextGrp>
        <CodeText xml:lang="nb">Utdanningsinstitusjoner</CodeText>
        <CodeText xml:lang="en">Pupils/students</CodeText>
      </CodeTextGrp>
    </Code>
    <Code id="urn:ssb:code:stabas:4112107-4112363" parentCodeId="urn:ssb:code:stabas:4112105-4112347">
      <CodeValue>04.03</CodeValue>
      <CodeTextGrp>
        <CodeText xml:lang="nb">Forskning ved universitet og høgskoler</CodeText>
        <CodeText xml:lang="en">Research at universities and high schools</CodeText>
      </CodeTextGrp>
    </Code>
    <Code id="urn:ssb:code:stabas:4112107-4112365" parentCodeId="urn:ssb:code:stabas:4112105-4112347">
      <CodeValue>04.90</CodeValue>
      <CodeTextGrp>
        <CodeText xml:lang="nb">Metoder, modeller, dokumentasjon</CodeText>
        <CodeText xml:lang="en">Methods, models, documentation</CodeText>
      </CodeTextGrp>
    </Code>
    <Code id="urn:ssb:code:stabas:4112107-4112369" parentCodeId="urn:ssb:code:stabas:4112105-4112367">
      <CodeValue>05.01</CodeValue>
      <CodeTextGrp>
        <CodeText xml:lang="nb">Inntekt, formue, skatt</CodeText>
        <CodeText xml:lang="en">Income, property and taxes</CodeText>
      </CodeTextGrp>
    </Code>
    <Code id="urn:ssb:code:stabas:4112107-4112377" parentCodeId="urn:ssb:code:stabas:4112105-4112367">
      <CodeValue>05.02</CodeValue>
      <CodeTextGrp>
        <CodeText xml:lang="nb">Forbruk</CodeText>
        <CodeText xml:lang="en">Private consumption, consumer surveys</CodeText>
      </CodeTextGrp>
    </Code>
    <Code id="urn:ssb:code:stabas:4112107-4112379" parentCodeId="urn:ssb:code:stabas:4112105-4112367">
      <CodeValue>05.03</CodeValue>
      <CodeTextGrp>
        <CodeText xml:lang="nb">Bolig, boforhold</CodeText>
        <CodeText xml:lang="en">Dwelling and housing conditions</CodeText>
      </CodeTextGrp>
    </Code>
    <Code id="urn:ssb:code:stabas:4112107-4112381" parentCodeId="urn:ssb:code:stabas:4112105-4112367">
      <CodeValue>05.90</CodeValue>
      <CodeTextGrp>
        <CodeText xml:lang="nb">Metoder, modeller, dokumentasjon</CodeText>
        <CodeText xml:lang="en">Methods, models, documentation</CodeText>
      </CodeTextGrp>
    </Code>
    <Code id="urn:ssb:code:stabas:4112107-4112385" parentCodeId="urn:ssb:code:stabas:4112105-4112383">
      <CodeValue>06.01</CodeValue>
      <CodeTextGrp>
        <CodeText xml:lang="nb">Yrkesdeltaking</CodeText>
        <CodeText xml:lang="en">Labour force</CodeText>
      </CodeTextGrp>
    </Code>
    <Code id="urn:ssb:code:stabas:4112107-4112387" parentCodeId="urn:ssb:code:stabas:4112105-4112383">
      <CodeValue>06.02</CodeValue>
      <CodeTextGrp>
        <CodeText xml:lang="nb">Arbeidsmiljø, sykefravær</CodeText>
        <CodeText xml:lang="en">Working conditions, absence</CodeText>
      </CodeTextGrp>
    </Code>
    <Code id="urn:ssb:code:stabas:4112107-4112389" parentCodeId="urn:ssb:code:stabas:4112105-4112383">
      <CodeValue>06.03</CodeValue>
      <CodeTextGrp>
        <CodeText xml:lang="nb">Arbeidsløshet</CodeText>
        <CodeText xml:lang="en">Unemployment</CodeText>
      </CodeTextGrp>
    </Code>
    <Code id="urn:ssb:code:stabas:4112107-4112391" parentCodeId="urn:ssb:code:stabas:4112105-4112383">
      <CodeValue>06.04</CodeValue>
      <CodeTextGrp>
        <CodeText xml:lang="nb">Arbeidskonflikter</CodeText>
        <CodeText xml:lang="en">Strikes and lockouts</CodeText>
      </CodeTextGrp>
    </Code>
    <Code id="urn:ssb:code:stabas:4112107-4112393" parentCodeId="urn:ssb:code:stabas:4112105-4112383">
      <CodeValue>06.05</CodeValue>
      <CodeTextGrp>
        <CodeText xml:lang="nb">Lønn, arbeidskraftkostnader</CodeText>
        <CodeText xml:lang="en">Wages and labour costs</CodeText>
      </CodeTextGrp>
    </Code>
    <Code id="urn:ssb:code:stabas:4112107-4112395" parentCodeId="urn:ssb:code:stabas:4112105-4112383">
      <CodeValue>06.90</CodeValue>
      <CodeTextGrp>
        <CodeText xml:lang="nb">Metoder, modeller, dokumentasjon</CodeText>
        <CodeText xml:lang="en">Methods, models, documentation</CodeText>
      </CodeTextGrp>
    </Code>
    <Code id="urn:ssb:code:stabas:4112107-4112399" parentCodeId="urn:ssb:code:stabas:4112105-4112397">
      <CodeValue>07.01</CodeValue>
      <CodeTextGrp>
        <CodeText xml:lang="nb">Kulturtilbud</CodeText>
        <CodeText xml:lang="en">Cultural activities</CodeText>
      </CodeTextGrp>
    </Code>
    <Code id="urn:ssb:code:stabas:4112107-4112513" parentCodeId="urn:ssb:code:stabas:4112105-4112397">
      <CodeValue>07.02</CodeValue>
      <CodeTextGrp>
        <CodeText xml:lang="nb">Kulturaktiviteter</CodeText>
        <CodeText xml:lang="en">Cultural participation</CodeText>
      </CodeTextGrp>
    </Code>
    <Code id="urn:ssb:code:stabas:4112107-4112527" parentCodeId="urn:ssb:code:stabas:4112105-4112397">
      <CodeValue>07.90</CodeValue>
      <CodeTextGrp>
        <CodeText xml:lang="nb">Metoder, modeller, dokumentasjon</CodeText>
        <CodeText xml:lang="en">Methods, models, documentation</CodeText>
      </CodeTextGrp>
    </Code>
    <Code id="urn:ssb:code:stabas:4112107-4112531" parentCodeId="urn:ssb:code:stabas:4112105-4112529">
      <CodeValue>08.01</CodeValue>
      <CodeTextGrp>
        <CodeText xml:lang="nb">Priser, produsent, eksport, import, detalj</CodeText>
        <CodeText xml:lang="en">Prices</CodeText>
      </CodeTextGrp>
    </Code>
    <Code id="urn:ssb:code:stabas:4112107-4112533" parentCodeId="urn:ssb:code:stabas:4112105-4112529">
      <CodeValue>08.02</CodeValue>
      <CodeTextGrp>
        <CodeText xml:lang="nb">Prisindekser</CodeText>
        <CodeText xml:lang="en">Price indices</CodeText>
      </CodeTextGrp>
    </Code>
    <Code id="urn:ssb:code:stabas:4112107-4112543" parentCodeId="urn:ssb:code:stabas:4112105-4112529">
      <CodeValue>08.03</CodeValue>
      <CodeTextGrp>
        <CodeText xml:lang="nb">Verdi- og volumindekser</CodeText>
        <CodeText xml:lang="en">Value and volume indices</CodeText>
      </CodeTextGrp>
    </Code>
    <Code id="urn:ssb:code:stabas:4112107-4112555" parentCodeId="urn:ssb:code:stabas:4112105-4112529">
      <CodeValue>08.04</CodeValue>
      <CodeTextGrp>
        <CodeText xml:lang="nb">Produksjonsindekser</CodeText>
        <CodeText xml:lang="en">Production indices</CodeText>
      </CodeTextGrp>
    </Code>
    <Code id="urn:ssb:code:stabas:4112107-4112557" parentCodeId="urn:ssb:code:stabas:4112105-4112529">
      <CodeValue>08.05</CodeValue>
      <CodeTextGrp>
        <CodeText xml:lang="nb">Konjunkturoversikter, konjunkturbarometer</CodeText>
        <CodeText xml:lang="en">Economic key figures and trends</CodeText>
      </CodeTextGrp>
    </Code>
    <Code id="urn:ssb:code:stabas:4112107-4112563" parentCodeId="urn:ssb:code:stabas:4112105-4112529">
      <CodeValue>08.90</CodeValue>
      <CodeTextGrp>
        <CodeText xml:lang="nb">Metoder, modeller, dokumentasjon</CodeText>
        <CodeText xml:lang="en">Methods, models, documentation</CodeText>
      </CodeTextGrp>
    </Code>
    <Code id="urn:ssb:code:stabas:4112107-4112567" parentCodeId="urn:ssb:code:stabas:4112105-4112565">
      <CodeValue>09.01</CodeValue>
      <CodeTextGrp>
        <CodeText xml:lang="nb">Nasjonalregnskap</CodeText>
        <CodeText xml:lang="en">National accounts</CodeText>
      </CodeTextGrp>
    </Code>
    <Code id="urn:ssb:code:stabas:4112107-4112569" parentCodeId="urn:ssb:code:stabas:4112105-4112565">
      <CodeValue>09.02</CodeValue>
      <CodeTextGrp>
        <CodeText xml:lang="nb">Finansielle sektorbalanser</CodeText>
        <CodeText xml:lang="en">Financial balances</CodeText>
      </CodeTextGrp>
    </Code>
    <Code id="urn:ssb:code:stabas:4112107-4112571" parentCodeId="urn:ssb:code:stabas:4112105-4112565">
      <CodeValue>09.03</CodeValue>
      <CodeTextGrp>
        <CodeText xml:lang="nb">Utenriksregnskap</CodeText>
        <CodeText xml:lang="en">Balance of payments</CodeText>
      </CodeTextGrp>
    </Code>
    <Code id="urn:ssb:code:stabas:4112107-4112573" parentCodeId="urn:ssb:code:stabas:4112105-4112565">
      <CodeValue>09.04</CodeValue>
      <CodeTextGrp>
        <CodeText xml:lang="nb">Fordringer og gjeld overfor utlandet, utenlandske eierinteresser, SIFON</CodeText>
        <CodeText xml:lang="en">Foreign assets and liabilities</CodeText>
      </CodeTextGrp>
    </Code>
    <Code id="urn:ssb:code:stabas:4112107-4112575" parentCodeId="urn:ssb:code:stabas:4112105-4112565">
      <CodeValue>09.05</CodeValue>
      <CodeTextGrp>
        <CodeText xml:lang="nb">Utenrikshandel</CodeText>
        <CodeText xml:lang="en">External trade</CodeText>
      </CodeTextGrp>
    </Code>
    <Code id="urn:ssb:code:stabas:4112107-4112577" parentCodeId="urn:ssb:code:stabas:4112105-4112565">
      <CodeValue>09.90</CodeValue>
      <CodeTextGrp>
        <CodeText xml:lang="nb">Metoder, modeller, dokumentasjon</CodeText>
        <CodeText xml:lang="en">Methods, models, documentation</CodeText>
      </CodeTextGrp>
    </Code>
    <Code id="urn:ssb:code:stabas:4112107-4112581" parentCodeId="urn:ssb:code:stabas:4112105-4112579">
      <CodeValue>10.01</CodeValue>
      <CodeTextGrp>
        <CodeText xml:lang="nb">Struktur, bedriftregister</CodeText>
        <CodeText xml:lang="en">Structure</CodeText>
      </CodeTextGrp>
    </Code>
    <Code id="urn:ssb:code:stabas:4112107-4112583" parentCodeId="urn:ssb:code:stabas:4112105-4112579">
      <CodeValue>10.02</CodeValue>
      <CodeTextGrp>
        <CodeText xml:lang="nb">Skatt næringsvirksomhet</CodeText>
        <CodeText xml:lang="en">Non-personal taxes</CodeText>
      </CodeTextGrp>
    </Code>
    <Code id="urn:ssb:code:stabas:4112107-4112585" parentCodeId="urn:ssb:code:stabas:4112105-4112579">
      <CodeValue>10.03</CodeValue>
      <CodeTextGrp>
        <CodeText xml:lang="nb">Teknologiske indikatorer</CodeText>
        <CodeText xml:lang="en">Technological indicators</CodeText>
      </CodeTextGrp>
    </Code>
    <Code id="urn:ssb:code:stabas:4112107-4112587" parentCodeId="urn:ssb:code:stabas:4112105-4112579">
      <CodeValue>10.04</CodeValue>
      <CodeTextGrp>
        <CodeText xml:lang="nb">Jordbruk og skogbruk</CodeText>
        <CodeText xml:lang="en">Agriculture and forestry</CodeText>
      </CodeTextGrp>
    </Code>
    <Code id="urn:ssb:code:stabas:4112107-4112593" parentCodeId="urn:ssb:code:stabas:4112105-4112579">
      <CodeValue>10.05</CodeValue>
      <CodeTextGrp>
        <CodeText xml:lang="nb">Fiske og fiskeoppdrett</CodeText>
        <CodeText xml:lang="en">Fishing and fish farms</CodeText>
      </CodeTextGrp>
    </Code>
    <Code id="urn:ssb:code:stabas:4112107-4112595" parentCodeId="urn:ssb:code:stabas:4112105-4112579">
      <CodeValue>10.06</CodeValue>
      <CodeTextGrp>
        <CodeText xml:lang="nb">Bergverksdrift og utvinning</CodeText>
        <CodeText xml:lang="en">Mining and quarrying</CodeText>
      </CodeTextGrp>
    </Code>
    <Code id="urn:ssb:code:stabas:4112107-4112703" parentCodeId="urn:ssb:code:stabas:4112105-4112579">
      <CodeValue>10.07</CodeValue>
      <CodeTextGrp>
        <CodeText xml:lang="nb">Industri</CodeText>
        <CodeText xml:lang="en">Manufacture</CodeText>
      </CodeTextGrp>
    </Code>
    <Code id="urn:ssb:code:stabas:4112107-4112719" parentCodeId="urn:ssb:code:stabas:4112105-4112579">
      <CodeValue>10.08</CodeValue>
      <CodeTextGrp>
        <CodeText xml:lang="nb">Kraft- og vannforsyning</CodeText>
        <CodeText xml:lang="en">Electricity, gas and water supply</CodeText>
      </CodeTextGrp>
    </Code>
    <Code id="urn:ssb:code:stabas:4112107-4112725" parentCodeId="urn:ssb:code:stabas:4112105-4112579">
      <CodeValue>10.09</CodeValue>
      <CodeTextGrp>
        <CodeText xml:lang="nb">Bygge- og anleggsvirksomhet</CodeText>
        <CodeText xml:lang="en">Building and construction</CodeText>
      </CodeTextGrp>
    </Code>
    <Code id="urn:ssb:code:stabas:4112107-4112727" parentCodeId="urn:ssb:code:stabas:4112105-4112579">
      <CodeValue>10.10</CodeValue>
      <CodeTextGrp>
        <CodeText xml:lang="nb">Varehandel og reparasjonsvirksomhet</CodeText>
        <CodeText xml:lang="en">Retail and wholesale trade and repair of motor vehicles and household goods</CodeText>
      </CodeTextGrp>
    </Code>
    <Code id="urn:ssb:code:stabas:4112107-4112733" parentCodeId="urn:ssb:code:stabas:4112105-4112579">
      <CodeValue>10.11</CodeValue>
      <CodeTextGrp>
        <CodeText xml:lang="nb">Hotell- og restaurantvirksomhet</CodeText>
        <CodeText xml:lang="en">Hotels and restaurants</CodeText>
      </CodeTextGrp>
    </Code>
    <Code id="urn:ssb:code:stabas:4112107-4112735" parentCodeId="urn:ssb:code:stabas:4112105-4112579">
      <CodeValue>10.12</CodeValue>
      <CodeTextGrp>
        <CodeText xml:lang="nb">Transport og kommunikasjon</CodeText>
        <CodeText xml:lang="en">Transport and communication</CodeText>
      </CodeTextGrp>
    </Code>
    <Code id="urn:ssb:code:stabas:4112107-4112751" parentCodeId="urn:ssb:code:stabas:4112105-4112579">
      <CodeValue>10.13</CodeValue>
      <CodeTextGrp>
        <CodeText xml:lang="nb">Finansiell tjenesteyting og forsikring</CodeText>
        <CodeText xml:lang="en">Financial intermediation</CodeText>
      </CodeTextGrp>
    </Code>
    <Code id="urn:ssb:code:stabas:4112107-4112759" parentCodeId="urn:ssb:code:stabas:4112105-4112579">
      <CodeValue>10.14</CodeValue>
      <CodeTextGrp>
        <CodeText xml:lang="nb">Eiendomsdrift, forretningsmessing tjenesteyting og utleievirksomhet</CodeText>
        <CodeText xml:lang="en">Real estate activities, renting and business activities</CodeText>
      </CodeTextGrp>
    </Code>
    <Code id="urn:ssb:code:stabas:4112107-4112771" parentCodeId="urn:ssb:code:stabas:4112105-4112579">
      <CodeValue>10.15</CodeValue>
      <CodeTextGrp>
        <CodeText xml:lang="nb">Offentlig administrasjon og forsvar</CodeText>
        <CodeText xml:lang="en">Public administration and defence</CodeText>
      </CodeTextGrp>
    </Code>
    <Code id="urn:ssb:code:stabas:4112107-4112777" parentCodeId="urn:ssb:code:stabas:4112105-4112579">
      <CodeValue>10.16</CodeValue>
      <CodeTextGrp>
        <CodeText xml:lang="nb">Tjenesteyting ellers</CodeText>
        <CodeText xml:lang="en">Other service activities</CodeText>
      </CodeTextGrp>
    </Code>
    <Code id="urn:ssb:code:stabas:4112107-4112779" parentCodeId="urn:ssb:code:stabas:4112105-4112579">
      <CodeValue>10.90</CodeValue>
      <CodeTextGrp>
        <CodeText xml:lang="nb">Metoder, modeller, dokumentasjon</CodeText>
        <CodeText xml:lang="en">Methods, models, documentation</CodeText>
      </CodeTextGrp>
    </Code>
    <Code id="urn:ssb:code:stabas:4112107-4112783" parentCodeId="urn:ssb:code:stabas:4112105-4112781">
      <CodeValue>11.01</CodeValue>
      <CodeTextGrp>
        <CodeText xml:lang="nb">Aksjer, obligasjoner, aksjekurser, valutakurser</CodeText>
        <CodeText xml:lang="en">Shares, bonds, stock rates and foreign exchange rates</CodeText>
      </CodeTextGrp>
    </Code>
    <Code id="urn:ssb:code:stabas:4112107-4112785" parentCodeId="urn:ssb:code:stabas:4112105-4112781">
      <CodeValue>11.02</CodeValue>
      <CodeTextGrp>
        <CodeText xml:lang="nb">Konkurser</CodeText>
        <CodeText xml:lang="en">Bankruptcy</CodeText>
      </CodeTextGrp>
    </Code>
    <Code id="urn:ssb:code:stabas:4112107-4112787" parentCodeId="urn:ssb:code:stabas:4112105-4112781">
      <CodeValue>11.90</CodeValue>
      <CodeTextGrp>
        <CodeText xml:lang="nb">Metoder, modeller, dokumentasjon</CodeText>
        <CodeText xml:lang="en">Methods, models, documentation</CodeText>
      </CodeTextGrp>
    </Code>
    <Code id="urn:ssb:code:stabas:4112107-4112791" parentCodeId="urn:ssb:code:stabas:4112105-4112789">
      <CodeValue>12.01</CodeValue>
      <CodeTextGrp>
        <CodeText xml:lang="nb">Offentlige finanser og trygdeordninger</CodeText>
        <CodeText xml:lang="en">General government fiscal accounts including National Insurance, tax revenue</CodeText>
      </CodeTextGrp>
    </Code>
    <Code id="urn:ssb:code:stabas:4112107-4112799" parentCodeId="urn:ssb:code:stabas:4112105-4112789">
      <CodeValue>12.90</CodeValue>
      <CodeTextGrp>
        <CodeText xml:lang="nb">Metoder, modeller, dokumentasjon</CodeText>
        <CodeText xml:lang="en">Methods, models, documentation</CodeText>
      </CodeTextGrp>
    </Code>
  </Codes>
</Codelist>