<?xml version="1.0" encoding="utf-8"?>
<Codelist xmlns:xsi="http://www.w3.org/2001/XMLSchema-instance" xmlns:xsd="http://www.w3.org/2001/XMLSchema" id="urn:ssb:codelist:stabas:4112109" defaultValidFrom="1995-01-01" defaultValidTo="2004-12-31" lastChangedDate="2011-01-25" parentCodelistId="urn:ssb:codelist:stabas:4112107" isCurrent="false" relationId="urn:ssb:classversion:stabas:4112102" xmlns="http://www.ssb.no/ns/meta/codelist">
  <CodelistMeta>
    <TitleGrp>
      <Title xml:lang="nb">Standard for SSBs emneinndeling 1995: Nivå 3</Title>
      <Title xml:lang="en">Classification of Statistics Norways topic codes 1995: Level 3</Title>
    </TitleGrp>
    <DescriptionGrp>
      <Description xml:lang="nb">Emneinndelingen er utarbeidet ut fra disse forutsetningene: Statistikk og analyser skal deles i emner etter hvilket område av samfunnet eller type samfunnssektorer som beskrives, og være mest mulig tjenlig og informativ for eksterne miljøer. Den skal så vidt mulig bygge på NACE. Det gjelder spesielt næringene, men også andre samfunnsområder.</Description>
      <Description xml:lang="en">Statistics organized by subjects</Description>
    </DescriptionGrp>
    <ContactInformation>
      <Person xmlns="http://www.ssb.no/ns/meta/common">jbr</Person>
      <Division xmlns="http://www.ssb.no/ns/meta/common">610</Division>
    </ContactInformation>
    <NoteGrp />
  </CodelistMeta>
  <Codes>
    <Code id="urn:ssb:code:stabas:4112109-4112115" parentCodeId="urn:ssb:code:stabas:4112107-4112113">
      <CodeValue>00.00.10</CodeValue>
      <CodeTextGrp>
        <CodeText xml:lang="nb">Nasjonale</CodeText>
        <CodeText xml:lang="en">National</CodeText>
      </CodeTextGrp>
    </Code>
    <Code id="urn:ssb:code:stabas:4112109-4112117" parentCodeId="urn:ssb:code:stabas:4112107-4112113">
      <CodeValue>00.00.20</CodeValue>
      <CodeTextGrp>
        <CodeText xml:lang="nb">Regionale</CodeText>
        <CodeText xml:lang="en">Regional</CodeText>
      </CodeTextGrp>
    </Code>
    <Code id="urn:ssb:code:stabas:4112109-4112119" parentCodeId="urn:ssb:code:stabas:4112107-4112113">
      <CodeValue>00.00.30</CodeValue>
      <CodeTextGrp>
        <CodeText xml:lang="nb">Internasjonale</CodeText>
        <CodeText xml:lang="en">International</CodeText>
      </CodeTextGrp>
    </Code>
    <Code id="urn:ssb:code:stabas:4112109-4112123" parentCodeId="urn:ssb:code:stabas:4112107-4112121">
      <CodeValue>00.01.10</CodeValue>
      <CodeTextGrp>
        <CodeText xml:lang="nb">Stortingsvalg</CodeText>
        <CodeText xml:lang="en">General elections</CodeText>
      </CodeTextGrp>
    </Code>
    <Code id="urn:ssb:code:stabas:4112109-4112125" parentCodeId="urn:ssb:code:stabas:4112107-4112121">
      <CodeValue>00.01.20</CodeValue>
      <CodeTextGrp>
        <CodeText xml:lang="nb">Fylkestings- og kommunestyrevalg</CodeText>
        <CodeText xml:lang="en">Local elections</CodeText>
      </CodeTextGrp>
    </Code>
    <Code id="urn:ssb:code:stabas:4112109-4112127" parentCodeId="urn:ssb:code:stabas:4112107-4112121">
      <CodeValue>00.01.30</CodeValue>
      <CodeTextGrp>
        <CodeText xml:lang="nb">Folkeavstemninger, holdninger</CodeText>
        <CodeText xml:lang="en">Referendums attitudes</CodeText>
      </CodeTextGrp>
    </Code>
    <Code id="urn:ssb:code:stabas:4112109-4112129" parentCodeId="urn:ssb:code:stabas:4112107-4112121">
      <CodeValue>00.01.40</CodeValue>
      <CodeTextGrp>
        <CodeText xml:lang="nb">Meningsmålinger</CodeText>
        <CodeText xml:lang="en">Public opinion polls</CodeText>
      </CodeTextGrp>
    </Code>
    <Code id="urn:ssb:code:stabas:4112109-4112133" parentCodeId="urn:ssb:code:stabas:4112107-4112131">
      <CodeValue>00.02.10</CodeValue>
      <CodeTextGrp>
        <CodeText xml:lang="nb">Likestilling</CodeText>
        <CodeText xml:lang="en">Gender equality</CodeText>
      </CodeTextGrp>
    </Code>
    <Code id="urn:ssb:code:stabas:4112109-4112135" parentCodeId="urn:ssb:code:stabas:4112107-4112131">
      <CodeValue>00.02.20</CodeValue>
      <CodeTextGrp>
        <CodeText xml:lang="nb">Tidsbruk</CodeText>
        <CodeText xml:lang="en">Time use</CodeText>
      </CodeTextGrp>
    </Code>
    <Code id="urn:ssb:code:stabas:4112109-4112137" parentCodeId="urn:ssb:code:stabas:4112107-4112131">
      <CodeValue>00.02.30</CodeValue>
      <CodeTextGrp>
        <CodeText xml:lang="nb">Sosiale indikatorer</CodeText>
        <CodeText xml:lang="en">Social indicators</CodeText>
      </CodeTextGrp>
    </Code>
    <Code id="urn:ssb:code:stabas:4112109-4112145" parentCodeId="urn:ssb:code:stabas:4112107-4112143">
      <CodeValue>01.01.10</CodeValue>
      <CodeTextGrp>
        <CodeText xml:lang="nb">Arealdekke</CodeText>
        <CodeText xml:lang="en">Land cover</CodeText>
      </CodeTextGrp>
    </Code>
    <Code id="urn:ssb:code:stabas:4112109-4112147" parentCodeId="urn:ssb:code:stabas:4112107-4112143">
      <CodeValue>01.01.20</CodeValue>
      <CodeTextGrp>
        <CodeText xml:lang="nb">Arealbruk</CodeText>
        <CodeText xml:lang="en">Land use</CodeText>
      </CodeTextGrp>
    </Code>
    <Code id="urn:ssb:code:stabas:4112109-4112153" parentCodeId="urn:ssb:code:stabas:4112107-4112151">
      <CodeValue>01.03.10</CodeValue>
      <CodeTextGrp>
        <CodeText xml:lang="nb">Energi</CodeText>
        <CodeText xml:lang="en">Energy</CodeText>
      </CodeTextGrp>
    </Code>
    <Code id="urn:ssb:code:stabas:4112109-4112155" parentCodeId="urn:ssb:code:stabas:4112107-4112151">
      <CodeValue>01.03.20</CodeValue>
      <CodeTextGrp>
        <CodeText xml:lang="nb">Skog</CodeText>
        <CodeText xml:lang="en">Forest</CodeText>
      </CodeTextGrp>
    </Code>
    <Code id="urn:ssb:code:stabas:4112109-4112157" parentCodeId="urn:ssb:code:stabas:4112107-4112151">
      <CodeValue>01.03.30</CodeValue>
      <CodeTextGrp>
        <CodeText xml:lang="nb">Fisk</CodeText>
        <CodeText xml:lang="en">Fish</CodeText>
      </CodeTextGrp>
    </Code>
    <Code id="urn:ssb:code:stabas:4112109-4112159" parentCodeId="urn:ssb:code:stabas:4112107-4112151">
      <CodeValue>01.03.90</CodeValue>
      <CodeTextGrp>
        <CodeText xml:lang="nb">Andre ressurser</CodeText>
        <CodeText xml:lang="en">Other resources</CodeText>
      </CodeTextGrp>
    </Code>
    <Code id="urn:ssb:code:stabas:4112109-4112163" parentCodeId="urn:ssb:code:stabas:4112107-4112161">
      <CodeValue>01.04.10</CodeValue>
      <CodeTextGrp>
        <CodeText xml:lang="nb">Luft</CodeText>
        <CodeText xml:lang="en">Air</CodeText>
      </CodeTextGrp>
    </Code>
    <Code id="urn:ssb:code:stabas:4112109-4112165" parentCodeId="urn:ssb:code:stabas:4112107-4112161">
      <CodeValue>01.04.20</CodeValue>
      <CodeTextGrp>
        <CodeText xml:lang="nb">Vann</CodeText>
        <CodeText xml:lang="en">Water</CodeText>
      </CodeTextGrp>
    </Code>
    <Code id="urn:ssb:code:stabas:4112109-4112167" parentCodeId="urn:ssb:code:stabas:4112107-4112161">
      <CodeValue>01.04.30</CodeValue>
      <CodeTextGrp>
        <CodeText xml:lang="nb">Jord</CodeText>
        <CodeText xml:lang="en">Soil</CodeText>
      </CodeTextGrp>
    </Code>
    <Code id="urn:ssb:code:stabas:4112109-4112171" parentCodeId="urn:ssb:code:stabas:4112107-4112169">
      <CodeValue>01.05.10</CodeValue>
      <CodeTextGrp>
        <CodeText xml:lang="nb">Kommunalt avfall</CodeText>
        <CodeText xml:lang="en">Municipal waste</CodeText>
      </CodeTextGrp>
    </Code>
    <Code id="urn:ssb:code:stabas:4112109-4112173" parentCodeId="urn:ssb:code:stabas:4112107-4112169">
      <CodeValue>01.05.20</CodeValue>
      <CodeTextGrp>
        <CodeText xml:lang="nb">Næringsavfall</CodeText>
        <CodeText xml:lang="en">Industrial waste</CodeText>
      </CodeTextGrp>
    </Code>
    <Code id="urn:ssb:code:stabas:4112109-4112175" parentCodeId="urn:ssb:code:stabas:4112107-4112169">
      <CodeValue>01.05.30</CodeValue>
      <CodeTextGrp>
        <CodeText xml:lang="nb">Spesialavfall</CodeText>
        <CodeText xml:lang="en">Hazardous waste</CodeText>
      </CodeTextGrp>
    </Code>
    <Code id="urn:ssb:code:stabas:4112109-4112177" parentCodeId="urn:ssb:code:stabas:4112107-4112169">
      <CodeValue>01.05.40</CodeValue>
      <CodeTextGrp>
        <CodeText xml:lang="nb">Emballasjeavfall</CodeText>
        <CodeText xml:lang="en">Packaging waste</CodeText>
      </CodeTextGrp>
    </Code>
    <Code id="urn:ssb:code:stabas:4112109-4112181" parentCodeId="urn:ssb:code:stabas:4112107-4112179">
      <CodeValue>01.06.10</CodeValue>
      <CodeTextGrp>
        <CodeText xml:lang="nb">Miljøindikatorer</CodeText>
        <CodeText xml:lang="en">Environmental indicators</CodeText>
      </CodeTextGrp>
    </Code>
    <Code id="urn:ssb:code:stabas:4112109-4112183" parentCodeId="urn:ssb:code:stabas:4112107-4112179">
      <CodeValue>01.06.20</CodeValue>
      <CodeTextGrp>
        <CodeText xml:lang="nb">Miljøvernkostnader</CodeText>
        <CodeText xml:lang="en">Environmental protection costs</CodeText>
      </CodeTextGrp>
    </Code>
    <Code id="urn:ssb:code:stabas:4112109-4112185" parentCodeId="urn:ssb:code:stabas:4112107-4112179">
      <CodeValue>01.06.30</CodeValue>
      <CodeTextGrp>
        <CodeText xml:lang="nb">Miljøregnskap</CodeText>
        <CodeText xml:lang="en">Environmental accounts</CodeText>
      </CodeTextGrp>
    </Code>
    <Code id="urn:ssb:code:stabas:4112109-4112193" parentCodeId="urn:ssb:code:stabas:4112107-4112191">
      <CodeValue>02.01.10</CodeValue>
      <CodeTextGrp>
        <CodeText xml:lang="nb">Folkemengde</CodeText>
        <CodeText xml:lang="en">Population</CodeText>
      </CodeTextGrp>
    </Code>
    <Code id="urn:ssb:code:stabas:4112109-4112195" parentCodeId="urn:ssb:code:stabas:4112107-4112191">
      <CodeValue>02.01.20</CodeValue>
      <CodeTextGrp>
        <CodeText xml:lang="nb">Familier, husholdninger</CodeText>
        <CodeText xml:lang="en">Families, households</CodeText>
      </CodeTextGrp>
    </Code>
    <Code id="urn:ssb:code:stabas:4112109-4112199" parentCodeId="urn:ssb:code:stabas:4112107-4112197">
      <CodeValue>02.02.10</CodeValue>
      <CodeTextGrp>
        <CodeText xml:lang="nb">Fødte, adopterte, døde, levetid</CodeText>
        <CodeText xml:lang="en">Birth, adoptions, deaths, mortality</CodeText>
      </CodeTextGrp>
    </Code>
    <Code id="urn:ssb:code:stabas:4112109-4112301" parentCodeId="urn:ssb:code:stabas:4112107-4112197">
      <CodeValue>02.02.20</CodeValue>
      <CodeTextGrp>
        <CodeText xml:lang="nb">Flyttinger, inn- og utvandring</CodeText>
        <CodeText xml:lang="en">Migration, immigration and emigration</CodeText>
      </CodeTextGrp>
    </Code>
    <Code id="urn:ssb:code:stabas:4112109-4112303" parentCodeId="urn:ssb:code:stabas:4112107-4112197">
      <CodeValue>02.02.30</CodeValue>
      <CodeTextGrp>
        <CodeText xml:lang="nb">Giftermål, skilsmisser og andre sivilstandsrelasjoner</CodeText>
        <CodeText xml:lang="en">Marriages, divorces and other relationships</CodeText>
      </CodeTextGrp>
    </Code>
    <Code id="urn:ssb:code:stabas:4112109-4112305" parentCodeId="urn:ssb:code:stabas:4112107-4112197">
      <CodeValue>02.02.40</CodeValue>
      <CodeTextGrp>
        <CodeText xml:lang="nb">Livsløpsdata</CodeText>
        <CodeText xml:lang="en">Lifespan data</CodeText>
      </CodeTextGrp>
    </Code>
    <Code id="urn:ssb:code:stabas:4112109-4112317" parentCodeId="urn:ssb:code:stabas:4112107-4112315">
      <CodeValue>03.01.10</CodeValue>
      <CodeTextGrp>
        <CodeText xml:lang="nb">Sykdommer, funksjonshemming, dødsårsaker</CodeText>
        <CodeText xml:lang="en">Diseases, functional disabilities</CodeText>
      </CodeTextGrp>
    </Code>
    <Code id="urn:ssb:code:stabas:4112109-4112319" parentCodeId="urn:ssb:code:stabas:4112107-4112315">
      <CodeValue>03.01.20</CodeValue>
      <CodeTextGrp>
        <CodeText xml:lang="nb">Svangerskapsavbrudd, steriliseringer</CodeText>
        <CodeText xml:lang="en">Pregnancy terminations, sterilizations</CodeText>
      </CodeTextGrp>
    </Code>
    <Code id="urn:ssb:code:stabas:4112109-4112323" parentCodeId="urn:ssb:code:stabas:4112107-4112321">
      <CodeValue>03.02.10</CodeValue>
      <CodeTextGrp>
        <CodeText xml:lang="nb">Sykehustjenester</CodeText>
        <CodeText xml:lang="en">Hospital services</CodeText>
      </CodeTextGrp>
    </Code>
    <Code id="urn:ssb:code:stabas:4112109-4112325" parentCodeId="urn:ssb:code:stabas:4112107-4112321">
      <CodeValue>03.02.20</CodeValue>
      <CodeTextGrp>
        <CodeText xml:lang="nb">Legetjenester</CodeText>
        <CodeText xml:lang="en">Medical services</CodeText>
      </CodeTextGrp>
    </Code>
    <Code id="urn:ssb:code:stabas:4112109-4112327" parentCodeId="urn:ssb:code:stabas:4112107-4112321">
      <CodeValue>03.02.90</CodeValue>
      <CodeTextGrp>
        <CodeText xml:lang="nb">Andre helsetjenester</CodeText>
        <CodeText xml:lang="en">Other health services</CodeText>
      </CodeTextGrp>
    </Code>
    <Code id="urn:ssb:code:stabas:4112109-4112331" parentCodeId="urn:ssb:code:stabas:4112107-4112329">
      <CodeValue>03.03.10</CodeValue>
      <CodeTextGrp>
        <CodeText xml:lang="nb">Barnevern</CodeText>
        <CodeText xml:lang="en">Child welfare</CodeText>
      </CodeTextGrp>
    </Code>
    <Code id="urn:ssb:code:stabas:4112109-4112333" parentCodeId="urn:ssb:code:stabas:4112107-4112329">
      <CodeValue>03.03.20</CodeValue>
      <CodeTextGrp>
        <CodeText xml:lang="nb">Eldreomsorg</CodeText>
        <CodeText xml:lang="en">Care of the elderly and the disabled</CodeText>
      </CodeTextGrp>
    </Code>
    <Code id="urn:ssb:code:stabas:4112109-4112337" parentCodeId="urn:ssb:code:stabas:4112107-4112335">
      <CodeValue>03.04.10</CodeValue>
      <CodeTextGrp>
        <CodeText xml:lang="nb">Sosiale tjenester i institusjon</CodeText>
        <CodeText xml:lang="en">Social services in institutions</CodeText>
      </CodeTextGrp>
    </Code>
    <Code id="urn:ssb:code:stabas:4112109-4112339" parentCodeId="urn:ssb:code:stabas:4112107-4112335">
      <CodeValue>03.04.20</CodeValue>
      <CodeTextGrp>
        <CodeText xml:lang="nb">Sosiale tjenester utenfor institusjon</CodeText>
        <CodeText xml:lang="en">Social services outside institutions</CodeText>
      </CodeTextGrp>
    </Code>
    <Code id="urn:ssb:code:stabas:4112109-4112341" parentCodeId="urn:ssb:code:stabas:4112107-4112335">
      <CodeValue>03.04.30</CodeValue>
      <CodeTextGrp>
        <CodeText xml:lang="nb">Trygd og sosialhjelp</CodeText>
        <CodeText xml:lang="en">Social security</CodeText>
      </CodeTextGrp>
    </Code>
    <Code id="urn:ssb:code:stabas:4112109-4112353" parentCodeId="urn:ssb:code:stabas:4112107-4112351">
      <CodeValue>04.02.10</CodeValue>
      <CodeTextGrp>
        <CodeText xml:lang="nb">Barnehager, førskoler</CodeText>
        <CodeText xml:lang="en">Day-care centres, preschools</CodeText>
      </CodeTextGrp>
    </Code>
    <Code id="urn:ssb:code:stabas:4112109-4112355" parentCodeId="urn:ssb:code:stabas:4112107-4112351">
      <CodeValue>04.02.20</CodeValue>
      <CodeTextGrp>
        <CodeText xml:lang="nb">Grunnskoler</CodeText>
        <CodeText xml:lang="en">Primary and lower secondary schools</CodeText>
      </CodeTextGrp>
    </Code>
    <Code id="urn:ssb:code:stabas:4112109-4112357" parentCodeId="urn:ssb:code:stabas:4112107-4112351">
      <CodeValue>04.02.30</CodeValue>
      <CodeTextGrp>
        <CodeText xml:lang="nb">Videregående skoler</CodeText>
        <CodeText xml:lang="en">Upper secondary schools</CodeText>
      </CodeTextGrp>
    </Code>
    <Code id="urn:ssb:code:stabas:4112109-4112359" parentCodeId="urn:ssb:code:stabas:4112107-4112351">
      <CodeValue>04.02.40</CodeValue>
      <CodeTextGrp>
        <CodeText xml:lang="nb">Universitet og høgskoler</CodeText>
        <CodeText xml:lang="en">Universities and colleges</CodeText>
      </CodeTextGrp>
    </Code>
    <Code id="urn:ssb:code:stabas:4112109-4112361" parentCodeId="urn:ssb:code:stabas:4112107-4112351">
      <CodeValue>04.02.50</CodeValue>
      <CodeTextGrp>
        <CodeText xml:lang="nb">Voksenopplæring og annen undervisning</CodeText>
        <CodeText xml:lang="en">Adult education and other tuition</CodeText>
      </CodeTextGrp>
    </Code>
    <Code id="urn:ssb:code:stabas:4112109-4112371" parentCodeId="urn:ssb:code:stabas:4112107-4112369">
      <CodeValue>05.01.10</CodeValue>
      <CodeTextGrp>
        <CodeText xml:lang="nb">Inntekt</CodeText>
        <CodeText xml:lang="en">Income</CodeText>
      </CodeTextGrp>
    </Code>
    <Code id="urn:ssb:code:stabas:4112109-4112373" parentCodeId="urn:ssb:code:stabas:4112107-4112369">
      <CodeValue>05.01.20</CodeValue>
      <CodeTextGrp>
        <CodeText xml:lang="nb">Formue</CodeText>
        <CodeText xml:lang="en">Property</CodeText>
      </CodeTextGrp>
    </Code>
    <Code id="urn:ssb:code:stabas:4112109-4112375" parentCodeId="urn:ssb:code:stabas:4112107-4112369">
      <CodeValue>05.01.30</CodeValue>
      <CodeTextGrp>
        <CodeText xml:lang="nb">Skatt</CodeText>
        <CodeText xml:lang="en">Taxes</CodeText>
      </CodeTextGrp>
    </Code>
    <Code id="urn:ssb:code:stabas:4112109-4112501" parentCodeId="urn:ssb:code:stabas:4112107-4112399">
      <CodeValue>07.01.10</CodeValue>
      <CodeTextGrp>
        <CodeText xml:lang="nb">Radio og fjernsyn</CodeText>
        <CodeText xml:lang="en">Radio and television</CodeText>
      </CodeTextGrp>
    </Code>
    <Code id="urn:ssb:code:stabas:4112109-4112503" parentCodeId="urn:ssb:code:stabas:4112107-4112399">
      <CodeValue>07.01.20</CodeValue>
      <CodeTextGrp>
        <CodeText xml:lang="nb">Film og video</CodeText>
        <CodeText xml:lang="en">Film and video</CodeText>
      </CodeTextGrp>
    </Code>
    <Code id="urn:ssb:code:stabas:4112109-4112505" parentCodeId="urn:ssb:code:stabas:4112107-4112399">
      <CodeValue>07.01.30</CodeValue>
      <CodeTextGrp>
        <CodeText xml:lang="nb">Nyhetsbyråer, aviser, tidsskrifter</CodeText>
        <CodeText xml:lang="en">News agencies, newspapers, periodicals</CodeText>
      </CodeTextGrp>
    </Code>
    <Code id="urn:ssb:code:stabas:4112109-4112507" parentCodeId="urn:ssb:code:stabas:4112107-4112399">
      <CodeValue>07.01.40</CodeValue>
      <CodeTextGrp>
        <CodeText xml:lang="nb">Bibliotek, museer, arkiver og annen kulturformidling</CodeText>
        <CodeText xml:lang="en">Libraries, museums, archives and other dissemination of culture</CodeText>
      </CodeTextGrp>
    </Code>
    <Code id="urn:ssb:code:stabas:4112109-4112509" parentCodeId="urn:ssb:code:stabas:4112107-4112399">
      <CodeValue>07.01.50</CodeValue>
      <CodeTextGrp>
        <CodeText xml:lang="nb">Idrettsanlegg</CodeText>
        <CodeText xml:lang="en">Sports facilities</CodeText>
      </CodeTextGrp>
    </Code>
    <Code id="urn:ssb:code:stabas:4112109-4112511" parentCodeId="urn:ssb:code:stabas:4112107-4112399">
      <CodeValue>07.01.90</CodeValue>
      <CodeTextGrp>
        <CodeText xml:lang="nb">Andre kulturtilbud</CodeText>
        <CodeText xml:lang="en">Other cultural offerings</CodeText>
      </CodeTextGrp>
    </Code>
    <Code id="urn:ssb:code:stabas:4112109-4112515" parentCodeId="urn:ssb:code:stabas:4112107-4112513">
      <CodeValue>07.02.10</CodeValue>
      <CodeTextGrp>
        <CodeText xml:lang="nb">Medlemskap i organisasjoner, tros- og livssynssamfunn</CodeText>
        <CodeText xml:lang="en">Membership in organizations, religious and philosophical communities</CodeText>
      </CodeTextGrp>
    </Code>
    <Code id="urn:ssb:code:stabas:4112109-4112517" parentCodeId="urn:ssb:code:stabas:4112107-4112513">
      <CodeValue>07.02.20</CodeValue>
      <CodeTextGrp>
        <CodeText xml:lang="nb">Kino-, teater-, opera-, konsertbesøk</CodeText>
        <CodeText xml:lang="en">Cinema, theatre, opera and concert attendance</CodeText>
      </CodeTextGrp>
    </Code>
    <Code id="urn:ssb:code:stabas:4112109-4112519" parentCodeId="urn:ssb:code:stabas:4112107-4112513">
      <CodeValue>07.02.30</CodeValue>
      <CodeTextGrp>
        <CodeText xml:lang="nb">Mediebruk, boklesing, bibliotekbesøk</CodeText>
        <CodeText xml:lang="en">Media use,  book reading, library visits</CodeText>
      </CodeTextGrp>
    </Code>
    <Code id="urn:ssb:code:stabas:4112109-4112521" parentCodeId="urn:ssb:code:stabas:4112107-4112513">
      <CodeValue>07.02.40</CodeValue>
      <CodeTextGrp>
        <CodeText xml:lang="nb">Musikk, sang</CodeText>
        <CodeText xml:lang="en">Music, song</CodeText>
      </CodeTextGrp>
    </Code>
    <Code id="urn:ssb:code:stabas:4112109-4112523" parentCodeId="urn:ssb:code:stabas:4112107-4112513">
      <CodeValue>07.02.50</CodeValue>
      <CodeTextGrp>
        <CodeText xml:lang="nb">Sport, idrett, friluftsliv</CodeText>
        <CodeText xml:lang="en">Sport and outdoor recreation</CodeText>
      </CodeTextGrp>
    </Code>
    <Code id="urn:ssb:code:stabas:4112109-4112525" parentCodeId="urn:ssb:code:stabas:4112107-4112513">
      <CodeValue>07.02.90</CodeValue>
      <CodeTextGrp>
        <CodeText xml:lang="nb">Andre kulturaktiviteter</CodeText>
        <CodeText xml:lang="en">Other cultural activities</CodeText>
      </CodeTextGrp>
    </Code>
    <Code id="urn:ssb:code:stabas:4112109-4112535" parentCodeId="urn:ssb:code:stabas:4112107-4112533">
      <CodeValue>08.02.10</CodeValue>
      <CodeTextGrp>
        <CodeText xml:lang="nb">Konsumprisindeks</CodeText>
        <CodeText xml:lang="en">Consumer price index</CodeText>
      </CodeTextGrp>
    </Code>
    <Code id="urn:ssb:code:stabas:4112109-4112537" parentCodeId="urn:ssb:code:stabas:4112107-4112533">
      <CodeValue>08.02.20</CodeValue>
      <CodeTextGrp>
        <CodeText xml:lang="nb">Produsent- og engrosprisindekser</CodeText>
        <CodeText xml:lang="en">Manufacturer and wholesale price indices</CodeText>
      </CodeTextGrp>
    </Code>
    <Code id="urn:ssb:code:stabas:4112109-4112539" parentCodeId="urn:ssb:code:stabas:4112107-4112533">
      <CodeValue>08.02.30</CodeValue>
      <CodeTextGrp>
        <CodeText xml:lang="nb">Boligpris- og byggekostnadsindekser</CodeText>
        <CodeText xml:lang="en">House price indices and construction cost indices</CodeText>
      </CodeTextGrp>
    </Code>
    <Code id="urn:ssb:code:stabas:4112109-4112541" parentCodeId="urn:ssb:code:stabas:4112107-4112533">
      <CodeValue>08.02.90</CodeValue>
      <CodeTextGrp>
        <CodeText xml:lang="nb">Andre prisindekser</CodeText>
        <CodeText xml:lang="en">Other price indices</CodeText>
      </CodeTextGrp>
    </Code>
    <Code id="urn:ssb:code:stabas:4112109-4112545" parentCodeId="urn:ssb:code:stabas:4112107-4112543">
      <CodeValue>08.03.10</CodeValue>
      <CodeTextGrp>
        <CodeText xml:lang="nb">Ordretilgang, ordrereserver</CodeText>
        <CodeText xml:lang="en">New orders, reserves of unfilled orders</CodeText>
      </CodeTextGrp>
    </Code>
    <Code id="urn:ssb:code:stabas:4112109-4112547" parentCodeId="urn:ssb:code:stabas:4112107-4112543">
      <CodeValue>08.03.20</CodeValue>
      <CodeTextGrp>
        <CodeText xml:lang="nb">Omsetning</CodeText>
        <CodeText xml:lang="en">Turnover</CodeText>
      </CodeTextGrp>
    </Code>
    <Code id="urn:ssb:code:stabas:4112109-4112549" parentCodeId="urn:ssb:code:stabas:4112107-4112543">
      <CodeValue>08.03.30</CodeValue>
      <CodeTextGrp>
        <CodeText xml:lang="nb">Investering</CodeText>
        <CodeText xml:lang="en">Investment</CodeText>
      </CodeTextGrp>
    </Code>
    <Code id="urn:ssb:code:stabas:4112109-4112551" parentCodeId="urn:ssb:code:stabas:4112107-4112543">
      <CodeValue>08.03.40</CodeValue>
      <CodeTextGrp>
        <CodeText xml:lang="nb">Utenrikshandel</CodeText>
        <CodeText xml:lang="en">External trade</CodeText>
      </CodeTextGrp>
    </Code>
    <Code id="urn:ssb:code:stabas:4112109-4112553" parentCodeId="urn:ssb:code:stabas:4112107-4112543">
      <CodeValue>08.03.90</CodeValue>
      <CodeTextGrp>
        <CodeText xml:lang="nb">Andre verdi- og volumindekser</CodeText>
        <CodeText xml:lang="en">Other value and volume indices</CodeText>
      </CodeTextGrp>
    </Code>
    <Code id="urn:ssb:code:stabas:4112109-4112559" parentCodeId="urn:ssb:code:stabas:4112107-4112557">
      <CodeValue>08.05.10</CodeValue>
      <CodeTextGrp>
        <CodeText xml:lang="nb">Nasjonale</CodeText>
        <CodeText xml:lang="en">National</CodeText>
      </CodeTextGrp>
    </Code>
    <Code id="urn:ssb:code:stabas:4112109-4112561" parentCodeId="urn:ssb:code:stabas:4112107-4112557">
      <CodeValue>08.05.20</CodeValue>
      <CodeTextGrp>
        <CodeText xml:lang="nb">Internasjonale</CodeText>
        <CodeText xml:lang="en">International</CodeText>
      </CodeTextGrp>
    </Code>
    <Code id="urn:ssb:code:stabas:4112109-4112589" parentCodeId="urn:ssb:code:stabas:4112107-4112587">
      <CodeValue>10.04.10</CodeValue>
      <CodeTextGrp>
        <CodeText xml:lang="nb">Jordbruk, jakt, viltstell</CodeText>
        <CodeText xml:lang="en">Agriculture, hunting, wildlife conservation</CodeText>
      </CodeTextGrp>
    </Code>
    <Code id="urn:ssb:code:stabas:4112109-4112591" parentCodeId="urn:ssb:code:stabas:4112107-4112587">
      <CodeValue>10.04.20</CodeValue>
      <CodeTextGrp>
        <CodeText xml:lang="nb">Skogbruk</CodeText>
        <CodeText xml:lang="en">Forestry</CodeText>
      </CodeTextGrp>
    </Code>
    <Code id="urn:ssb:code:stabas:4112109-4112597" parentCodeId="urn:ssb:code:stabas:4112107-4112595">
      <CodeValue>10.06.10</CodeValue>
      <CodeTextGrp>
        <CodeText xml:lang="nb">Bergverksdrift</CodeText>
        <CodeText xml:lang="en">Mining</CodeText>
      </CodeTextGrp>
    </Code>
    <Code id="urn:ssb:code:stabas:4112109-4112599" parentCodeId="urn:ssb:code:stabas:4112107-4112595">
      <CodeValue>10.06.20</CodeValue>
      <CodeTextGrp>
        <CodeText xml:lang="nb">Utvinning av råolje og naturgass</CodeText>
        <CodeText xml:lang="en">Extraction of crude oil and natural gas</CodeText>
      </CodeTextGrp>
    </Code>
    <Code id="urn:ssb:code:stabas:4112109-4112701" parentCodeId="urn:ssb:code:stabas:4112107-4112595">
      <CodeValue>10.06.30</CodeValue>
      <CodeTextGrp>
        <CodeText xml:lang="nb">Tjenester tilknyttet olje- og gassutvinning</CodeText>
        <CodeText xml:lang="en">Service activities incidental to oil and gas extraction</CodeText>
      </CodeTextGrp>
    </Code>
    <Code id="urn:ssb:code:stabas:4112109-4112705" parentCodeId="urn:ssb:code:stabas:4112107-4112703">
      <CodeValue>10.07.10</CodeValue>
      <CodeTextGrp>
        <CodeText xml:lang="nb">Produksjon av nærings- og nytelsesmidler</CodeText>
        <CodeText xml:lang="en">Manufacture of food products and beverages</CodeText>
      </CodeTextGrp>
    </Code>
    <Code id="urn:ssb:code:stabas:4112109-4112707" parentCodeId="urn:ssb:code:stabas:4112107-4112703">
      <CodeValue>10.07.20</CodeValue>
      <CodeTextGrp>
        <CodeText xml:lang="nb">Produksjon av tekstil-, beklednings- og lærvarer</CodeText>
        <CodeText xml:lang="en">Manufacture of textiles, wearing apparel and leather products</CodeText>
      </CodeTextGrp>
    </Code>
    <Code id="urn:ssb:code:stabas:4112109-4112709" parentCodeId="urn:ssb:code:stabas:4112107-4112703">
      <CodeValue>10.07.30</CodeValue>
      <CodeTextGrp>
        <CodeText xml:lang="nb">Treforedling, produksjon av trevarer, grafisk produksjon og forlagsvirksomhet</CodeText>
        <CodeText xml:lang="en">Pulp and paper industry, manufacture of wood and wood products</CodeText>
      </CodeTextGrp>
    </Code>
    <Code id="urn:ssb:code:stabas:4112109-4112711" parentCodeId="urn:ssb:code:stabas:4112107-4112703">
      <CodeValue>10.07.40</CodeValue>
      <CodeTextGrp>
        <CodeText xml:lang="nb">Produksjon av petroleumsprodukter, kjemikalier, gummi-, plast- og andre mineralprodukter</CodeText>
        <CodeText xml:lang="en">Manefacture of petroleum products, chemicals, rubber, plastic and other mineral products</CodeText>
      </CodeTextGrp>
    </Code>
    <Code id="urn:ssb:code:stabas:4112109-4112713" parentCodeId="urn:ssb:code:stabas:4112107-4112703">
      <CodeValue>10.07.50</CodeValue>
      <CodeTextGrp>
        <CodeText xml:lang="nb">Produksjon av metaller, maskiner, elektriske og optiske produkter og transportmidler</CodeText>
        <CodeText xml:lang="en">Manefacture of metals, machinery, electrical and optical equipment and transport equipment</CodeText>
      </CodeTextGrp>
    </Code>
    <Code id="urn:ssb:code:stabas:4112109-4112715" parentCodeId="urn:ssb:code:stabas:4112107-4112703">
      <CodeValue>10.07.60</CodeValue>
      <CodeTextGrp>
        <CodeText xml:lang="nb">Gjenvinning</CodeText>
        <CodeText xml:lang="en">Recycling</CodeText>
      </CodeTextGrp>
    </Code>
    <Code id="urn:ssb:code:stabas:4112109-4112717" parentCodeId="urn:ssb:code:stabas:4112107-4112703">
      <CodeValue>10.07.90</CodeValue>
      <CodeTextGrp>
        <CodeText xml:lang="nb">Annen industriproduksjon</CodeText>
        <CodeText xml:lang="en">Other manufacturing</CodeText>
      </CodeTextGrp>
    </Code>
    <Code id="urn:ssb:code:stabas:4112109-4112721" parentCodeId="urn:ssb:code:stabas:4112107-4112719">
      <CodeValue>10.08.10</CodeValue>
      <CodeTextGrp>
        <CodeText xml:lang="nb">Elektrisitets-, gass-, damp- og varmtvannsforsyning</CodeText>
        <CodeText xml:lang="en">Electricity, gas, steam and hot water supply</CodeText>
      </CodeTextGrp>
    </Code>
    <Code id="urn:ssb:code:stabas:4112109-4112723" parentCodeId="urn:ssb:code:stabas:4112107-4112719">
      <CodeValue>10.08.20</CodeValue>
      <CodeTextGrp>
        <CodeText xml:lang="nb">Oppsamling, rensing og distribusjon av vann</CodeText>
        <CodeText xml:lang="en">Collection</CodeText>
      </CodeTextGrp>
    </Code>
    <Code id="urn:ssb:code:stabas:4112109-4112729" parentCodeId="urn:ssb:code:stabas:4112107-4112727">
      <CodeValue>10.10.10</CodeValue>
      <CodeTextGrp>
        <CodeText xml:lang="nb">Varehandel</CodeText>
        <CodeText xml:lang="en">Wholesale and retail trade</CodeText>
      </CodeTextGrp>
    </Code>
    <Code id="urn:ssb:code:stabas:4112109-4112731" parentCodeId="urn:ssb:code:stabas:4112107-4112727">
      <CodeValue>10.10.20</CodeValue>
      <CodeTextGrp>
        <CodeText xml:lang="nb">Reparasjon av kjøretøyer og husholdningsapparater</CodeText>
        <CodeText xml:lang="en">Repair of motor vehicles</CodeText>
      </CodeTextGrp>
    </Code>
    <Code id="urn:ssb:code:stabas:4112109-4112737" parentCodeId="urn:ssb:code:stabas:4112107-4112735">
      <CodeValue>10.12.10</CodeValue>
      <CodeTextGrp>
        <CodeText xml:lang="nb">Jernbanetransport</CodeText>
        <CodeText xml:lang="en">Rail transport</CodeText>
      </CodeTextGrp>
    </Code>
    <Code id="urn:ssb:code:stabas:4112109-4112739" parentCodeId="urn:ssb:code:stabas:4112107-4112735">
      <CodeValue>10.12.20</CodeValue>
      <CodeTextGrp>
        <CodeText xml:lang="nb">Veitransport</CodeText>
        <CodeText xml:lang="en">Road transport</CodeText>
      </CodeTextGrp>
    </Code>
    <Code id="urn:ssb:code:stabas:4112109-4112741" parentCodeId="urn:ssb:code:stabas:4112107-4112735">
      <CodeValue>10.12.30</CodeValue>
      <CodeTextGrp>
        <CodeText xml:lang="nb">Rørtransport</CodeText>
        <CodeText xml:lang="en">Pipeline transport</CodeText>
      </CodeTextGrp>
    </Code>
    <Code id="urn:ssb:code:stabas:4112109-4112743" parentCodeId="urn:ssb:code:stabas:4112107-4112735">
      <CodeValue>10.12.40</CodeValue>
      <CodeTextGrp>
        <CodeText xml:lang="nb">Sjøtransport</CodeText>
        <CodeText xml:lang="en">Sea transport</CodeText>
      </CodeTextGrp>
    </Code>
    <Code id="urn:ssb:code:stabas:4112109-4112745" parentCodeId="urn:ssb:code:stabas:4112107-4112735">
      <CodeValue>10.12.50</CodeValue>
      <CodeTextGrp>
        <CodeText xml:lang="nb">Lufttransport</CodeText>
        <CodeText xml:lang="en">Air transport</CodeText>
      </CodeTextGrp>
    </Code>
    <Code id="urn:ssb:code:stabas:4112109-4112747" parentCodeId="urn:ssb:code:stabas:4112107-4112735">
      <CodeValue>10.12.60</CodeValue>
      <CodeTextGrp>
        <CodeText xml:lang="nb">Tjenester tilknyttet transport og reisevirksomhet</CodeText>
        <CodeText xml:lang="en">Transport and travel agency-related services</CodeText>
      </CodeTextGrp>
    </Code>
    <Code id="urn:ssb:code:stabas:4112109-4112749" parentCodeId="urn:ssb:code:stabas:4112107-4112735">
      <CodeValue>10.12.70</CodeValue>
      <CodeTextGrp>
        <CodeText xml:lang="nb">Post og telekommunikasjoner</CodeText>
        <CodeText xml:lang="en">Post and telecommunications</CodeText>
      </CodeTextGrp>
    </Code>
    <Code id="urn:ssb:code:stabas:4112109-4112753" parentCodeId="urn:ssb:code:stabas:4112107-4112751">
      <CodeValue>10.13.10</CodeValue>
      <CodeTextGrp>
        <CodeText xml:lang="nb">Bankvirksomhet og annen finansiell tjenesteyting</CodeText>
        <CodeText xml:lang="en">Financial institutions</CodeText>
      </CodeTextGrp>
    </Code>
    <Code id="urn:ssb:code:stabas:4112109-4112755" parentCodeId="urn:ssb:code:stabas:4112107-4112751">
      <CodeValue>10.13.20</CodeValue>
      <CodeTextGrp>
        <CodeText xml:lang="nb">Forsikring og pensjonsfond</CodeText>
        <CodeText xml:lang="en">Other Financial enterprises</CodeText>
      </CodeTextGrp>
    </Code>
    <Code id="urn:ssb:code:stabas:4112109-4112757" parentCodeId="urn:ssb:code:stabas:4112107-4112751">
      <CodeValue>10.13.30</CodeValue>
      <CodeTextGrp>
        <CodeText xml:lang="nb">Fonds- og aksjemekling, aksje- og obligasjonsfond, børser, legater</CodeText>
      </CodeTextGrp>
    </Code>
    <Code id="urn:ssb:code:stabas:4112109-4112761" parentCodeId="urn:ssb:code:stabas:4112107-4112759">
      <CodeValue>10.14.10</CodeValue>
      <CodeTextGrp>
        <CodeText xml:lang="nb">Omsetning og drift av fast eiendom</CodeText>
        <CodeText xml:lang="en">Sale and management of real estate</CodeText>
      </CodeTextGrp>
    </Code>
    <Code id="urn:ssb:code:stabas:4112109-4112763" parentCodeId="urn:ssb:code:stabas:4112107-4112759">
      <CodeValue>10.14.20</CodeValue>
      <CodeTextGrp>
        <CodeText xml:lang="nb">Utleie av maskiner og utstyr</CodeText>
        <CodeText xml:lang="en">Renting of machinery and equipment</CodeText>
      </CodeTextGrp>
    </Code>
    <Code id="urn:ssb:code:stabas:4112109-4112765" parentCodeId="urn:ssb:code:stabas:4112107-4112759">
      <CodeValue>10.14.30</CodeValue>
      <CodeTextGrp>
        <CodeText xml:lang="nb">Databehandlingvirksomhet</CodeText>
        <CodeText xml:lang="en">Data processing</CodeText>
      </CodeTextGrp>
    </Code>
    <Code id="urn:ssb:code:stabas:4112109-4112767" parentCodeId="urn:ssb:code:stabas:4112107-4112759">
      <CodeValue>10.14.40</CodeValue>
      <CodeTextGrp>
        <CodeText xml:lang="nb">Forskning og utviklingsarbeid</CodeText>
        <CodeText xml:lang="en">Research and development</CodeText>
      </CodeTextGrp>
    </Code>
    <Code id="urn:ssb:code:stabas:4112109-4112769" parentCodeId="urn:ssb:code:stabas:4112107-4112759">
      <CodeValue>10.14.90</CodeValue>
      <CodeTextGrp>
        <CodeText xml:lang="nb">Annen forretningsmessig tjenesteyting</CodeText>
        <CodeText xml:lang="en">Other business activities</CodeText>
      </CodeTextGrp>
    </Code>
    <Code id="urn:ssb:code:stabas:4112109-4112773" parentCodeId="urn:ssb:code:stabas:4112107-4112771">
      <CodeValue>10.15.10</CodeValue>
      <CodeTextGrp>
        <CodeText xml:lang="nb">Statlig, fylkeskommunal og kommunal administrasjon</CodeText>
        <CodeText xml:lang="en">State, county and municipal administration</CodeText>
      </CodeTextGrp>
    </Code>
    <Code id="urn:ssb:code:stabas:4112109-4112775" parentCodeId="urn:ssb:code:stabas:4112107-4112771">
      <CodeValue>10.15.20</CodeValue>
      <CodeTextGrp>
        <CodeText xml:lang="nb">Forsvar</CodeText>
        <CodeText xml:lang="en">Defence</CodeText>
      </CodeTextGrp>
    </Code>
    <Code id="urn:ssb:code:stabas:4112109-4112793" parentCodeId="urn:ssb:code:stabas:4112107-4112791">
      <CodeValue>12.01.10</CodeValue>
      <CodeTextGrp>
        <CodeText xml:lang="nb">Statlige finanser</CodeText>
        <CodeText xml:lang="en">State finances</CodeText>
      </CodeTextGrp>
    </Code>
    <Code id="urn:ssb:code:stabas:4112109-4112795" parentCodeId="urn:ssb:code:stabas:4112107-4112791">
      <CodeValue>12.01.20</CodeValue>
      <CodeTextGrp>
        <CodeText xml:lang="nb">Kommunale finanser</CodeText>
        <CodeText xml:lang="en">Municipal finances</CodeText>
      </CodeTextGrp>
    </Code>
    <Code id="urn:ssb:code:stabas:4112109-4112797" parentCodeId="urn:ssb:code:stabas:4112107-4112791">
      <CodeValue>12.01.30</CodeValue>
      <CodeTextGrp>
        <CodeText xml:lang="nb">Skatteregnskap</CodeText>
        <CodeText xml:lang="en">Tax accounts</CodeText>
      </CodeTextGrp>
    </Code>
  </Codes>
</Codelist>