<?xml version="1.0" encoding="utf-8"?>
<Codelist xmlns:xsi="http://www.w3.org/2001/XMLSchema-instance" xmlns:xsd="http://www.w3.org/2001/XMLSchema" id="urn:ssb:codelist:stabas:4124105" defaultValidFrom="1994-10-27" lastChangedDate="2014-06-27" isCurrent="true" relationId="urn:ssb:classversion:stabas:4124101" xmlns="http://www.ssb.no/ns/meta/codelist">
  <CodelistMeta>
    <TitleGrp>
      <Title xml:lang="nn">Kommuneklassifisering 1994: Kommuneklassifisering</Title>
      <Title xml:lang="nb">Kommuneklassifisering 1994: Kommuneklassifisering</Title>
      <Title xml:lang="en">Classification of municipalities 1994: Classification of municipalities</Title>
    </TitleGrp>
    <DescriptionGrp>
      <Description xml:lang="nn">Standard for kommuneklassifisering sin hovudklassifisering er tufta på kriteriene næringstilknytning og sentralitet.</Description>
      <Description xml:lang="nb">Standard for kommuneklassifisering sin hovedklassifisering er basert på kriteriene næringstilknytning og sentralitet.</Description>
      <Description xml:lang="en">The main classification of Standard Classification of Municipalities is based on the criteria industrial link and centrality.</Description>
    </DescriptionGrp>
    <ContactInformation>
      <Person xmlns="http://www.ssb.no/ns/meta/common">hhe</Person>
      <Division xmlns="http://www.ssb.no/ns/meta/common">320</Division>
    </ContactInformation>
    <NoteGrp>
      <Note xml:lang="nn">Ikkje relevant</Note>
      <Note xml:lang="nb">Ikke relevant</Note>
      <Note xml:lang="en">Not relevant</Note>
    </NoteGrp>
  </CodelistMeta>
  <Codes>
    <Code id="urn:ssb:code:stabas:4124105-4124107">
      <CodeValue>1</CodeValue>
      <CodeTextGrp>
        <CodeText xml:lang="nn">Primærnæringskommunar</CodeText>
        <CodeText xml:lang="nb">Primærnæringskommuner</CodeText>
        <CodeText xml:lang="en">Primary industry municipalities</CodeText>
      </CodeTextGrp>
    </Code>
    <Code id="urn:ssb:code:stabas:4124105-4124109">
      <CodeValue>2</CodeValue>
      <CodeTextGrp>
        <CodeText xml:lang="nn">Blanda landbruks- og industrikommunar</CodeText>
        <CodeText xml:lang="nb">Blandede landbruks- og industrikommuner</CodeText>
        <CodeText xml:lang="en">Mixed aggriculture and manufacturing municipalities</CodeText>
      </CodeTextGrp>
    </Code>
    <Code id="urn:ssb:code:stabas:4124105-4124111">
      <CodeValue>3</CodeValue>
      <CodeTextGrp>
        <CodeText xml:lang="nn">Industrikommunar</CodeText>
        <CodeText xml:lang="nb">Industrikommuner</CodeText>
        <CodeText xml:lang="en">Manufacturing municipalities</CodeText>
      </CodeTextGrp>
    </Code>
    <Code id="urn:ssb:code:stabas:4124105-4124113">
      <CodeValue>4</CodeValue>
      <CodeTextGrp>
        <CodeText xml:lang="nn">Mindre sentrale, blanda tenesteytings- og industrikommunar</CodeText>
        <CodeText xml:lang="nb">Mindre sentrale, blandede tjenesteytings- og industrikommuner</CodeText>
        <CodeText xml:lang="en">Less central, mixed service industry and manufacturing municipalities</CodeText>
      </CodeTextGrp>
    </Code>
    <Code id="urn:ssb:code:stabas:4124105-4124115">
      <CodeValue>5</CodeValue>
      <CodeTextGrp>
        <CodeText xml:lang="nn">Sentrale, blanda tenesteytings- og industrikommunar</CodeText>
        <CodeText xml:lang="nb">Sentrale, blandede tjenesteytings- og industrikommuner</CodeText>
        <CodeText xml:lang="en">Central, mixed service industry and manufacturing municipalities</CodeText>
      </CodeTextGrp>
    </Code>
    <Code id="urn:ssb:code:stabas:4124105-4124117">
      <CodeValue>6</CodeValue>
      <CodeTextGrp>
        <CodeText xml:lang="nn">Mindre sentrale tenesteytingskommunar</CodeText>
        <CodeText xml:lang="nb">Mindre sentrale tjenesteytingskommuner</CodeText>
        <CodeText xml:lang="en">Less central service industry municipalities</CodeText>
      </CodeTextGrp>
    </Code>
    <Code id="urn:ssb:code:stabas:4124105-4124119">
      <CodeValue>7</CodeValue>
      <CodeTextGrp>
        <CodeText xml:lang="nn">Sentrale tenesteytingskommunar</CodeText>
        <CodeText xml:lang="nb">Sentrale tjenesteytingskommuner</CodeText>
        <CodeText xml:lang="en">Central service industry municipalities</CodeText>
      </CodeTextGrp>
    </Code>
  </Codes>
</Codelist>