<?xml version="1.0" encoding="utf-8"?>
<Codelist xmlns:xsi="http://www.w3.org/2001/XMLSchema-instance" xmlns:xsd="http://www.w3.org/2001/XMLSchema" id="urn:ssb:codelist:stabas:4170366" defaultValidFrom="2002-01-01" defaultValidTo="2010-12-31" lastChangedDate="2015-12-11" isCurrent="false" relationId="urn:ssb:classversion:stabas:4170362" xmlns="http://www.ssb.no/ns/meta/codelist">
  <CodelistMeta>
    <TitleGrp>
      <Title xml:lang="nn">Fløttum si 19-kategorigruppering (SN2002): Næring</Title>
      <Title xml:lang="nb">Variant av SN2002 - Fløttums 19-kategorigruppering: Næring</Title>
      <Title xml:lang="en">Fløttum's 19-categories grouping (SIC2002): Division</Title>
    </TitleGrp>
    <DescriptionGrp>
      <Description xml:lang="nn">Som tillegg til arbeidet med Standard for næringsgruppering (SN) er det utarbeidd nokre  grupperingar av næringar som dels har spesiell analytisk interesse og dels er innretta meir mot spesielle norske tilhøve enn den reine strukturen i SN. Grupperingane har tekstar på bokmål, nynorsk og engelsk for å fremje meir einsarta namn på næringane, ikkje minst i publisering av offisiell norsk statistikk.  Erling Fløttum hadde ei sentral rolle i utforminga av grupperingane, derav namnet Fløttum sine grupperingar.
Markeringa * på ein kode, tyder at nokre av underkategoriane i dei tilhøyrande næringane er blitt  fjerna</Description>
      <Description xml:lang="nb">Som tillegg til arbeidet med Standard for næringsgruppering (SN), er det utarbeidet noen grupperinger av næringer som dels har spesiell analytisk interesse, og dels er innrettet mer mot spesielle norske forhold enn tilfellet er med den rene strukturen i SN. Grupperingene er gitt med betegnelser på bokmål, nynorsk og engelsk for å fremme mer ensartet navnsetting på næringene, ikke minst i publisering av den offisielle norske statistikken.  Erling Fløttum hadde en sentral rolle i utformingen av grupperingene, derav navnet Fløttums grupperinger.Markeringen * på en kode, betyr at noen av underkategoriene i de tilhørende næringene er fjernet</Description>
      <Description xml:lang="en">Related to the Standard Industrial Classification (SIC), some additional groupings of industries have been drawn up, partly from special analytical interest and partly from emphasizing industries that are particularly important to Norway and which do not follow directly from the structure of SIC. The groupings are given in both Norwegian versions(the two official languages in Norway) and English terms for a more common use of industry designations, particularly when issuing official Norwegian statistics.  Erling Fløttum played a central role in defining the groupings.
A code marked  * means that one or more of the industries belonging to the code, have had some of their sub categories removed.</Description>
    </DescriptionGrp>
    <ContactInformation>
      <Person xmlns="http://www.ssb.no/ns/meta/common">isk</Person>
      <Division xmlns="http://www.ssb.no/ns/meta/common">410</Division>
    </ContactInformation>
    <NoteGrp />
  </CodelistMeta>
  <Codes>
    <Code id="urn:ssb:code:stabas:4170366-4170368">
      <CodeValue>15-16</CodeValue>
      <CodeTextGrp>
        <CodeText xml:lang="nn">Nærings- og nyteingsmiddelindustri</CodeText>
        <CodeText xml:lang="nb">Nærings- og nytelsesmiddelindustri</CodeText>
        <CodeText xml:lang="en">Food products, beverages, tobacco</CodeText>
      </CodeTextGrp>
    </Code>
    <Code id="urn:ssb:code:stabas:4170366-4170370">
      <CodeValue>17-19</CodeValue>
      <CodeTextGrp>
        <CodeText xml:lang="nn">Tekstil- og klesvareindustri</CodeText>
        <CodeText xml:lang="nb">Tekstil- og bekledningsindustri</CodeText>
        <CodeText xml:lang="en">Textiles, wearing apparel, leather</CodeText>
      </CodeTextGrp>
    </Code>
    <Code id="urn:ssb:code:stabas:4170366-4170372">
      <CodeValue>20</CodeValue>
      <CodeTextGrp>
        <CodeText xml:lang="nn">Trelast- og trevareindustri</CodeText>
        <CodeText xml:lang="nb">Trelast- og trevareindustri</CodeText>
        <CodeText xml:lang="en">Wood and wood products</CodeText>
      </CodeTextGrp>
    </Code>
    <Code id="urn:ssb:code:stabas:4170366-4170374">
      <CodeValue>21</CodeValue>
      <CodeTextGrp>
        <CodeText xml:lang="nn">Treforedling</CodeText>
        <CodeText xml:lang="nb">Treforedling</CodeText>
        <CodeText xml:lang="en">Pulp, paper and paper products</CodeText>
      </CodeTextGrp>
    </Code>
    <Code id="urn:ssb:code:stabas:4170366-4170376">
      <CodeValue>22</CodeValue>
      <CodeTextGrp>
        <CodeText xml:lang="nn">Forlag og grafisk industri</CodeText>
        <CodeText xml:lang="nb">Forlag og grafisk industri</CodeText>
        <CodeText xml:lang="en">Publishing, printing, reproduction</CodeText>
      </CodeTextGrp>
    </Code>
    <Code id="urn:ssb:code:stabas:4170366-4170378">
      <CodeValue>23</CodeValue>
      <CodeTextGrp>
        <CodeText xml:lang="nn">Oljeraffinering</CodeText>
        <CodeText xml:lang="nb">Oljeraffinering</CodeText>
        <CodeText xml:lang="en">Refined petroleum products</CodeText>
      </CodeTextGrp>
    </Code>
    <Code id="urn:ssb:code:stabas:4170366-4170380">
      <CodeValue>24</CodeValue>
      <CodeTextGrp>
        <CodeText xml:lang="nn">Kjemisk industri</CodeText>
        <CodeText xml:lang="nb">Kjemisk industri</CodeText>
        <CodeText xml:lang="en">Chemicals and chemical products</CodeText>
      </CodeTextGrp>
    </Code>
    <Code id="urn:ssb:code:stabas:4170366-4170382">
      <CodeValue>25</CodeValue>
      <CodeTextGrp>
        <CodeText xml:lang="nn">Gummivare- og plastindustri</CodeText>
        <CodeText xml:lang="nb">Gummivare- og plastindustri</CodeText>
        <CodeText xml:lang="en">Rubber and plastic products</CodeText>
      </CodeTextGrp>
    </Code>
    <Code id="urn:ssb:code:stabas:4170366-4170384">
      <CodeValue>26</CodeValue>
      <CodeTextGrp>
        <CodeText xml:lang="nn">Mineralproduktindustri</CodeText>
        <CodeText xml:lang="nb">Mineralproduktindustri</CodeText>
        <CodeText xml:lang="en">Other non-metallic mineral products</CodeText>
      </CodeTextGrp>
    </Code>
    <Code id="urn:ssb:code:stabas:4170366-4170386">
      <CodeValue>27</CodeValue>
      <CodeTextGrp>
        <CodeText xml:lang="nn">Metallindustri</CodeText>
        <CodeText xml:lang="nb">Metallindustri</CodeText>
        <CodeText xml:lang="en">Basic metals</CodeText>
      </CodeTextGrp>
    </Code>
    <Code id="urn:ssb:code:stabas:4170366-4170388">
      <CodeValue>28</CodeValue>
      <CodeTextGrp>
        <CodeText xml:lang="nn">Metallvareindustri</CodeText>
        <CodeText xml:lang="nb">Metallvareindustri</CodeText>
        <CodeText xml:lang="en">Fabricated metal products</CodeText>
      </CodeTextGrp>
    </Code>
    <Code id="urn:ssb:code:stabas:4170366-4170390">
      <CodeValue>29</CodeValue>
      <CodeTextGrp>
        <CodeText xml:lang="nn">Maskinindustri</CodeText>
        <CodeText xml:lang="nb">Maskinindustri</CodeText>
        <CodeText xml:lang="en">Machinery and equipment n.e.c.</CodeText>
      </CodeTextGrp>
    </Code>
    <Code id="urn:ssb:code:stabas:4170366-4170392">
      <CodeValue>30-33</CodeValue>
      <CodeTextGrp>
        <CodeText xml:lang="nn">Elektroteknisk og optisk industri</CodeText>
        <CodeText xml:lang="nb">Elektroteknisk og optisk industri</CodeText>
        <CodeText xml:lang="en">Electrical and optical equipment</CodeText>
      </CodeTextGrp>
    </Code>
    <Code id="urn:ssb:code:stabas:4170366-4170394">
      <CodeValue>34-35*</CodeValue>
      <CodeTextGrp>
        <CodeText xml:lang="nn">Transportmiddelindustri</CodeText>
        <CodeText xml:lang="nb">Transportmiddelindustri</CodeText>
        <CodeText xml:lang="en">Transport equipment</CodeText>
      </CodeTextGrp>
    </Code>
    <Code id="urn:ssb:code:stabas:4170366-4170396">
      <CodeValue>35114-5</CodeValue>
      <CodeTextGrp>
        <CodeText xml:lang="nn">Oljeplattformar</CodeText>
        <CodeText xml:lang="nb">Oljeplattformer</CodeText>
        <CodeText xml:lang="en">Oil platforms and modules</CodeText>
      </CodeTextGrp>
    </Code>
    <Code id="urn:ssb:code:stabas:4170366-4170398">
      <CodeValue>36-37</CodeValue>
      <CodeTextGrp>
        <CodeText xml:lang="nn">Møbelindustri og annan industri</CodeText>
        <CodeText xml:lang="nb">Møbelindustri og annen industri</CodeText>
        <CodeText xml:lang="en">Furniture, other manuf., recycling</CodeText>
      </CodeTextGrp>
    </Code>
    <Code id="urn:ssb:code:stabas:4170366-4170400">
      <CodeValue>50101, 50301, 50401, 51*</CodeValue>
      <CodeTextGrp>
        <CodeText xml:lang="nn">Engroshandel</CodeText>
        <CodeText xml:lang="nb">Engroshandel</CodeText>
        <CodeText xml:lang="en">Wholesale trade</CodeText>
      </CodeTextGrp>
    </Code>
    <Code id="urn:ssb:code:stabas:4170366-4170502">
      <CodeValue>50102, 50302, 50402, 505, 52</CodeValue>
      <CodeTextGrp>
        <CodeText xml:lang="nn">Detaljhandel</CodeText>
        <CodeText xml:lang="nb">Detaljhandel</CodeText>
        <CodeText xml:lang="en">Retail trade</CodeText>
      </CodeTextGrp>
    </Code>
    <Code id="urn:ssb:code:stabas:4170366-4170504">
      <CodeValue>511</CodeValue>
      <CodeTextGrp>
        <CodeText xml:lang="nn">Agenturhandel</CodeText>
        <CodeText xml:lang="nb">Agenturhandel</CodeText>
        <CodeText xml:lang="en">W.sale on fee or contract basis</CodeText>
      </CodeTextGrp>
    </Code>
  </Codes>
</Codelist>