<?xml version="1.0" encoding="utf-8"?>
<Codelist xmlns:xsi="http://www.w3.org/2001/XMLSchema-instance" xmlns:xsd="http://www.w3.org/2001/XMLSchema" id="urn:ssb:codelist:stabas:4170511" defaultValidFrom="2002-01-01" defaultValidTo="2010-12-31" lastChangedDate="2015-12-11" isCurrent="false" relationId="urn:ssb:classversion:stabas:4170507" xmlns="http://www.ssb.no/ns/meta/codelist">
  <CodelistMeta>
    <TitleGrp>
      <Title xml:lang="nn">Fløttum si 21-kategorigruppering (SN2002): Næring</Title>
      <Title xml:lang="nb">Variant av SN2002 - Fløttums 21-kategorigruppering: Næring</Title>
      <Title xml:lang="en">Fløttum's 21-categories grouping (SIC2002): Division</Title>
    </TitleGrp>
    <DescriptionGrp>
      <Description xml:lang="nn">Som tillegg til arbeidet med Standard for næringsgruppering (SN) er det utarbeidd nokre  grupperingar av næringar som dels har spesiell analytisk interesse og dels er innretta meir mot spesielle norske tilhøve enn den reine strukturen i SN. Grupperingane har tekstar på bokmål, nynorsk og engelsk for å fremje meir einsarta namn på næringane, ikkje minst i publisering av offisiell norsk statistikk.  Erling Fløttum hadde ei sentral rolle i utforminga av grupperingane, derav namnet Fløttum sine grupperingar.
Markeringa * på ein kode, tyder at nokre av underkategoriane i dei tilhøyrande næringane er blitt  fjerna</Description>
      <Description xml:lang="nb">Som tillegg til arbeidet med Standard for næringsgruppering (SN), er det utarbeidet noen grupperinger av næringer som dels har spesiell analytisk interesse, og dels er innrettet mer mot spesielle norske forhold enn tilfellet er med den rene strukturen i SN. Grupperingene er gitt med betegnelser på bokmål, nynorsk og engelsk for å fremme mer ensartet navnsetting på næringene, ikke minst i publisering av den offisielle norske statistikken.  Erling Fløttum hadde en sentral rolle i utformingen av grupperingene, derav navnet Fløttums grupperinger. Markeringen * på en kode, betyr at noen av underkategoriene i de tilhørende næringene er fjernet</Description>
      <Description xml:lang="en">Related to the Standard Industrial Classification (SIC), some additional groupings of industries have been drawn up, partly from special analytical interest and partly from emphasizing industries that are particularly important to Norway and which do not follow directly from the structure of SIC. The groupings are given in both Norwegian versions(the two official languages in Norway) and English terms for a more common use of industry designations, particularly when issuing official Norwegian statistics.  Erling Fløttum played a central role in defining the groupings.
A code marked  * means that one or more of the industries belonging to the code, have had some of their sub categories removed.</Description>
    </DescriptionGrp>
    <ContactInformation>
      <Person xmlns="http://www.ssb.no/ns/meta/common">isk</Person>
      <Division xmlns="http://www.ssb.no/ns/meta/common">410</Division>
    </ContactInformation>
    <NoteGrp />
  </CodelistMeta>
  <Codes>
    <Code id="urn:ssb:code:stabas:4170511-4170513">
      <CodeValue>01</CodeValue>
      <CodeTextGrp>
        <CodeText xml:lang="nn">Jordbruk, jakt og viltstell</CodeText>
        <CodeText xml:lang="nb">Jordbruk, jakt og viltstell</CodeText>
        <CodeText xml:lang="en">Agriculture and hunting</CodeText>
      </CodeTextGrp>
    </Code>
    <Code id="urn:ssb:code:stabas:4170511-4170515">
      <CodeValue>02</CodeValue>
      <CodeTextGrp>
        <CodeText xml:lang="nn">Skogbruk</CodeText>
        <CodeText xml:lang="nb">Skogbruk</CodeText>
        <CodeText xml:lang="en">Forestry and logging</CodeText>
      </CodeTextGrp>
    </Code>
    <Code id="urn:ssb:code:stabas:4170511-4170517">
      <CodeValue>05</CodeValue>
      <CodeTextGrp>
        <CodeText xml:lang="nn">Fiske, fangst og fiskeoppdrett</CodeText>
        <CodeText xml:lang="nb">Fiske, fangst og fiskeoppdrett</CodeText>
        <CodeText xml:lang="en">Fishing, fish farming, incl.services</CodeText>
      </CodeTextGrp>
    </Code>
    <Code id="urn:ssb:code:stabas:4170511-4170519">
      <CodeValue>10, 12-37</CodeValue>
      <CodeTextGrp>
        <CodeText xml:lang="nn">Industri og bergverksdrift</CodeText>
        <CodeText xml:lang="nb">Industri og bergverksdrift</CodeText>
        <CodeText xml:lang="en">Manufacturing, mining and quarrying</CodeText>
      </CodeTextGrp>
    </Code>
    <Code id="urn:ssb:code:stabas:4170511-4170521">
      <CodeValue>11</CodeValue>
      <CodeTextGrp>
        <CodeText xml:lang="nn">Utv. av råolje og naturgass,med ten.</CodeText>
        <CodeText xml:lang="nb">Utv. av råolje og naturgass,inkl.tj.</CodeText>
        <CodeText xml:lang="en">Oil and gas extraction, incl.serv.</CodeText>
      </CodeTextGrp>
    </Code>
    <Code id="urn:ssb:code:stabas:4170511-4170523">
      <CodeValue>40-41</CodeValue>
      <CodeTextGrp>
        <CodeText xml:lang="nn">Kraft- og vatnforsyning</CodeText>
        <CodeText xml:lang="nb">Kraft- og vannforsyning</CodeText>
        <CodeText xml:lang="en">Electricity, gas and water supply</CodeText>
      </CodeTextGrp>
    </Code>
    <Code id="urn:ssb:code:stabas:4170511-4170525">
      <CodeValue>45</CodeValue>
      <CodeTextGrp>
        <CodeText xml:lang="nn">Byggje- og anleggsverksemd</CodeText>
        <CodeText xml:lang="nb">Bygge- og anleggsvirksomhet</CodeText>
        <CodeText xml:lang="en">Construction</CodeText>
      </CodeTextGrp>
    </Code>
    <Code id="urn:ssb:code:stabas:4170511-4170529">
      <CodeValue>50.2, 50.403, 52.7</CodeValue>
      <CodeTextGrp>
        <CodeText xml:lang="nn">Rep. av motorvogner og hush.app.</CodeText>
        <CodeText xml:lang="nb">Rep. av motorvogner og hush.app.</CodeText>
        <CodeText xml:lang="en">Repair of motor vehicles and goods</CodeText>
      </CodeTextGrp>
    </Code>
    <Code id="urn:ssb:code:stabas:4170511-4170527">
      <CodeValue>50*-52</CodeValue>
      <CodeTextGrp>
        <CodeText xml:lang="nn">Varehandel</CodeText>
        <CodeText xml:lang="nb">Varehandel</CodeText>
        <CodeText xml:lang="en">Wholesale and retail trade</CodeText>
      </CodeTextGrp>
    </Code>
    <Code id="urn:ssb:code:stabas:4170511-4170531">
      <CodeValue>55</CodeValue>
      <CodeTextGrp>
        <CodeText xml:lang="nn">Hotell- og restaurantverksemd</CodeText>
        <CodeText xml:lang="nb">Hotell- og restaurantvirksomhet</CodeText>
        <CodeText xml:lang="en">Hotels and restaurants</CodeText>
      </CodeTextGrp>
    </Code>
    <Code id="urn:ssb:code:stabas:4170511-4170535">
      <CodeValue>60.3</CodeValue>
      <CodeTextGrp>
        <CodeText xml:lang="nn">Rørtransport</CodeText>
        <CodeText xml:lang="nb">Rørtransport</CodeText>
        <CodeText xml:lang="en">Transport via pipelines</CodeText>
      </CodeTextGrp>
    </Code>
    <Code id="urn:ssb:code:stabas:4170511-4170533">
      <CodeValue>60*-63</CodeValue>
      <CodeTextGrp>
        <CodeText xml:lang="nn">Transport elles</CodeText>
        <CodeText xml:lang="nb">Transport ellers</CodeText>
        <CodeText xml:lang="en">Other transport activities</CodeText>
      </CodeTextGrp>
    </Code>
    <Code id="urn:ssb:code:stabas:4170511-4170537">
      <CodeValue>61.101</CodeValue>
      <CodeTextGrp>
        <CodeText xml:lang="nn">Utanriks sjøfart</CodeText>
        <CodeText xml:lang="nb">Utenriks sjøfart</CodeText>
        <CodeText xml:lang="en">Ocean transport</CodeText>
      </CodeTextGrp>
    </Code>
    <Code id="urn:ssb:code:stabas:4170511-4170539">
      <CodeValue>64</CodeValue>
      <CodeTextGrp>
        <CodeText xml:lang="nn">Post og telekommunikasjonar</CodeText>
        <CodeText xml:lang="nb">Post og telekommunikasjoner</CodeText>
        <CodeText xml:lang="en">Post and telecommunications</CodeText>
      </CodeTextGrp>
    </Code>
    <Code id="urn:ssb:code:stabas:4170511-4170541">
      <CodeValue>65-67</CodeValue>
      <CodeTextGrp>
        <CodeText xml:lang="nn">Finansiell tenesteyting,forsikring</CodeText>
        <CodeText xml:lang="nb">Finansiell tjenesteyting,forsikring</CodeText>
        <CodeText xml:lang="en">Financial intermediation</CodeText>
      </CodeTextGrp>
    </Code>
    <Code id="urn:ssb:code:stabas:4170511-4170543">
      <CodeValue>70</CodeValue>
      <CodeTextGrp>
        <CodeText xml:lang="nn">Eigedomsdrift</CodeText>
        <CodeText xml:lang="nb">Eiendomsdrift</CodeText>
        <CodeText xml:lang="en">Real estate activities</CodeText>
      </CodeTextGrp>
    </Code>
    <Code id="urn:ssb:code:stabas:4170511-4170545">
      <CodeValue>71-74</CodeValue>
      <CodeTextGrp>
        <CodeText xml:lang="nn">Forr.tenesteyting og utleigeverks.</CodeText>
        <CodeText xml:lang="nb">Forr.tjenesteyting og utleievirks.</CodeText>
        <CodeText xml:lang="en">Renting and business activities</CodeText>
      </CodeTextGrp>
    </Code>
    <Code id="urn:ssb:code:stabas:4170511-4170547">
      <CodeValue>75</CodeValue>
      <CodeTextGrp>
        <CodeText xml:lang="nn">Off.adm. og forsvar, sosialforsikr.</CodeText>
        <CodeText xml:lang="nb">Off.adm. og forsvar, sosialforsikr.</CodeText>
        <CodeText xml:lang="en">Public administration and defence</CodeText>
      </CodeTextGrp>
    </Code>
    <Code id="urn:ssb:code:stabas:4170511-4170549">
      <CodeValue>80</CodeValue>
      <CodeTextGrp>
        <CodeText xml:lang="nn">Undervisning</CodeText>
        <CodeText xml:lang="nb">Undervisning</CodeText>
        <CodeText xml:lang="en">Education</CodeText>
      </CodeTextGrp>
    </Code>
    <Code id="urn:ssb:code:stabas:4170511-4170551">
      <CodeValue>85</CodeValue>
      <CodeTextGrp>
        <CodeText xml:lang="nn">Helse- og sosialtenester</CodeText>
        <CodeText xml:lang="nb">Helse- og sosialtjenester</CodeText>
        <CodeText xml:lang="en">Health and social work</CodeText>
      </CodeTextGrp>
    </Code>
    <Code id="urn:ssb:code:stabas:4170511-4170553">
      <CodeValue>90-99</CodeValue>
      <CodeTextGrp>
        <CodeText xml:lang="nn">Kulturell og personleg tenesteyt.</CodeText>
        <CodeText xml:lang="nb">Kulturell og personlig tjenesteyt.</CodeText>
        <CodeText xml:lang="en">Cultural and personal services</CodeText>
      </CodeTextGrp>
    </Code>
  </Codes>
</Codelist>