<?xml version="1.0" encoding="utf-8"?>
<Codelist xmlns:xsi="http://www.w3.org/2001/XMLSchema-instance" xmlns:xsd="http://www.w3.org/2001/XMLSchema" id="urn:ssb:codelist:stabas:4170333" defaultValidFrom="2002-01-01" defaultValidTo="2010-12-31" lastChangedDate="2015-12-11" isCurrent="false" relationId="urn:ssb:classversion:stabas:4170329" xmlns="http://www.ssb.no/ns/meta/codelist">
  <CodelistMeta>
    <TitleGrp>
      <Title xml:lang="nn">Fløttum si 13-kategorigruppering (SN2002): Næringer</Title>
      <Title xml:lang="nb">Variant av SN2002 - Fløttums 13-kategorigruppering: Næring</Title>
      <Title xml:lang="en">Fløttum's 13-categories grouping (SIC2002): Division</Title>
    </TitleGrp>
    <DescriptionGrp>
      <Description xml:lang="nn">Som tillegg til arbeidet med Standard for næringsgruppering (SN) er det utarbeidd nokre  grupperingar av næringar som dels har spesiell analytisk interesse og dels er innretta meir mot spesielle norske tilhøve enn den reine strukturen i SN. Grupperingane har tekstar på bokmål, nynorsk og engelsk for å fremje meir einsarta namn på næringane, ikkje minst i publisering av offisiell norsk statistikk.  Erling Fløttum hadde ei sentral rolle i utforminga av grupperingane, derav namnet Fløttum sine grupperingar.
13-kategorigrupperinga er ei utviding av 10-kategorigrupperinga og vart vedteken på møtet i Standardutvalget 13. mai 2004.</Description>
      <Description xml:lang="nb">Som tillegg til arbeidet med Standard for næringsgruppering (SN), er det utarbeidet noen grupperinger av næringer som dels har spesiell analytisk interesse, og dels er innrettet mer mot spesielle norske forhold enn tilfellet er med den rene strukturen i SN. Grupperingene er gitt med betegnelser på bokmål, nynorsk og engelsk for å fremme mer ensartet navnsetting på næringene, ikke minst i publisering av den offisielle norske statistikken.  Erling Fløttum hadde en sentral rolle i utformingen av grupperingene, derav navnet Fløttums grupperinger.

13-kategorigrupperingen er en utvidelse av 10-kategorigrupperingen og ble vedtatt på møte i Standardutvalget 13. mai 2004.</Description>
      <Description xml:lang="en">Related to the Standard Industrial Classification (SIC), some additional groupings of industries have been drawn up, partly from special analytical interest and partly from emphasizing industries that are particularly important to Norway and which do not follow directly from the structure of SIC. The groupings are given in both Norwegian versions(the two official languages in Norway) and English terms for a more common use of industry designations, particularly when issuing official Norwegian statistics.  Erling Fløttum played a central role in defining the groupings.
The 13-categories  grouping is an extension of the 10-categories grouping and was approved at a meeting in the Standard Committee May 13th  2004.</Description>
    </DescriptionGrp>
    <ContactInformation>
      <Person xmlns="http://www.ssb.no/ns/meta/common">isk</Person>
      <Division xmlns="http://www.ssb.no/ns/meta/common">410</Division>
    </ContactInformation>
    <NoteGrp />
  </CodelistMeta>
  <Codes>
    <Code id="urn:ssb:code:stabas:4170333-4170335">
      <CodeValue>01-05</CodeValue>
      <CodeTextGrp>
        <CodeText xml:lang="nn">Jordbruk, skogbruk og fiske</CodeText>
        <CodeText xml:lang="nb">Jordbruk, skogbruk og fiske</CodeText>
        <CodeText xml:lang="en">Agriculture, forestry and fishing</CodeText>
      </CodeTextGrp>
    </Code>
    <Code id="urn:ssb:code:stabas:4170333-4170337">
      <CodeValue>10, 12-37</CodeValue>
      <CodeTextGrp>
        <CodeText xml:lang="nn">Industri og bergverksdrift</CodeText>
        <CodeText xml:lang="nb">Industri og bergverksdrift</CodeText>
        <CodeText xml:lang="en">Manufacturing, mining and quarrying</CodeText>
      </CodeTextGrp>
    </Code>
    <Code id="urn:ssb:code:stabas:4170333-4170339">
      <CodeValue>11</CodeValue>
      <CodeTextGrp>
        <CodeText xml:lang="nn">Utv. av råolje og naturgass, med ten.</CodeText>
        <CodeText xml:lang="nb">Utv. av råolje og naturgass, inkl. tj.</CodeText>
        <CodeText xml:lang="en">Oil and gas extraction, incl.serv.</CodeText>
      </CodeTextGrp>
    </Code>
    <Code id="urn:ssb:code:stabas:4170333-4170341">
      <CodeValue>40-41</CodeValue>
      <CodeTextGrp>
        <CodeText xml:lang="nn">Kraft- og vatnforsyning</CodeText>
        <CodeText xml:lang="nb">Kraft- og vannforsyning</CodeText>
        <CodeText xml:lang="en">Electricity, gas and water supply</CodeText>
      </CodeTextGrp>
    </Code>
    <Code id="urn:ssb:code:stabas:4170333-4170343">
      <CodeValue>45</CodeValue>
      <CodeTextGrp>
        <CodeText xml:lang="nn">Byggje- og anleggsverksemd</CodeText>
        <CodeText xml:lang="nb">Bygge- og anleggsvirksomhet</CodeText>
        <CodeText xml:lang="en">Construction</CodeText>
      </CodeTextGrp>
    </Code>
    <Code id="urn:ssb:code:stabas:4170333-4170345">
      <CodeValue>50-55</CodeValue>
      <CodeTextGrp>
        <CodeText xml:lang="nn">Varehandel, hotell- og restaurantv.</CodeText>
        <CodeText xml:lang="nb">Varehandel, hotell- og restaurantv.</CodeText>
        <CodeText xml:lang="en">Domestic trade, hotels, restaurants</CodeText>
      </CodeTextGrp>
    </Code>
    <Code id="urn:ssb:code:stabas:4170333-4170347">
      <CodeValue>60-64</CodeValue>
      <CodeTextGrp>
        <CodeText xml:lang="nn">Transport og kommunikasjon</CodeText>
        <CodeText xml:lang="nb">Transport og kommunikasjon</CodeText>
        <CodeText xml:lang="en">Transport and communication</CodeText>
      </CodeTextGrp>
    </Code>
    <Code id="urn:ssb:code:stabas:4170333-4170349">
      <CodeValue>65-67</CodeValue>
      <CodeTextGrp>
        <CodeText xml:lang="nn">Finansiell tenesteyting,forsikring</CodeText>
        <CodeText xml:lang="nb">Finansiell tjenesteyting,forsikring</CodeText>
        <CodeText xml:lang="en">Financial intermediation</CodeText>
      </CodeTextGrp>
    </Code>
    <Code id="urn:ssb:code:stabas:4170333-4170351">
      <CodeValue>70-74</CodeValue>
      <CodeTextGrp>
        <CodeText xml:lang="nn">Forr.tenesteyting, eigedomsdrift</CodeText>
        <CodeText xml:lang="nb">Forr.tjenesteyting, eiendomsdrift</CodeText>
        <CodeText xml:lang="en">Real estate, business activities</CodeText>
      </CodeTextGrp>
    </Code>
    <Code id="urn:ssb:code:stabas:4170333-4170353">
      <CodeValue>75</CodeValue>
      <CodeTextGrp>
        <CodeText xml:lang="nn">Off.adm. og forsvar, sosialforsikr.</CodeText>
        <CodeText xml:lang="nb">Off.adm. og forsvar, sosialforsikr.</CodeText>
        <CodeText xml:lang="en">Public administration and defence</CodeText>
      </CodeTextGrp>
    </Code>
    <Code id="urn:ssb:code:stabas:4170333-4170355">
      <CodeValue>80</CodeValue>
      <CodeTextGrp>
        <CodeText xml:lang="nn">Undervisning</CodeText>
        <CodeText xml:lang="nb">Undervisning</CodeText>
        <CodeText xml:lang="en">Education</CodeText>
      </CodeTextGrp>
    </Code>
    <Code id="urn:ssb:code:stabas:4170333-4170357">
      <CodeValue>85</CodeValue>
      <CodeTextGrp>
        <CodeText xml:lang="nn">Helse- og sosialtenester</CodeText>
        <CodeText xml:lang="nb">Helse- og sosialtjenester</CodeText>
        <CodeText xml:lang="en">Health and social work</CodeText>
      </CodeTextGrp>
    </Code>
    <Code id="urn:ssb:code:stabas:4170333-4170359">
      <CodeValue>90-99</CodeValue>
      <CodeTextGrp>
        <CodeText xml:lang="nn">Kulturell og personleg tenesteyt.</CodeText>
        <CodeText xml:lang="nb">Kulturell og personlig tjenesteyt.</CodeText>
        <CodeText xml:lang="en">Cultural and personal services</CodeText>
      </CodeTextGrp>
    </Code>
  </Codes>
</Codelist>