<?xml version="1.0" encoding="utf-8"?>
<Codelist xmlns:xsi="http://www.w3.org/2001/XMLSchema-instance" xmlns:xsd="http://www.w3.org/2001/XMLSchema" id="urn:ssb:codelist:stabas:417394" defaultValidFrom="1999-01-01" defaultValidTo="2005-12-31" lastChangedDate="2011-03-04" isCurrent="false" relationId="urn:ssb:classversion:stabas:417389" xmlns="http://www.ssb.no/ns/meta/codelist">
  <CodelistMeta>
    <TitleGrp>
      <Title xml:lang="nn">Familietype: Familietype</Title>
      <Title xml:lang="nb">Familietype: Familietype</Title>
      <Title xml:lang="en">Family type: Family type</Title>
    </TitleGrp>
    <DescriptionGrp>
      <Description xml:lang="nn">Standarden gjer greie for dei ulike familietypane som vert nytta i SSB sin familiestatistikk til og med 2005.
</Description>
      <Description xml:lang="nb">Standarden beskriver de ulike familietypene som ble brukt i SSBs familiestatistikk til og med 2005.
</Description>
      <Description xml:lang="en">The standard describes the different types of families which were in use  in family statistics in Statistics Norway until 2005.
</Description>
    </DescriptionGrp>
    <ContactInformation>
      <Person xmlns="http://www.ssb.no/ns/meta/common">hen</Person>
      <Division xmlns="http://www.ssb.no/ns/meta/common">810</Division>
    </ContactInformation>
    <NoteGrp>
      <Note xml:lang="nn">I 1999 endra familietype "einsleg" seg til familietype "einpersonfamilie".</Note>
      <Note xml:lang="nb">I 1999 endret familietype "enslig" seg til familietype "enpersonsfamilie".</Note>
      <Note xml:lang="en">In 1999 the family type "single"  was changed to "one-person-family".</Note>
    </NoteGrp>
  </CodelistMeta>
  <Codes>
    <Code id="urn:ssb:code:stabas:417394-540101">
      <CodeValue>0</CodeValue>
      <CodeTextGrp>
        <CodeText xml:lang="nn">Ikkje spesifisert</CodeText>
        <CodeText xml:lang="nb">Uoppgitt</CodeText>
        <CodeText xml:lang="en">Unknown</CodeText>
      </CodeTextGrp>
    </Code>
    <Code id="urn:ssb:code:stabas:417394-540103">
      <CodeValue>1</CodeValue>
      <CodeTextGrp>
        <CodeText xml:lang="nn">Einperson familie</CodeText>
        <CodeText xml:lang="nb">Enpersonfamilie</CodeText>
        <CodeText xml:lang="en">One-person-family</CodeText>
      </CodeTextGrp>
    </Code>
    <Code id="urn:ssb:code:stabas:417394-540105">
      <CodeValue>2</CodeValue>
      <CodeTextGrp>
        <CodeText xml:lang="nn">Ektepar utan barn</CodeText>
        <CodeText xml:lang="nb">Ektepar uten barn</CodeText>
        <CodeText xml:lang="en">Married couples without children</CodeText>
      </CodeTextGrp>
    </Code>
    <Code id="urn:ssb:code:stabas:417394-417398">
      <CodeValue>3</CodeValue>
      <CodeTextGrp>
        <CodeText xml:lang="nn">Ektepar med barn</CodeText>
        <CodeText xml:lang="nb">Ektepar med barn</CodeText>
        <CodeText xml:lang="en">Married couples with children</CodeText>
      </CodeTextGrp>
    </Code>
    <Code id="urn:ssb:code:stabas:417394-540107">
      <CodeValue>4</CodeValue>
      <CodeTextGrp>
        <CodeText xml:lang="nn">Mor med barn</CodeText>
        <CodeText xml:lang="nb">Mor med barn</CodeText>
        <CodeText xml:lang="en">Mother with child</CodeText>
      </CodeTextGrp>
    </Code>
    <Code id="urn:ssb:code:stabas:417394-540109">
      <CodeValue>5</CodeValue>
      <CodeTextGrp>
        <CodeText xml:lang="nn">Far med barn</CodeText>
        <CodeText xml:lang="nb">Far med barn</CodeText>
        <CodeText xml:lang="en">Father with child</CodeText>
      </CodeTextGrp>
    </Code>
    <Code id="urn:ssb:code:stabas:417394-417400">
      <CodeValue>6</CodeValue>
      <CodeTextGrp>
        <CodeText xml:lang="nn">Sambuarpar med felles barn</CodeText>
        <CodeText xml:lang="nb">Samboerpar med felles barn</CodeText>
        <CodeText xml:lang="en">Cohabiting couples with common children</CodeText>
      </CodeTextGrp>
    </Code>
    <Code id="urn:ssb:code:stabas:417394-417502">
      <CodeValue>7</CodeValue>
      <CodeTextGrp>
        <CodeText xml:lang="nn">Partnarskap utan/med barn</CodeText>
        <CodeText xml:lang="nb">Partnerskap uten/med barn</CodeText>
        <CodeText xml:lang="en">Registered partnerships without/with children</CodeText>
      </CodeTextGrp>
    </Code>
    <Code id="urn:ssb:code:stabas:417394-417504">
      <CodeValue>9</CodeValue>
      <CodeTextGrp>
        <CodeText xml:lang="nn">Andre</CodeText>
        <CodeText xml:lang="nb">Andre med flere</CodeText>
        <CodeText xml:lang="en">Other type of family</CodeText>
      </CodeTextGrp>
    </Code>
  </Codes>
</Codelist>