<?xml version="1.0" encoding="utf-8"?>
<Codelist xmlns:xsi="http://www.w3.org/2001/XMLSchema-instance" xmlns:xsd="http://www.w3.org/2001/XMLSchema" id="urn:ssb:codelist:stabas:4176106" defaultValidFrom="1983-01-01" lastChangedDate="2006-11-25" isCurrent="true" relationId="urn:ssb:classversion:stabas:4176102" xmlns="http://www.ssb.no/ns/meta/codelist">
  <CodelistMeta>
    <TitleGrp>
      <Title xml:lang="nn">Oppvarmingskjelde 1983: Nivå 1</Title>
      <Title xml:lang="nb">Oppvarmingskilde 1983: Nivå 1</Title>
      <Title xml:lang="en">Source of heating 1983: Level 1</Title>
    </TitleGrp>
    <DescriptionGrp>
      <Description xml:lang="nn">Standarden syner kva som er hovudoppvarminga i bygningar. Dette kan og vere ein kombinasjon av oppvarmingskjelder, slik som til dømes elektrisitet/ved.</Description>
      <Description xml:lang="nb">Standarden viser hva som er hovedoppvarmingen i bygninger. Dette kan også være en kombinasjon av oppvarmingskilder, slik som f.eks. elektrisitet/ved.</Description>
      <Description xml:lang="en">The standard shows what main source of heating that is used in buildings. This can also be a combination of sources, for instance electricity/wood.</Description>
    </DescriptionGrp>
    <ContactInformation>
      <Person xmlns="http://www.ssb.no/ns/meta/common">job</Person>
      <Division xmlns="http://www.ssb.no/ns/meta/common">460</Division>
    </ContactInformation>
    <NoteGrp />
  </CodelistMeta>
  <Codes>
    <Code id="urn:ssb:code:stabas:4176106-4176108">
      <CodeValue>0</CodeValue>
      <CodeTextGrp>
        <CodeText xml:lang="nn">Ved</CodeText>
        <CodeText xml:lang="nb">Ved</CodeText>
        <CodeText xml:lang="en">Wood</CodeText>
      </CodeTextGrp>
    </Code>
    <Code id="urn:ssb:code:stabas:4176106-4176110">
      <CodeValue>1</CodeValue>
      <CodeTextGrp>
        <CodeText xml:lang="nn">Oljefyringsanlegg</CodeText>
        <CodeText xml:lang="nb">Oljefyringsanlegg</CodeText>
        <CodeText xml:lang="en">Oil-burned central heating</CodeText>
      </CodeTextGrp>
    </Code>
    <Code id="urn:ssb:code:stabas:4176106-4176112">
      <CodeValue>2</CodeValue>
      <CodeTextGrp>
        <CodeText xml:lang="nn">Oljefyrt eldstad</CodeText>
        <CodeText xml:lang="nb">Oljefyrt ildsted</CodeText>
        <CodeText xml:lang="en">Oil-burned fireplace</CodeText>
      </CodeTextGrp>
    </Code>
    <Code id="urn:ssb:code:stabas:4176106-4176114">
      <CodeValue>3</CodeValue>
      <CodeTextGrp>
        <CodeText xml:lang="nn">Elektrisitet</CodeText>
        <CodeText xml:lang="nb">Elektrisitet</CodeText>
        <CodeText xml:lang="en">Electricity</CodeText>
      </CodeTextGrp>
    </Code>
    <Code id="urn:ssb:code:stabas:4176106-4176116">
      <CodeValue>4</CodeValue>
      <CodeTextGrp>
        <CodeText xml:lang="nn">Oljefyringsanlegg kombinert med elektrisitet</CodeText>
        <CodeText xml:lang="nb">Oljefyringsanlegg kombinert med elektrisitet</CodeText>
        <CodeText xml:lang="en">Oil-burned central heating combined with electricity</CodeText>
      </CodeTextGrp>
    </Code>
    <Code id="urn:ssb:code:stabas:4176106-4176118">
      <CodeValue>5</CodeValue>
      <CodeTextGrp>
        <CodeText xml:lang="nn">Oljefyringsanlegg kombinert med ved</CodeText>
        <CodeText xml:lang="nb">Oljefyringsanlegg kombinert med ved</CodeText>
        <CodeText xml:lang="en">Oil-burned central heating combined with wood</CodeText>
      </CodeTextGrp>
    </Code>
    <Code id="urn:ssb:code:stabas:4176106-4176120">
      <CodeValue>6</CodeValue>
      <CodeTextGrp>
        <CodeText xml:lang="nn">Oljefyrt eldstad kombinert med elektrisitet</CodeText>
        <CodeText xml:lang="nb">Oljefyrt ildsted kombinert med elektrisitet</CodeText>
        <CodeText xml:lang="en">Oil-burned fireplace combined with electricity</CodeText>
      </CodeTextGrp>
    </Code>
    <Code id="urn:ssb:code:stabas:4176106-4176122">
      <CodeValue>7</CodeValue>
      <CodeTextGrp>
        <CodeText xml:lang="nn">Oljefyrt eldstad kombinert med ved</CodeText>
        <CodeText xml:lang="nb">Oljefyrt ildsted kombinert med ved</CodeText>
        <CodeText xml:lang="en">Oil-burned fireplace combined with wood</CodeText>
      </CodeTextGrp>
    </Code>
    <Code id="urn:ssb:code:stabas:4176106-4176124">
      <CodeValue>8</CodeValue>
      <CodeTextGrp>
        <CodeText xml:lang="nn">Elektrisitet kombinert med ved</CodeText>
        <CodeText xml:lang="nb">Elektrisitet kombinert med ved</CodeText>
        <CodeText xml:lang="en">Electricity combined with wood</CodeText>
      </CodeTextGrp>
    </Code>
    <Code id="urn:ssb:code:stabas:4176106-4176126">
      <CodeValue>9</CodeValue>
      <CodeTextGrp>
        <CodeText xml:lang="nn">Anna og uoppgjeve</CodeText>
        <CodeText xml:lang="nb">Annet og uoppgitt</CodeText>
        <CodeText xml:lang="en">Other and unspecified</CodeText>
      </CodeTextGrp>
    </Code>
  </Codes>
</Codelist>