<?xml version="1.0" encoding="utf-8"?>
<Codelist xmlns:xsi="http://www.w3.org/2001/XMLSchema-instance" xmlns:xsd="http://www.w3.org/2001/XMLSchema" id="urn:ssb:codelist:stabas:417710" defaultValidFrom="1964-01-01" defaultValidTo="1992-12-31" lastChangedDate="2009-11-11" isCurrent="false" relationId="urn:ssb:classversion:stabas:417703" xmlns="http://www.ssb.no/ns/meta/codelist">
  <CodelistMeta>
    <TitleGrp>
      <Title xml:lang="nn">Sivilstand 1964: Sivilstand</Title>
      <Title xml:lang="nb">Sivilstand 1964: Sivilstand</Title>
      <Title xml:lang="en">Marital status 1964: Marital status grouping</Title>
    </TitleGrp>
    <DescriptionGrp>
      <Description xml:lang="nn">Sivilstand nytta i befolkningsstatistikken frå 1964 til  1993.</Description>
      <Description xml:lang="nb">Sivilstand brukt i befolkningsstatistikken fra 1964 til  1993.</Description>
      <Description xml:lang="en">Marital status used in population statistics from 1964 to 1993.</Description>
    </DescriptionGrp>
    <ContactInformation>
      <Person xmlns="http://www.ssb.no/ns/meta/common">hen</Person>
      <Division xmlns="http://www.ssb.no/ns/meta/common">810</Division>
    </ContactInformation>
    <NoteGrp>
      <Note xml:lang="nn">Ikkje relevant</Note>
      <Note xml:lang="nb">Ikke relevant</Note>
      <Note xml:lang="en">Not relevant</Note>
    </NoteGrp>
  </CodelistMeta>
  <Codes>
    <Code id="urn:ssb:code:stabas:417710-417712">
      <CodeValue>1</CodeValue>
      <CodeTextGrp>
        <CodeText xml:lang="nn">Ugift</CodeText>
        <CodeText xml:lang="nb">Ugift</CodeText>
        <CodeText xml:lang="en">Unmarried</CodeText>
      </CodeTextGrp>
    </Code>
    <Code id="urn:ssb:code:stabas:417710-417714">
      <CodeValue>2</CodeValue>
      <CodeTextGrp>
        <CodeText xml:lang="nn">Gift</CodeText>
        <CodeText xml:lang="nb">Gift</CodeText>
        <CodeText xml:lang="en">Married</CodeText>
      </CodeTextGrp>
    </Code>
    <Code id="urn:ssb:code:stabas:417710-417716">
      <CodeValue>3</CodeValue>
      <CodeTextGrp>
        <CodeText xml:lang="nn">Enkjer/enkjemenn</CodeText>
        <CodeText xml:lang="nb">Enke/enkemann</CodeText>
        <CodeText xml:lang="en">Widows/widowers</CodeText>
      </CodeTextGrp>
    </Code>
    <Code id="urn:ssb:code:stabas:417710-417718">
      <CodeValue>4</CodeValue>
      <CodeTextGrp>
        <CodeText xml:lang="nn">Skild</CodeText>
        <CodeText xml:lang="nb">Skilt</CodeText>
        <CodeText xml:lang="en">Divorced</CodeText>
      </CodeTextGrp>
    </Code>
    <Code id="urn:ssb:code:stabas:417710-417720">
      <CodeValue>5</CodeValue>
      <CodeTextGrp>
        <CodeText xml:lang="nn">Separert</CodeText>
        <CodeText xml:lang="nb">Separert</CodeText>
        <CodeText xml:lang="en">Separated</CodeText>
      </CodeTextGrp>
    </Code>
  </Codes>
</Codelist>