<?xml version="1.0" encoding="utf-8"?>
<Codelist xmlns:xsi="http://www.w3.org/2001/XMLSchema-instance" xmlns:xsd="http://www.w3.org/2001/XMLSchema" id="urn:ssb:codelist:stabas:4182104" defaultValidFrom="2005-07-01" defaultValidTo="2005-12-31" lastChangedDate="2011-01-25" isCurrent="false" relationId="urn:ssb:classversion:stabas:4182101" xmlns="http://www.ssb.no/ns/meta/codelist">
  <CodelistMeta>
    <TitleGrp>
      <Title xml:lang="nn">Norsk standard for utdanningsgruppering (NUS2000) 2005/2: Utdanningsnivå</Title>
      <Title xml:lang="nb">Norsk standard for utdanningsgruppering (NUS2000) 2005/2: Utdanningsnivå</Title>
    </TitleGrp>
    <DescriptionGrp>
      <Description xml:lang="nn">Norsk standard for utdanningsgruppering(NUS2000) blir brukt for å gruppere utdanningsaktivitetar og utdanningsbakgrunn til personar i SSBs utdanningsstatistikk og i andre statistikkar der utdanning er med som ein variabel. I tillegg blir standarden brukt i ekstern forsking og av ei rekkje bedrifter som nyttar han i sine personal-administrative system. For ei nærare beskriving av dei ulike nivåa i NUS2000, sjå pkt. 3.1.1. i NOS C 676 (under publikasjonar). </Description>
      <Description xml:lang="nb">Norsk standard for utdanningsgruppering (NUS2000) brukes for å gruppere personers utdanningsaktiviteter og personers utdanningsbakgrunn i SSBs utdanningsstatistikk og i andre statistikker der utdanning inngår som en variabel. I tillegg brukes standarden i ekstern forskning og av en rekke bedrifter i deres personal-administrative systemer. For nærmere beskrivelse av de ulike nivåene i NUS2000, se pkt. 3.1.1. i NOS C 617  (under publikasjoner).</Description>
    </DescriptionGrp>
    <ContactInformation>
      <Person xmlns="http://www.ssb.no/ns/meta/common">gki</Person>
      <Division xmlns="http://www.ssb.no/ns/meta/common">360</Division>
    </ContactInformation>
    <NoteGrp>
      <Note xml:lang="nn">Hovudendringane i høve til dei tidlegare standardane (NUS1970, NUS1973, NUS1989) er ei ny nivåinndeling, ei faginndeling som er lik på alle nivå, og ei presisering av kva fag kvar enkeltutdanning omfattar. Ei anna stor endring er innføring av grupperinga kodetype. For utdanningsaktivitetar fullførde innanfor det ordinære utdanningssystemet i Noreg, skal standarden vere fullstendig. Alle utdanningsaktivitar har eigne utdanningskodar. Konkret inneber dette mellom anna at gradar og fag under lov om vidaregåande opplæring har eigne kodar. Andre utdanningsaktivitetar blir òg klassifiserte gjennom standarden, men da med bruk av samlekodar som er spesifiserte anten på fagfelt, faggruppe eller utdanningsgruppe.</Note>
      <Note xml:lang="nb">Hovedendringene i forhold til de tidligere standardene (NUS1970, NUS1973, NUS1989) er en ny nivåinndeling, en faginndeling som er lik på alle nivåer, og en presisering av hvilke fag hver enkeltutdanning omfatter.En annen stor endring er innføring av grupperingen kodetype. For utdanningsaktiviteter fullført innenfor det ordinære utdanningssystemet i Norge skal standarden være fullstendig. Alle utdanningsaktiviteter har egne utdanningskoder. Konkret innebærer dette blant annet at grader og fag under lov om videregående opplæring har egne koder. Andre utdanningsaktiviteter klassifiseres også gjennom standarden, men da ved bruk av samlekoder spesifisert enten på fagfelt, faggruppe eller utdanningsgruppe</Note>
    </NoteGrp>
  </CodelistMeta>
  <Codes>
    <Code id="urn:ssb:code:stabas:4182104-4182114">
      <CodeValue>0</CodeValue>
      <CodeTextGrp>
        <CodeText xml:lang="nn">Inga utdanning og førskoleutdanning</CodeText>
        <CodeText xml:lang="nb">Ingen utdanning og førskoleutdanning</CodeText>
      </CodeTextGrp>
    </Code>
    <Code id="urn:ssb:code:stabas:4182104-4182126">
      <CodeValue>1</CodeValue>
      <CodeTextGrp>
        <CodeText xml:lang="nn">Barneskoleutdanning</CodeText>
        <CodeText xml:lang="nb">Barneskoleutdanning</CodeText>
      </CodeTextGrp>
    </Code>
    <Code id="urn:ssb:code:stabas:4182104-4182144">
      <CodeValue>2</CodeValue>
      <CodeTextGrp>
        <CodeText xml:lang="nn">Ungdomsskoleutdanning</CodeText>
        <CodeText xml:lang="nb">Ungdomsskoleutdanning</CodeText>
      </CodeTextGrp>
    </Code>
    <Code id="urn:ssb:code:stabas:4182104-4182338">
      <CodeValue>3</CodeValue>
      <CodeTextGrp>
        <CodeText xml:lang="nn">Vidaregåande, grunnutdanning</CodeText>
        <CodeText xml:lang="nb">Videregående, grunnutdanning</CodeText>
      </CodeTextGrp>
    </Code>
    <Code id="urn:ssb:code:stabas:4182104-4184944">
      <CodeValue>4</CodeValue>
      <CodeTextGrp>
        <CodeText xml:lang="nn">Vidaregåande, avsluttande utdanning</CodeText>
        <CodeText xml:lang="nb">Videregående, avsluttende utdanning</CodeText>
      </CodeTextGrp>
    </Code>
    <Code id="urn:ssb:code:stabas:4182104-4187922">
      <CodeValue>5</CodeValue>
      <CodeTextGrp>
        <CodeText xml:lang="nn">Påbygging til vidaregåande utdanning</CodeText>
        <CodeText xml:lang="nb">Påbygging til videregående utdanning</CodeText>
      </CodeTextGrp>
    </Code>
    <Code id="urn:ssb:code:stabas:4182104-4189922">
      <CodeValue>6</CodeValue>
      <CodeTextGrp>
        <CodeText xml:lang="nn">Universitets- og høgskoleutdanning, lågare nivå</CodeText>
        <CodeText xml:lang="nb">Universitets- og høgskoleutdanning, lavere nivå</CodeText>
      </CodeTextGrp>
    </Code>
    <Code id="urn:ssb:code:stabas:4182104-4195132">
      <CodeValue>7</CodeValue>
      <CodeTextGrp>
        <CodeText xml:lang="nn">Universitets- og høgskoleutdanning, høgare nivå</CodeText>
        <CodeText xml:lang="nb">Universitets- og høgskoleutdanning, høyere nivå</CodeText>
      </CodeTextGrp>
    </Code>
    <Code id="urn:ssb:code:stabas:4182104-4199990">
      <CodeValue>8</CodeValue>
      <CodeTextGrp>
        <CodeText xml:lang="nn">Forskarutdanning</CodeText>
        <CodeText xml:lang="nb">Forskerutdanning</CodeText>
      </CodeTextGrp>
    </Code>
    <Code id="urn:ssb:code:stabas:4182104-4202580">
      <CodeValue>9</CodeValue>
      <CodeTextGrp>
        <CodeText xml:lang="nn">Uoppgitt</CodeText>
        <CodeText xml:lang="nb">Uoppgitt</CodeText>
      </CodeTextGrp>
    </Code>
  </Codes>
</Codelist>