<?xml version="1.0" encoding="utf-8"?>
<Codelist xmlns:xsi="http://www.w3.org/2001/XMLSchema-instance" xmlns:xsd="http://www.w3.org/2001/XMLSchema" id="urn:ssb:codelist:stabas:4218332" defaultValidFrom="1971-01-01" lastChangedDate="2011-01-25" parentCodelistId="urn:ssb:codelist:stabas:4218330" isCurrent="true" relationId="urn:ssb:classversion:stabas:4218326" xmlns="http://www.ssb.no/ns/meta/codelist">
  <CodelistMeta>
    <TitleGrp>
      <Title xml:lang="nn">Treslag- og sortimentsinndeling ved sal av tømmer 1971: Nivå 2</Title>
      <Title xml:lang="nb">Treslag- og sortimentsinndeling ved tømmersalg 1971: Nivå 2</Title>
      <Title xml:lang="en">Tree species and assortment used by commercial roundwood removals 1971: Level 2</Title>
    </TitleGrp>
    <DescriptionGrp>
      <Description xml:lang="nn">Klassifiseringa omfattar tømmer seld til industrivirke og til ved til brensel. Inndelinga er basert på målereglementet for skogsvirke. Data for kvar enkelt innmåling av tømmer på skogeigarnivå blir overført til Landbruksdepartementets virkesdatabase for skogfond og måleopplysningar. Databasen blir drive av SKOG-DATA AS. </Description>
      <Description xml:lang="nb">Klassifiseringen omfatter tømmer solgt til industrivirke og til ved til brensel. Inndelingen er basert på målereglementet for skogsvirke. Data for hver enkelt innmåling av tømmer på skogeiernivå blir overført til Landbruksdepartementets virkesdatabase for skogfond og måleopplysninger. Databasen drives av SKOG-DATA AS. </Description>
      <Description xml:lang="en">The classification comprises commercial roundwood removals and includes wood fuel. Data from scaling of timber sold are transferred to the Register of Timber Trade and Diverted Forest Trust Fund owned by the Ministry of Agriculture and Food. The firm SKOG-DATA AS runs the register. The figures of wood fuel are estimates given by the forest administration at municipality level.</Description>
    </DescriptionGrp>
    <ContactInformation>
      <Person xmlns="http://www.ssb.no/ns/meta/common">tra</Person>
      <Division xmlns="http://www.ssb.no/ns/meta/common">430</Division>
    </ContactInformation>
    <NoteGrp>
      <Note xml:lang="nn">Ikkje relevant</Note>
      <Note xml:lang="nb">Ikke relevant</Note>
      <Note xml:lang="en">Not relevant</Note>
    </NoteGrp>
  </CodelistMeta>
  <Codes>
    <Code id="urn:ssb:code:stabas:4218332-4218336" parentCodeId="urn:ssb:code:stabas:4218330-4218334">
      <CodeValue>1.1</CodeValue>
      <CodeTextGrp>
        <CodeText xml:lang="nn">Spesialtømmer</CodeText>
        <CodeText xml:lang="nb">Spesialtømmer</CodeText>
        <CodeText xml:lang="en">Special timber</CodeText>
      </CodeTextGrp>
    </Code>
    <Code id="urn:ssb:code:stabas:4218332-4218338" parentCodeId="urn:ssb:code:stabas:4218330-4218334">
      <CodeValue>1.2</CodeValue>
      <CodeTextGrp>
        <CodeText xml:lang="nn">Prima skurtømmer</CodeText>
        <CodeText xml:lang="nb">Prima skurtømmer</CodeText>
        <CodeText xml:lang="en">First class saw logs</CodeText>
      </CodeTextGrp>
    </Code>
    <Code id="urn:ssb:code:stabas:4218332-4218340" parentCodeId="urn:ssb:code:stabas:4218330-4218334">
      <CodeValue>1.3</CodeValue>
      <CodeTextGrp>
        <CodeText xml:lang="nn">Sekunda skurtømmer</CodeText>
        <CodeText xml:lang="nb">Sekunda skurtømmer</CodeText>
        <CodeText xml:lang="en">Second class saw logs</CodeText>
      </CodeTextGrp>
    </Code>
    <Code id="urn:ssb:code:stabas:4218332-4218342" parentCodeId="urn:ssb:code:stabas:4218330-4218334">
      <CodeValue>1.4</CodeValue>
      <CodeTextGrp>
        <CodeText xml:lang="nn">Anna skurtømmer</CodeText>
        <CodeText xml:lang="nb">Annet skurtømmer</CodeText>
        <CodeText xml:lang="en">Other saw logs</CodeText>
      </CodeTextGrp>
    </Code>
    <Code id="urn:ssb:code:stabas:4218332-4218344" parentCodeId="urn:ssb:code:stabas:4218330-4218334">
      <CodeValue>1.5</CodeValue>
      <CodeTextGrp>
        <CodeText xml:lang="nn">Sams skurtømmer og massevirke</CodeText>
        <CodeText xml:lang="nb">Sams skurtømmer og massevirke</CodeText>
        <CodeText xml:lang="en">Unsorted saw logs and pulpwood</CodeText>
      </CodeTextGrp>
    </Code>
    <Code id="urn:ssb:code:stabas:4218332-4218346" parentCodeId="urn:ssb:code:stabas:4218330-4218334">
      <CodeValue>1.6</CodeValue>
      <CodeTextGrp>
        <CodeText xml:lang="nn">Massevirke</CodeText>
        <CodeText xml:lang="nb">Massevirke</CodeText>
        <CodeText xml:lang="en">Pulpwood</CodeText>
      </CodeTextGrp>
    </Code>
    <Code id="urn:ssb:code:stabas:4218332-4218348" parentCodeId="urn:ssb:code:stabas:4218330-4218334">
      <CodeValue>1.7</CodeValue>
      <CodeTextGrp>
        <CodeText xml:lang="nn">Anna rundvirke</CodeText>
        <CodeText xml:lang="nb">Annet rundvirke</CodeText>
        <CodeText xml:lang="en">Other roundwood</CodeText>
      </CodeTextGrp>
    </Code>
    <Code id="urn:ssb:code:stabas:4218332-4218352" parentCodeId="urn:ssb:code:stabas:4218330-4218350">
      <CodeValue>2.1</CodeValue>
      <CodeTextGrp>
        <CodeText xml:lang="nn">Spesialtømmer</CodeText>
        <CodeText xml:lang="nb">Spesialtømmer</CodeText>
        <CodeText xml:lang="en">Special timber</CodeText>
      </CodeTextGrp>
    </Code>
    <Code id="urn:ssb:code:stabas:4218332-4218354" parentCodeId="urn:ssb:code:stabas:4218330-4218350">
      <CodeValue>2.2</CodeValue>
      <CodeTextGrp>
        <CodeText xml:lang="nn">Prima skurtømmer</CodeText>
        <CodeText xml:lang="nb">Prima skurtømmer</CodeText>
        <CodeText xml:lang="en">First class saw logs</CodeText>
      </CodeTextGrp>
    </Code>
    <Code id="urn:ssb:code:stabas:4218332-4218356" parentCodeId="urn:ssb:code:stabas:4218330-4218350">
      <CodeValue>2.3</CodeValue>
      <CodeTextGrp>
        <CodeText xml:lang="nn">Sekunda skurtømmer</CodeText>
        <CodeText xml:lang="nb">Sekunda skurtømmer</CodeText>
        <CodeText xml:lang="en">Second class saw logs</CodeText>
      </CodeTextGrp>
    </Code>
    <Code id="urn:ssb:code:stabas:4218332-4218358" parentCodeId="urn:ssb:code:stabas:4218330-4218350">
      <CodeValue>2.4</CodeValue>
      <CodeTextGrp>
        <CodeText xml:lang="nn">Anna skurtømmer</CodeText>
        <CodeText xml:lang="nb">Annet skurtømmer</CodeText>
        <CodeText xml:lang="en">Other saw logs</CodeText>
      </CodeTextGrp>
    </Code>
    <Code id="urn:ssb:code:stabas:4218332-4218360" parentCodeId="urn:ssb:code:stabas:4218330-4218350">
      <CodeValue>2.5</CodeValue>
      <CodeTextGrp>
        <CodeText xml:lang="nn">Sams skurtømmer og massevirke</CodeText>
        <CodeText xml:lang="nb">Sams skurtømmer og massevirke</CodeText>
        <CodeText xml:lang="en">Unsorted saw logs and pulpwood</CodeText>
      </CodeTextGrp>
    </Code>
    <Code id="urn:ssb:code:stabas:4218332-4218362" parentCodeId="urn:ssb:code:stabas:4218330-4218350">
      <CodeValue>2.6</CodeValue>
      <CodeTextGrp>
        <CodeText xml:lang="nn">Massevirke</CodeText>
        <CodeText xml:lang="nb">Massevirke</CodeText>
        <CodeText xml:lang="en">Pulpwood</CodeText>
      </CodeTextGrp>
    </Code>
    <Code id="urn:ssb:code:stabas:4218332-4218364" parentCodeId="urn:ssb:code:stabas:4218330-4218350">
      <CodeValue>2.7</CodeValue>
      <CodeTextGrp>
        <CodeText xml:lang="nn">Anna rundvirke</CodeText>
        <CodeText xml:lang="nb">Annet rundvirke</CodeText>
        <CodeText xml:lang="en">Other roundwood</CodeText>
      </CodeTextGrp>
    </Code>
    <Code id="urn:ssb:code:stabas:4218332-4218368" parentCodeId="urn:ssb:code:stabas:4218330-4218366">
      <CodeValue>3.1</CodeValue>
      <CodeTextGrp>
        <CodeText xml:lang="nn">Spesial- og skurtømmer</CodeText>
        <CodeText xml:lang="nb">Spesial- og skurtømmer</CodeText>
        <CodeText xml:lang="en">Special timber and saw logs</CodeText>
      </CodeTextGrp>
    </Code>
    <Code id="urn:ssb:code:stabas:4218332-4218370" parentCodeId="urn:ssb:code:stabas:4218330-4218366">
      <CodeValue>3.2</CodeValue>
      <CodeTextGrp>
        <CodeText xml:lang="nn">Massevirke</CodeText>
        <CodeText xml:lang="nb">Massevirke</CodeText>
        <CodeText xml:lang="en">Pulpwood</CodeText>
      </CodeTextGrp>
    </Code>
    <Code id="urn:ssb:code:stabas:4218332-4218374" parentCodeId="urn:ssb:code:stabas:4218330-4218372">
      <CodeValue>4.1</CodeValue>
      <CodeTextGrp>
        <CodeText xml:lang="nn">Barved</CodeText>
        <CodeText xml:lang="nb">Barved</CodeText>
        <CodeText xml:lang="en">Coniferous</CodeText>
      </CodeTextGrp>
    </Code>
    <Code id="urn:ssb:code:stabas:4218332-4218376" parentCodeId="urn:ssb:code:stabas:4218330-4218372">
      <CodeValue>4.2</CodeValue>
      <CodeTextGrp>
        <CodeText xml:lang="nn">Lauvved</CodeText>
        <CodeText xml:lang="nb">Lauvved</CodeText>
        <CodeText xml:lang="en">Non-coniferous</CodeText>
      </CodeTextGrp>
    </Code>
  </Codes>
</Codelist>