<?xml version="1.0" encoding="utf-8"?>
<Codelist xmlns:xsi="http://www.w3.org/2001/XMLSchema-instance" xmlns:xsd="http://www.w3.org/2001/XMLSchema" id="urn:ssb:codelist:stabas:4218301" defaultValidFrom="1971-01-01" lastChangedDate="2011-01-21" isCurrent="true" relationId="urn:ssb:classversion:stabas:4218197" xmlns="http://www.ssb.no/ns/meta/codelist">
  <CodelistMeta>
    <TitleGrp>
      <Title xml:lang="nn">Klassifisering av kjøparar og seljarar av tømmer til industriføremål 1971: Nivå 1</Title>
      <Title xml:lang="nb">Klassifisering av kjøpere og selgere av tømmer til industriformål 1971: Nivå 1</Title>
      <Title xml:lang="en">Classification of buyers and sellers of industrial roundwood 1971: Level 1</Title>
    </TitleGrp>
    <DescriptionGrp>
      <Description xml:lang="nn">Klassifiseringa omfattar kjøparar og seljarar av virke for industriføremål. Ved til brensel inngår ikkje. Klassifiseringa er laga for statistikkføremål.</Description>
      <Description xml:lang="nb">Klassifiseringen omfatter kjøpere og selgere av virke for industriformål. Ved til brensel inngår ikke. Klassifiseringen er laget for statistikkformål.</Description>
      <Description xml:lang="en">The classification comprises buyers and sellers of industrial roundwood. Wood fuel is not included. The classification is established for statistical purposes.</Description>
    </DescriptionGrp>
    <ContactInformation>
      <Person xmlns="http://www.ssb.no/ns/meta/common">tra</Person>
      <Division xmlns="http://www.ssb.no/ns/meta/common">430</Division>
    </ContactInformation>
    <NoteGrp>
      <Note xml:lang="nn">Ikkje relevant</Note>
      <Note xml:lang="nb">Ikke relevant</Note>
      <Note xml:lang="en">Not relevant</Note>
    </NoteGrp>
  </CodelistMeta>
  <Codes>
    <Code id="urn:ssb:code:stabas:4218301-4218305">
      <CodeValue>1</CodeValue>
      <CodeTextGrp>
        <CodeText xml:lang="nn">Seljarar</CodeText>
        <CodeText xml:lang="nb">Selgere</CodeText>
        <CodeText xml:lang="en">Sellers</CodeText>
      </CodeTextGrp>
    </Code>
    <Code id="urn:ssb:code:stabas:4218301-4218313">
      <CodeValue>2</CodeValue>
      <CodeTextGrp>
        <CodeText xml:lang="nn">Kjøparar</CodeText>
        <CodeText xml:lang="nb">Kjøpere</CodeText>
        <CodeText xml:lang="en">Buyers</CodeText>
      </CodeTextGrp>
    </Code>
  </Codes>
</Codelist>