<?xml version="1.0" encoding="utf-8"?>
<Codelist xmlns:xsi="http://www.w3.org/2001/XMLSchema-instance" xmlns:xsd="http://www.w3.org/2001/XMLSchema" id="urn:ssb:codelist:stabas:4220731" defaultValidFrom="1999-01-01" lastChangedDate="2011-01-25" isCurrent="false" relationId="urn:ssb:classversion:stabas:4220727" xmlns="http://www.ssb.no/ns/meta/codelist">
  <CodelistMeta>
    <TitleGrp>
      <Title xml:lang="nn">Variant III - 1999: Variant 3</Title>
      <Title xml:lang="nb">Variant III - 1999: Variant 3</Title>
      <Title xml:lang="en">Variant III - 1999: Variant </Title>
    </TitleGrp>
    <DescriptionGrp>
      <Description xml:lang="nn">Versjonen blir nytta ved publisering av statistikk.</Description>
      <Description xml:lang="nb">Versjonen brukes ved publisering av statistikk.</Description>
      <Description xml:lang="en">This version is applied for presenting statistics.</Description>
    </DescriptionGrp>
    <ContactInformation>
      <Person xmlns="http://www.ssb.no/ns/meta/common">oro</Person>
      <Division xmlns="http://www.ssb.no/ns/meta/common">430</Division>
    </ContactInformation>
    <NoteGrp>
      <Note xml:lang="nn">I samband med strukturundersøkingane kvart 2. eller 3. år blir det gjort mindre endringar og oppdateringar.</Note>
      <Note xml:lang="nb">I forbindelse med strukturundersøkelsene hvert 2. eller 3. år blir det gjort mindre endringer og oppdateringer.</Note>
      <Note xml:lang="en">Minor changes and updates take place in connection with the structure surveys every second or third year.</Note>
    </NoteGrp>
  </CodelistMeta>
  <Codes>
    <Code id="urn:ssb:code:stabas:4220731-4220733">
      <CodeValue>1 - 3, 6</CodeValue>
      <CodeTextGrp>
        <CodeText xml:lang="nn">Planteproduksjon</CodeText>
        <CodeText xml:lang="nb">Planteproduksjon</CodeText>
        <CodeText xml:lang="en">Crop production</CodeText>
      </CodeTextGrp>
    </Code>
    <Code id="urn:ssb:code:stabas:4220731-4220735">
      <CodeValue>4 - 5, 7</CodeValue>
      <CodeTextGrp>
        <CodeText xml:lang="nn">Husdyrproduksjon</CodeText>
        <CodeText xml:lang="nb">Husdyrproduksjon</CodeText>
        <CodeText xml:lang="en">Livestock production</CodeText>
      </CodeTextGrp>
    </Code>
    <Code id="urn:ssb:code:stabas:4220731-4220737">
      <CodeValue>8</CodeValue>
      <CodeTextGrp>
        <CodeText xml:lang="nn">Plante- og husdyrproduksjon i kombinasjon</CodeText>
        <CodeText xml:lang="nb">Plante- og husdyrproduksjon i kombinasjon</CodeText>
        <CodeText xml:lang="en">Mixed crops - livestock</CodeText>
      </CodeTextGrp>
    </Code>
  </Codes>
</Codelist>