<?xml version="1.0" encoding="utf-8"?>
<Codelist xmlns:xsi="http://www.w3.org/2001/XMLSchema-instance" xmlns:xsd="http://www.w3.org/2001/XMLSchema" id="urn:ssb:codelist:stabas:4220161" defaultValidFrom="1999-01-01" lastChangedDate="2006-11-29" parentCodelistId="urn:ssb:codelist:stabas:4220159" isCurrent="true" relationId="urn:ssb:classversion:stabas:4220151" xmlns="http://www.ssb.no/ns/meta/codelist">
  <CodelistMeta>
    <TitleGrp>
      <Title xml:lang="nn">Klassifisering av jordbruksbedrifter etter driftsform 1999: Nivå 4</Title>
      <Title xml:lang="nb">Klassifisering av jordbruksbedrifter etter driftsform 1999: Nivå 4</Title>
      <Title xml:lang="en">Classification of agricultural holdings by type of farming 1999: Level 4</Title>
    </TitleGrp>
    <DescriptionGrp>
      <Description xml:lang="nn">Klassifiseringa byggjer på standard dekningsbidrag (SDB) som felles storleiksmål for dei ulike produksjonane i jordbruket. SDB for ein produksjon er differansen mellom standardverdien av produksjonen og standardverdien av visse spesifiserte kostnadar. SDB blir fastsett som gjennomsnittstal på regionnivå. Driftsforma til ei jordbruksbedrift blir fastsett ut frå delen dei ulike produksjonane i bedrifta utgjer av den totale SDB til bedrifta.</Description>
      <Description xml:lang="nb">Klassifiseringen bygger på standard dekningsbidrag (SDB) som felles størrelsesmål for de ulike produksjonene i jordbruket. SDB for en produksjon er differansen mellom standardverdien av produksjonen og standardverdien av visse spesifiserte kostnader. SDB fastsettes som gjennomsnittstall på regionnivå. Driftsformen til en jordbruksbedrift fastsettes ut fra andelen de ulike produksjonene i bedriften utgjør av bedriftens totale SDB. </Description>
      <Description xml:lang="en">The classification is based on standard gross margin (SGM) as common measurement of the various outputs (crop and livestock products) from an agricultural holding. The SGM for a crop or livestock product (enterprise) is the balance between the standard value of output and the standard value of certain direct costs easily allocated to this output. SGM is calculated as an average figure at regional level. The type of farming of a holding is determined by the relative contribution of the different enterprises to its total SGM.</Description>
    </DescriptionGrp>
    <ContactInformation>
      <Person xmlns="http://www.ssb.no/ns/meta/common">oro</Person>
      <Division xmlns="http://www.ssb.no/ns/meta/common">430</Division>
    </ContactInformation>
    <NoteGrp>
      <Note xml:lang="nn">I samband med strukturundersøkingane kvart 2. eller 3. år blir det gjort mindre endringar og oppdateringar.</Note>
      <Note xml:lang="nb">I forbindelse med strukturundersøkelsene hvert 2. eller 3. år blir det gjort mindre endringer og oppdateringer.</Note>
      <Note xml:lang="en">Minor changes and updates take place in connection with the structure surveys every second or third year.</Note>
    </NoteGrp>
  </CodelistMeta>
  <Codes>
    <Code id="urn:ssb:code:stabas:4220161-4220183" parentCodeId="urn:ssb:code:stabas:4220159-4220181">
      <CodeValue>1441</CodeValue>
      <CodeTextGrp>
        <CodeText xml:lang="nn">Tobakk</CodeText>
        <CodeText xml:lang="nb">Tobakk</CodeText>
        <CodeText xml:lang="en">Specialist tobacco</CodeText>
      </CodeTextGrp>
    </Code>
    <Code id="urn:ssb:code:stabas:4220161-4220185" parentCodeId="urn:ssb:code:stabas:4220159-4220181">
      <CodeValue>1442</CodeValue>
      <CodeTextGrp>
        <CodeText xml:lang="nn">Bomull</CodeText>
        <CodeText xml:lang="nb">Bomull</CodeText>
        <CodeText xml:lang="en">Specialist cotton</CodeText>
      </CodeTextGrp>
    </Code>
    <Code id="urn:ssb:code:stabas:4220161-4220187" parentCodeId="urn:ssb:code:stabas:4220159-4220181">
      <CodeValue>1443</CodeValue>
      <CodeTextGrp>
        <CodeText xml:lang="nn">Ymse jordbruksvekstar i kombinasjon</CodeText>
        <CodeText xml:lang="nb">Forskjellige jordbruksvekster i kombinasjon</CodeText>
        <CodeText xml:lang="en">Various field crops combined</CodeText>
      </CodeTextGrp>
    </Code>
    <Code id="urn:ssb:code:stabas:4220161-4220195" parentCodeId="urn:ssb:code:stabas:4220159-4220193">
      <CodeValue>2011</CodeValue>
      <CodeTextGrp>
        <CodeText xml:lang="nn">Grønsaker og jordbær på friland</CodeText>
        <CodeText xml:lang="nb">Grønnsaker og jordbær på friland</CodeText>
        <CodeText xml:lang="en">Specialist market garden vegetables - outdoor</CodeText>
      </CodeTextGrp>
    </Code>
    <Code id="urn:ssb:code:stabas:4220161-4220197" parentCodeId="urn:ssb:code:stabas:4220159-4220193">
      <CodeValue>2012</CodeValue>
      <CodeTextGrp>
        <CodeText xml:lang="nn">Grønsaker og jordbær i veksthus</CodeText>
        <CodeText xml:lang="nb">Grønnsaker og jordbær i veksthus</CodeText>
        <CodeText xml:lang="en">Specialist market garden vegetables - under glass</CodeText>
      </CodeTextGrp>
    </Code>
    <Code id="urn:ssb:code:stabas:4220161-4220199" parentCodeId="urn:ssb:code:stabas:4220159-4220193">
      <CodeValue>2013</CodeValue>
      <CodeTextGrp>
        <CodeText xml:lang="nn">Grønsaker og jordbær på friland og i veksthus i kombinasjon</CodeText>
        <CodeText xml:lang="nb">Grønnsaker og jordbær på friland og i veksthus i kombinasjon</CodeText>
        <CodeText xml:lang="en">Specialist market garden vegetables, outdoor and under glass combined</CodeText>
      </CodeTextGrp>
    </Code>
    <Code id="urn:ssb:code:stabas:4220161-4220303" parentCodeId="urn:ssb:code:stabas:4220159-4220301">
      <CodeValue>2021</CodeValue>
      <CodeTextGrp>
        <CodeText xml:lang="nn">Blomster og prydvekstar på friland</CodeText>
        <CodeText xml:lang="nb">Blomster og prydvekster på friland</CodeText>
        <CodeText xml:lang="en">Specialist flowers and ornamentals - outdoor</CodeText>
      </CodeTextGrp>
    </Code>
    <Code id="urn:ssb:code:stabas:4220161-4220305" parentCodeId="urn:ssb:code:stabas:4220159-4220301">
      <CodeValue>2022</CodeValue>
      <CodeTextGrp>
        <CodeText xml:lang="nn">Blomster og prydvekstar i veksthus</CodeText>
        <CodeText xml:lang="nb">Blomster og prydvekster i veksthus</CodeText>
        <CodeText xml:lang="en">Specialist flowers and ornamentals - under glass</CodeText>
      </CodeTextGrp>
    </Code>
    <Code id="urn:ssb:code:stabas:4220161-4220307" parentCodeId="urn:ssb:code:stabas:4220159-4220301">
      <CodeValue>2023</CodeValue>
      <CodeTextGrp>
        <CodeText xml:lang="nn">Blomster og prydvekstar på friland og i veksthus i kombinasjon</CodeText>
        <CodeText xml:lang="nb">Blomster og prydvekster på friland og i veksthus i kombinasjon</CodeText>
        <CodeText xml:lang="en">Specialist flowers and ornamentals, outdoor and under glass combined</CodeText>
      </CodeTextGrp>
    </Code>
    <Code id="urn:ssb:code:stabas:4220161-4220311" parentCodeId="urn:ssb:code:stabas:4220159-4220309">
      <CodeValue>2031</CodeValue>
      <CodeTextGrp>
        <CodeText xml:lang="nn">Gartnerivekstar generelt på friland</CodeText>
        <CodeText xml:lang="nb">Gartnerivekster generelt på friland</CodeText>
        <CodeText xml:lang="en">General market garden cropping - outdoor</CodeText>
      </CodeTextGrp>
    </Code>
    <Code id="urn:ssb:code:stabas:4220161-4220313" parentCodeId="urn:ssb:code:stabas:4220159-4220309">
      <CodeValue>2032</CodeValue>
      <CodeTextGrp>
        <CodeText xml:lang="nn">Gartnerivekstar generelt i veksthus</CodeText>
        <CodeText xml:lang="nb">Gartnerivekster generelt i veksthus</CodeText>
        <CodeText xml:lang="en">General market garden cropping - under glass</CodeText>
      </CodeTextGrp>
    </Code>
    <Code id="urn:ssb:code:stabas:4220161-4220315" parentCodeId="urn:ssb:code:stabas:4220159-4220309">
      <CodeValue>2033</CodeValue>
      <CodeTextGrp>
        <CodeText xml:lang="nn">Soppdyrking</CodeText>
        <CodeText xml:lang="nb">Soppdyrking</CodeText>
        <CodeText xml:lang="en">Specialist mushrooms</CodeText>
      </CodeTextGrp>
    </Code>
    <Code id="urn:ssb:code:stabas:4220161-4220317" parentCodeId="urn:ssb:code:stabas:4220159-4220309">
      <CodeValue>2034</CodeValue>
      <CodeTextGrp>
        <CodeText xml:lang="nn">Ymse gartnerivekstar (på friland eller i veksthus)</CodeText>
        <CodeText xml:lang="nb">Forskjellige gartnerivekster (på friland eller i veksthus)</CodeText>
        <CodeText xml:lang="en">Various market garden crops combined</CodeText>
      </CodeTextGrp>
    </Code>
    <Code id="urn:ssb:code:stabas:4220161-4220331" parentCodeId="urn:ssb:code:stabas:4220159-4220329">
      <CodeValue>3141</CodeValue>
      <CodeTextGrp>
        <CodeText xml:lang="nn">Spisedruer</CodeText>
        <CodeText xml:lang="nb">Spisedruer</CodeText>
        <CodeText xml:lang="en">Specialist table grapes</CodeText>
      </CodeTextGrp>
    </Code>
    <Code id="urn:ssb:code:stabas:4220161-4220333" parentCodeId="urn:ssb:code:stabas:4220159-4220329">
      <CodeValue>3142</CodeValue>
      <CodeTextGrp>
        <CodeText xml:lang="nn">Rosiner</CodeText>
        <CodeText xml:lang="nb">Rosiner</CodeText>
        <CodeText xml:lang="en">Specialist raisins</CodeText>
      </CodeTextGrp>
    </Code>
    <Code id="urn:ssb:code:stabas:4220161-4220335" parentCodeId="urn:ssb:code:stabas:4220159-4220329">
      <CodeValue>3143</CodeValue>
      <CodeTextGrp>
        <CodeText xml:lang="nn">Blanda produksjon</CodeText>
        <CodeText xml:lang="nb">Blandet produksjon</CodeText>
        <CodeText xml:lang="en">Mixed vineyards</CodeText>
      </CodeTextGrp>
    </Code>
    <Code id="urn:ssb:code:stabas:4220161-4220341" parentCodeId="urn:ssb:code:stabas:4220159-4220339">
      <CodeValue>3211</CodeValue>
      <CodeTextGrp>
        <CodeText xml:lang="nn">Fersk frukt</CodeText>
        <CodeText xml:lang="nb">Fersk frukt</CodeText>
        <CodeText xml:lang="en">Specialist fresh fruit (other than citrus)</CodeText>
      </CodeTextGrp>
    </Code>
    <Code id="urn:ssb:code:stabas:4220161-4220343" parentCodeId="urn:ssb:code:stabas:4220159-4220339">
      <CodeValue>3212</CodeValue>
      <CodeTextGrp>
        <CodeText xml:lang="nn">Nøtter</CodeText>
        <CodeText xml:lang="nb">Nøtter</CodeText>
        <CodeText xml:lang="en">Specialist nuts</CodeText>
      </CodeTextGrp>
    </Code>
    <Code id="urn:ssb:code:stabas:4220161-4220345" parentCodeId="urn:ssb:code:stabas:4220159-4220339">
      <CodeValue>3213</CodeValue>
      <CodeTextGrp>
        <CodeText xml:lang="nn">Fersk frukt og nøtter i kombinasjon</CodeText>
        <CodeText xml:lang="nb">Fersk frukt og nøtter i kombinasjon</CodeText>
        <CodeText xml:lang="en">Fresh fruit (other than citrus) and nuts combined</CodeText>
      </CodeTextGrp>
    </Code>
    <Code id="urn:ssb:code:stabas:4220161-4220395" parentCodeId="urn:ssb:code:stabas:4220159-4220393">
      <CodeValue>5011</CodeValue>
      <CodeTextGrp>
        <CodeText xml:lang="nn">Smågrisproduksjon</CodeText>
        <CodeText xml:lang="nb">Smågrisproduksjon</CodeText>
        <CodeText xml:lang="en">Specialist pig rearing</CodeText>
      </CodeTextGrp>
    </Code>
    <Code id="urn:ssb:code:stabas:4220161-4220397" parentCodeId="urn:ssb:code:stabas:4220159-4220393">
      <CodeValue>5012</CodeValue>
      <CodeTextGrp>
        <CodeText xml:lang="nn">Slaktegrisproduksjon</CodeText>
        <CodeText xml:lang="nb">Slaktegrisproduksjon</CodeText>
        <CodeText xml:lang="en">Specialist pig fattening</CodeText>
      </CodeTextGrp>
    </Code>
    <Code id="urn:ssb:code:stabas:4220161-4220399" parentCodeId="urn:ssb:code:stabas:4220159-4220393">
      <CodeValue>5013</CodeValue>
      <CodeTextGrp>
        <CodeText xml:lang="nn">Smågris- og slaktegrisproduksjon i kombinasjon</CodeText>
        <CodeText xml:lang="nb">Smågris- og slaktegrisproduksjon i kombinasjon</CodeText>
        <CodeText xml:lang="en">Pig rearing and fattening combined</CodeText>
      </CodeTextGrp>
    </Code>
    <Code id="urn:ssb:code:stabas:4220161-4220503" parentCodeId="urn:ssb:code:stabas:4220159-4220501">
      <CodeValue>5021</CodeValue>
      <CodeTextGrp>
        <CodeText xml:lang="nn">Verpehøner og livkyllingar</CodeText>
        <CodeText xml:lang="nb">Verpehøner og livkyllinger</CodeText>
        <CodeText xml:lang="en">Specialist layers</CodeText>
      </CodeTextGrp>
    </Code>
    <Code id="urn:ssb:code:stabas:4220161-4220505" parentCodeId="urn:ssb:code:stabas:4220159-4220501">
      <CodeValue>5022</CodeValue>
      <CodeTextGrp>
        <CodeText xml:lang="nn">Fjørfekjøtt</CodeText>
        <CodeText xml:lang="nb">Fjørfekjøtt</CodeText>
        <CodeText xml:lang="en">Specialist poultry-meat</CodeText>
      </CodeTextGrp>
    </Code>
    <Code id="urn:ssb:code:stabas:4220161-4220507" parentCodeId="urn:ssb:code:stabas:4220159-4220501">
      <CodeValue>5023</CodeValue>
      <CodeTextGrp>
        <CodeText xml:lang="nn">Verpehøner og fjørfekjøtt i kombinasjon</CodeText>
        <CodeText xml:lang="nb">Verpehøner og fjørfekjøtt i kombinasjon</CodeText>
        <CodeText xml:lang="en">Layers and poultry-meat combined</CodeText>
      </CodeTextGrp>
    </Code>
    <Code id="urn:ssb:code:stabas:4220161-4220511" parentCodeId="urn:ssb:code:stabas:4220159-4220509">
      <CodeValue>5031</CodeValue>
      <CodeTextGrp>
        <CodeText xml:lang="nn">Svin og fjørfe i kombinasjon</CodeText>
        <CodeText xml:lang="nb">Svin og fjørfe i kombinasjon</CodeText>
        <CodeText xml:lang="en">Pigs and poultry combined</CodeText>
      </CodeTextGrp>
    </Code>
    <Code id="urn:ssb:code:stabas:4220161-4220513" parentCodeId="urn:ssb:code:stabas:4220159-4220509">
      <CodeValue>5032</CodeValue>
      <CodeTextGrp>
        <CodeText xml:lang="nn">Svin og fjørfe og andre ikke-grovfôretande dyr i kombinasjon</CodeText>
        <CodeText xml:lang="nb">Svin og fjørfe og andre ikke-grovfôretende dyr i kombinasjon</CodeText>
        <CodeText xml:lang="en">Pigs, poultry and other granivores combined</CodeText>
      </CodeTextGrp>
    </Code>
    <Code id="urn:ssb:code:stabas:4220161-4220531" parentCodeId="urn:ssb:code:stabas:4220159-4220529">
      <CodeValue>6061</CodeValue>
      <CodeTextGrp>
        <CodeText xml:lang="nn">Blanda planteproduksjon, hovudsakleg gartnerivekstar</CodeText>
        <CodeText xml:lang="nb">Blandet planteproduksjon, hovedsakelig gartnerivekster</CodeText>
        <CodeText xml:lang="en">Mixed cropping, mainly market gardening</CodeText>
      </CodeTextGrp>
    </Code>
    <Code id="urn:ssb:code:stabas:4220161-4220533" parentCodeId="urn:ssb:code:stabas:4220159-4220529">
      <CodeValue>6062</CodeValue>
      <CodeTextGrp>
        <CodeText xml:lang="nn">Blanda planteproduksjon, hovudsakleg fleirårige vekstar</CodeText>
        <CodeText xml:lang="nb">Blandet planteproduksjon, hovedsakelig flerårige vekster</CodeText>
        <CodeText xml:lang="en">Mixed cropping, mainly permanent crops</CodeText>
      </CodeTextGrp>
    </Code>
    <Code id="urn:ssb:code:stabas:4220161-4220571" parentCodeId="urn:ssb:code:stabas:4220159-4220569">
      <CodeValue>8231</CodeValue>
      <CodeTextGrp>
        <CodeText xml:lang="nn">Biavl</CodeText>
        <CodeText xml:lang="nb">Biavl</CodeText>
        <CodeText xml:lang="en">Apiculture</CodeText>
      </CodeTextGrp>
    </Code>
    <Code id="urn:ssb:code:stabas:4220161-4220573" parentCodeId="urn:ssb:code:stabas:4220159-4220569">
      <CodeValue>8232</CodeValue>
      <CodeTextGrp>
        <CodeText xml:lang="nn">Ymse blanda produksjon</CodeText>
        <CodeText xml:lang="nb">Forskjellig blandet produksjon</CodeText>
        <CodeText xml:lang="en">Various mixed holdings</CodeText>
      </CodeTextGrp>
    </Code>
  </Codes>
</Codelist>