<?xml version="1.0" encoding="utf-8"?>
<Codelist xmlns:xsi="http://www.w3.org/2001/XMLSchema-instance" xmlns:xsd="http://www.w3.org/2001/XMLSchema" id="urn:ssb:codelist:stabas:4220106" defaultValidFrom="1999-01-01" lastChangedDate="2006-11-28" isCurrent="true" relationId="urn:ssb:classversion:stabas:4220102" xmlns="http://www.ssb.no/ns/meta/codelist">
  <CodelistMeta>
    <TitleGrp>
      <Title xml:lang="nn">Klassifisering av jordbruksbedrifter etter storleik 1999: Klassifisering</Title>
      <Title xml:lang="nb">Klassifisering av jordbruksbedrifter etter størrelse 1999: Klassifisering</Title>
      <Title xml:lang="en">Classification of agricultural holdings by economic size1999: Classification</Title>
    </TitleGrp>
    <DescriptionGrp>
      <Description xml:lang="nn">Klassifiseringa byggjer på standard dekningsbidrag (SDB) som felles storleiksmål for dei ulike produksjonane i jordbruket. SDB for ein produksjon er differansen mellom standardverdien av produksjonen og standardverdien av visse spesifiserte kostnadar. SDB blir fastsett som gjennomsnittstal på regionnivå. Storleiken til ei jordbruksbedrift blir fastsett ut frå bedrifta si totale SDB.</Description>
      <Description xml:lang="nb">Klassifiseringen bygger på standard dekningsbidrag (SDB) som felles størrelsesmål for de ulike produksjonene i jordbruket. SDB for en produksjon er differansen mellom standardverdien av produksjonen og standardverdien av visse spesifiserte kostnader. SDB fastsettes som gjennomsnittstall på regionnivå. Størrelsen til en jordbruksbedrift fastsettes ut fra bedriftens totale SDB.</Description>
      <Description xml:lang="en">The classification is based on standard gross margin (SGM) as common measurement of the various outputs (crop and livestock products) from an agricultural holding. The SGM for a crop or livestock product (enterprise) is the balance between the standard value of output and the standard value of certain direct costs easily allocated to this output. SGM is calculated as an average figure at regional level. The economic size of a holding is determined by its total SGM.</Description>
    </DescriptionGrp>
    <ContactInformation>
      <Person xmlns="http://www.ssb.no/ns/meta/common">oro</Person>
      <Division xmlns="http://www.ssb.no/ns/meta/common">430</Division>
    </ContactInformation>
    <NoteGrp>
      <Note xml:lang="nn">I samband med strukturundersøkingane kvart 2. eller 3. år blir det gjort mindre endringar og oppdateringar.</Note>
      <Note xml:lang="nb">I forbindelse med strukturundersøkelsene hvert 2. eller 3. år blir det gjort mindre endringer og oppdateringer.</Note>
      <Note xml:lang="en">Minor changes and updates take place in connection with the structure surveys every second or third year.</Note>
    </NoteGrp>
  </CodelistMeta>
  <Codes>
    <Code id="urn:ssb:code:stabas:4220106-4220108">
      <CodeValue>1</CodeValue>
      <CodeTextGrp>
        <CodeText xml:lang="nn">-  19 999 kroner</CodeText>
        <CodeText xml:lang="nb">- 19 999 kroner</CodeText>
        <CodeText xml:lang="en">-  19 999 NOK</CodeText>
      </CodeTextGrp>
    </Code>
    <Code id="urn:ssb:code:stabas:4220106-4220110">
      <CodeValue>2</CodeValue>
      <CodeTextGrp>
        <CodeText xml:lang="nn">20 000 -   49 999 kroner</CodeText>
        <CodeText xml:lang="nb">20 000 -   49 999 kroner</CodeText>
        <CodeText xml:lang="en">20 000 -   49 999 NOK</CodeText>
      </CodeTextGrp>
    </Code>
    <Code id="urn:ssb:code:stabas:4220106-4220112">
      <CodeValue>3</CodeValue>
      <CodeTextGrp>
        <CodeText xml:lang="nn">50 000 -   99 999 kroner</CodeText>
        <CodeText xml:lang="nb">50 000 -   99 999 kroner</CodeText>
        <CodeText xml:lang="en">50 000 -   99 999 NOK</CodeText>
      </CodeTextGrp>
    </Code>
    <Code id="urn:ssb:code:stabas:4220106-4220114">
      <CodeValue>4</CodeValue>
      <CodeTextGrp>
        <CodeText xml:lang="nn">100 000 - 199 999 kroner</CodeText>
        <CodeText xml:lang="nb">100 000 - 199 999 kroner</CodeText>
        <CodeText xml:lang="en">100 000 - 199 999 NOK</CodeText>
      </CodeTextGrp>
    </Code>
    <Code id="urn:ssb:code:stabas:4220106-4220116">
      <CodeValue>5</CodeValue>
      <CodeTextGrp>
        <CodeText xml:lang="nn">200 000 - 299 999 kroner</CodeText>
        <CodeText xml:lang="nb">200 000 - 299 999 kroner</CodeText>
        <CodeText xml:lang="en">200 000 - 299 999 NOK</CodeText>
      </CodeTextGrp>
    </Code>
    <Code id="urn:ssb:code:stabas:4220106-4220118">
      <CodeValue>6</CodeValue>
      <CodeTextGrp>
        <CodeText xml:lang="nn">300 000 - 399 999 kroner</CodeText>
        <CodeText xml:lang="nb">300 000 - 399 999 kroner</CodeText>
        <CodeText xml:lang="en">300 000 - 399 999 NOK</CodeText>
      </CodeTextGrp>
    </Code>
    <Code id="urn:ssb:code:stabas:4220106-4220120">
      <CodeValue>7</CodeValue>
      <CodeTextGrp>
        <CodeText xml:lang="nn">400 000 - 499 999 kroner</CodeText>
        <CodeText xml:lang="nb">400 000 - 499 999 kroner</CodeText>
        <CodeText xml:lang="en">400 000 - 499 999 NOK</CodeText>
      </CodeTextGrp>
    </Code>
    <Code id="urn:ssb:code:stabas:4220106-4220122">
      <CodeValue>8</CodeValue>
      <CodeTextGrp>
        <CodeText xml:lang="nn">500 000 - 999 999 kroner</CodeText>
        <CodeText xml:lang="nb">500 000 - 999 999 kroner</CodeText>
        <CodeText xml:lang="en">500 000 - 999 999 NOK</CodeText>
      </CodeTextGrp>
    </Code>
    <Code id="urn:ssb:code:stabas:4220106-4220124">
      <CodeValue>9</CodeValue>
      <CodeTextGrp>
        <CodeText xml:lang="nn">1 000 000 -   kroner</CodeText>
        <CodeText xml:lang="nb">1 000 000 -   kroner</CodeText>
        <CodeText xml:lang="en">1 000 000 -   NOK</CodeText>
      </CodeTextGrp>
    </Code>
  </Codes>
</Codelist>