<?xml version="1.0" encoding="utf-8"?>
<Codelist xmlns:xsi="http://www.w3.org/2001/XMLSchema-instance" xmlns:xsd="http://www.w3.org/2001/XMLSchema" id="urn:ssb:codelist:stabas:4220798" defaultValidFrom="1999-01-01" lastChangedDate="2006-11-28" parentCodelistId="urn:ssb:codelist:stabas:4220796" isCurrent="true" relationId="urn:ssb:classversion:stabas:4220792" xmlns="http://www.ssb.no/ns/meta/codelist">
  <CodelistMeta>
    <TitleGrp>
      <Title xml:lang="nn">Klassifisering av jordbruksareal etter bruken 1999: Nivå 2</Title>
      <Title xml:lang="nb">Klassifisering av jordbruksareal etter bruken 1999: Nivå 2</Title>
      <Title xml:lang="en">Classification of agricultural area by use 1999: Level 2</Title>
    </TitleGrp>
    <DescriptionGrp>
      <Description xml:lang="nn">Standarden klassifiserer markslaget jordbruksareal (jf. Markslagsklassifikasjon i Økonomisk kartverk) etter faktisk bruk det enkelte år. Det blir først skilt mellom jordbruksareal i drift og jordbruksareal ute av drift. Jordbruksareal i drift er jordbruksareal som blir hausta minst ein gong i løpet av eit år, medrekna planta areal av fleirårige vekstar som ennå ikkje gir avling og areal av eittårig brakk. I jordbruksstatistikken blir ofte berre jordbruksarealet i drift klassifisert.</Description>
      <Description xml:lang="nb">Standarden klassifiserer markslaget jordbruksareal (jf. Markslagsklassifikasjon i Økonomisk kartverk) etter faktisk bruk det enkelte år. Det skilles først mellom jordbruksareal i drift og jordbruksareal ute av drift. Jordbruksareal i drift er jordbruksareal som blir høstet minst en gang i løpet av et år, medregnet plantet areal av flerårige vekster som ennå ikke gir avling og areal av ettårig brakk. I jordbruksstatistikken klassifiseres ofte bare jordbruksarealet i drift.</Description>
      <Description xml:lang="en">The standard classifies agricultural area (cf. the land classification system in the Norwegian general map series) by actual use. Firstly, agricultural area is divided into agricultural area in use and agricultural area not in use. Agricultural area in use is area that is harvested at least once within a year, included area of permanent crops from the year they are planted and fallow land. Usually, only agricultural area in use is further classified.</Description>
    </DescriptionGrp>
    <ContactInformation>
      <Person xmlns="http://www.ssb.no/ns/meta/common">oro</Person>
      <Division xmlns="http://www.ssb.no/ns/meta/common">430</Division>
    </ContactInformation>
    <NoteGrp>
      <Note xml:lang="nn">Hovudtrekka i klassifiseringa har lege fast sidan 1907, men mindre endringar har blitt gjort, helst i samband med dei 10-årlege fullstendige teljingane. F.o.m. 1984 har søknadsskjema for produksjonstilskot i jordbruket vore hovuddatakjelde for den årlege statistikken over bruken av jordbruksarealet i drift, og inndelinga i skjemaet har i praksis vore avgjerande. I 1999 blei søknadsskjemaet betre tilpassa EU si klassifisering. Ei mindre forenkling blei gjort i 2002.</Note>
      <Note xml:lang="nb">Hovedtrekkene i klassifiseringen har ligget fast siden 1907, men mindre endringer har vært foretatt, fortrinnsvis i forbindelse med de 10-årlige fullstendige tellingene. F.o.m. 1984 har søknadsskjema for produksjonstilskudd i jordbruket vært hoveddatakilde for den årlige statistikken over bruken av jordbruksarealet i drift, og inndelingen i skjemaet har i praksis vært bestemmende. I 1999 ble søknadsskjemaet bedre tilpasset EUs klassifisering. En mindre forenkling ble gjort i 2002.</Note>
      <Note xml:lang="en">The main feature of the classification has been stable since 1907. However, minor changes have occurred, preferably in connection with the complete censuses with 10 years interval. As from 1984, the application form for governmental subsidies in agriculture has been the main source for yearly data on agricultural area by use. In 1999, the application form was somewhat changed to better correspond with the EU classification. A minor simplification was done in 2002.</Note>
    </NoteGrp>
  </CodelistMeta>
  <Codes>
    <Code id="urn:ssb:code:stabas:4220798-4220912" parentCodeId="urn:ssb:code:stabas:4220796-4220910">
      <CodeValue>1.1.</CodeValue>
      <CodeTextGrp>
        <CodeText xml:lang="nn">Jordbruksareal i drift</CodeText>
        <CodeText xml:lang="nb">Jordbruksareal i drift</CodeText>
        <CodeText xml:lang="en">Agricultural area in use</CodeText>
      </CodeTextGrp>
    </Code>
    <Code id="urn:ssb:code:stabas:4220798-4221000" parentCodeId="urn:ssb:code:stabas:4220796-4220910">
      <CodeValue>1.2.</CodeValue>
      <CodeTextGrp>
        <CodeText xml:lang="nn">Jordbruksareal ute av drift</CodeText>
        <CodeText xml:lang="nb">Jordbruksareal ute av drift</CodeText>
        <CodeText xml:lang="en">Agricultural area not in use</CodeText>
      </CodeTextGrp>
    </Code>
  </Codes>
</Codelist>