<?xml version="1.0" encoding="utf-8"?>
<Codelist xmlns:xsi="http://www.w3.org/2001/XMLSchema-instance" xmlns:xsd="http://www.w3.org/2001/XMLSchema" id="urn:ssb:codelist:stabas:4220132" defaultValidFrom="1999-01-01" lastChangedDate="2011-01-25" parentCodelistId="urn:ssb:codelist:stabas:4220130" isCurrent="true" relationId="urn:ssb:classversion:stabas:4220126" xmlns="http://www.ssb.no/ns/meta/codelist">
  <CodelistMeta>
    <TitleGrp>
      <Title xml:lang="nn">Variant I - 1999: Klassifisering</Title>
      <Title xml:lang="nb">Variant I - 1999: Klassifisering</Title>
      <Title xml:lang="en">Variant I - 1999: Classification</Title>
    </TitleGrp>
    <DescriptionGrp>
      <Description xml:lang="nn">Versjonen blir nytta ved publisering av statistikk</Description>
      <Description xml:lang="nb">Versjonen brukes ved publisering av statistikk</Description>
      <Description xml:lang="en">This version is applied for presenting statistics.</Description>
    </DescriptionGrp>
    <ContactInformation>
      <Person xmlns="http://www.ssb.no/ns/meta/common">oro</Person>
      <Division xmlns="http://www.ssb.no/ns/meta/common">430</Division>
    </ContactInformation>
    <NoteGrp>
      <Note xml:lang="nn">I samband med strukturundersøkingane kvart 2. eller 3. år blir det gjort mindre endringar og oppdateringar.</Note>
      <Note xml:lang="nb">I forbindelse med strukturundersøkelsene hvert 2. eller 3. år blir det gjort mindre endringer og oppdateringer.</Note>
      <Note xml:lang="en">Minor changes and updates take place in connection with the structure surveys every second or third year.</Note>
    </NoteGrp>
  </CodelistMeta>
  <Codes>
    <Code id="urn:ssb:code:stabas:4220132-4220135" parentCodeId="urn:ssb:code:stabas:4220130-4220133">
      <CodeValue>1</CodeValue>
      <CodeTextGrp>
        <CodeText xml:lang="nn">-  19 999 kroner</CodeText>
        <CodeText xml:lang="nb">- 19 999 kroner</CodeText>
        <CodeText xml:lang="en">-  19 999 NOK</CodeText>
      </CodeTextGrp>
    </Code>
    <Code id="urn:ssb:code:stabas:4220132-4220136" parentCodeId="urn:ssb:code:stabas:4220130-4220133">
      <CodeValue>2</CodeValue>
      <CodeTextGrp>
        <CodeText xml:lang="nn">20 000 -   49 999 kroner</CodeText>
        <CodeText xml:lang="nb">20 000 -   49 999 kroner</CodeText>
        <CodeText xml:lang="en">20 000 -   49 999 NOK</CodeText>
      </CodeTextGrp>
    </Code>
    <Code id="urn:ssb:code:stabas:4220132-4220137" parentCodeId="urn:ssb:code:stabas:4220130-4220133">
      <CodeValue>3</CodeValue>
      <CodeTextGrp>
        <CodeText xml:lang="nn">50 000 -   99 999 kroner</CodeText>
        <CodeText xml:lang="nb">50 000 -   99 999 kroner</CodeText>
        <CodeText xml:lang="en">50 000 -   99 999 NOK</CodeText>
      </CodeTextGrp>
    </Code>
    <Code id="urn:ssb:code:stabas:4220132-4220140" parentCodeId="urn:ssb:code:stabas:4220130-4220138">
      <CodeValue>4</CodeValue>
      <CodeTextGrp>
        <CodeText xml:lang="nn">100 000 - 199 999 kroner</CodeText>
        <CodeText xml:lang="nb">100 000 - 199 999 kroner</CodeText>
        <CodeText xml:lang="en">100 000 - 199 999 NOK</CodeText>
      </CodeTextGrp>
    </Code>
    <Code id="urn:ssb:code:stabas:4220132-4220141" parentCodeId="urn:ssb:code:stabas:4220130-4220138">
      <CodeValue>5</CodeValue>
      <CodeTextGrp>
        <CodeText xml:lang="nn">200 000 - 299 999 kroner</CodeText>
        <CodeText xml:lang="nb">200 000 - 299 999 kroner</CodeText>
        <CodeText xml:lang="en">200 000 - 299 999 NOK</CodeText>
      </CodeTextGrp>
    </Code>
    <Code id="urn:ssb:code:stabas:4220132-4220144" parentCodeId="urn:ssb:code:stabas:4220130-4220142">
      <CodeValue>6</CodeValue>
      <CodeTextGrp>
        <CodeText xml:lang="nn">300 000 - 399 999 kroner</CodeText>
        <CodeText xml:lang="nb">300 000 - 399 999 kroner</CodeText>
        <CodeText xml:lang="en">300 000 - 399 999 NOK</CodeText>
      </CodeTextGrp>
    </Code>
    <Code id="urn:ssb:code:stabas:4220132-4220145" parentCodeId="urn:ssb:code:stabas:4220130-4220142">
      <CodeValue>7</CodeValue>
      <CodeTextGrp>
        <CodeText xml:lang="nn">400 000 - 499 999 kroner</CodeText>
        <CodeText xml:lang="nb">400 000 - 499 999 kroner</CodeText>
        <CodeText xml:lang="en">400 000 - 499 999 NOK</CodeText>
      </CodeTextGrp>
    </Code>
    <Code id="urn:ssb:code:stabas:4220132-4220148" parentCodeId="urn:ssb:code:stabas:4220130-4220146">
      <CodeValue>8</CodeValue>
      <CodeTextGrp>
        <CodeText xml:lang="nn">500 000 - 999 999 kroner</CodeText>
        <CodeText xml:lang="nb">500 000 - 999 999 kroner</CodeText>
        <CodeText xml:lang="en">500 000 - 999 999 NOK</CodeText>
      </CodeTextGrp>
    </Code>
    <Code id="urn:ssb:code:stabas:4220132-4220149" parentCodeId="urn:ssb:code:stabas:4220130-4220146">
      <CodeValue>9</CodeValue>
      <CodeTextGrp>
        <CodeText xml:lang="nn">1 000 000 -   kroner</CodeText>
        <CodeText xml:lang="nb">1 000 000 -   kroner</CodeText>
        <CodeText xml:lang="en">1 000 000 -   NOK</CodeText>
      </CodeTextGrp>
    </Code>
  </Codes>
</Codelist>