<?xml version="1.0" encoding="utf-8"?>
<Codelist xmlns:xsi="http://www.w3.org/2001/XMLSchema-instance" xmlns:xsd="http://www.w3.org/2001/XMLSchema" id="urn:ssb:codelist:stabas:4220746" defaultValidFrom="1999-01-01" lastChangedDate="2011-01-26" parentCodelistId="urn:ssb:codelist:stabas:4220744" isCurrent="false" relationId="urn:ssb:classversion:stabas:4220740" xmlns="http://www.ssb.no/ns/meta/codelist">
  <CodelistMeta>
    <TitleGrp>
      <Title xml:lang="nn">Variant I - Jordbruksareal i drift 1999: Nivå 2</Title>
      <Title xml:lang="nb">Variant I - Jordbruksareal i drift 1999: Nivå 2</Title>
      <Title xml:lang="en">Variant I - Agricultural area in use 1999: Level 2</Title>
    </TitleGrp>
    <DescriptionGrp>
      <Description xml:lang="nn">Versjonen blir nytta ved publisering av statistikk.</Description>
      <Description xml:lang="nb">Versjonen brukes ved publisering av statistikk.</Description>
      <Description xml:lang="en">This version is applied for presenting statistics.</Description>
    </DescriptionGrp>
    <ContactInformation>
      <Person xmlns="http://www.ssb.no/ns/meta/common">oro</Person>
      <Division xmlns="http://www.ssb.no/ns/meta/common">430</Division>
    </ContactInformation>
    <NoteGrp />
  </CodelistMeta>
  <Codes>
    <Code id="urn:ssb:code:stabas:4220746-4220754" parentCodeId="urn:ssb:code:stabas:4220744-4220752">
      <CodeValue>1.1.1.</CodeValue>
      <CodeTextGrp>
        <CodeText xml:lang="nn">Fulldyrka jord</CodeText>
        <CodeText xml:lang="nb">Fulldyrka jord</CodeText>
        <CodeText xml:lang="en">Fully cultivated land</CodeText>
      </CodeTextGrp>
    </Code>
    <Code id="urn:ssb:code:stabas:4220746-4220786" parentCodeId="urn:ssb:code:stabas:4220744-4220752">
      <CodeValue>1.1.2.</CodeValue>
      <CodeTextGrp>
        <CodeText xml:lang="nn">Ikkje fulldyrka jord</CodeText>
        <CodeText xml:lang="nb">Ikke fulldyrka jord</CodeText>
        <CodeText xml:lang="en">Not fully cultivated land</CodeText>
      </CodeTextGrp>
    </Code>
  </Codes>
</Codelist>