<?xml version="1.0" encoding="utf-8"?>
<Codelist xmlns:xsi="http://www.w3.org/2001/XMLSchema-instance" xmlns:xsd="http://www.w3.org/2001/XMLSchema" id="urn:ssb:codelist:stabas:4220159" defaultValidFrom="1999-01-01" lastChangedDate="2006-11-29" parentCodelistId="urn:ssb:codelist:stabas:4220157" isCurrent="true" relationId="urn:ssb:classversion:stabas:4220151" xmlns="http://www.ssb.no/ns/meta/codelist">
  <CodelistMeta>
    <TitleGrp>
      <Title xml:lang="nn">Klassifisering av jordbruksbedrifter etter driftsform 1999: Nivå 3</Title>
      <Title xml:lang="nb">Klassifisering av jordbruksbedrifter etter driftsform 1999: Nivå 3</Title>
      <Title xml:lang="en">Classification of agricultural holdings by type of farming 1999: Level 3</Title>
    </TitleGrp>
    <DescriptionGrp>
      <Description xml:lang="nn">Klassifiseringa byggjer på standard dekningsbidrag (SDB) som felles storleiksmål for dei ulike produksjonane i jordbruket. SDB for ein produksjon er differansen mellom standardverdien av produksjonen og standardverdien av visse spesifiserte kostnadar. SDB blir fastsett som gjennomsnittstal på regionnivå. Driftsforma til ei jordbruksbedrift blir fastsett ut frå delen dei ulike produksjonane i bedrifta utgjer av den totale SDB til bedrifta.</Description>
      <Description xml:lang="nb">Klassifiseringen bygger på standard dekningsbidrag (SDB) som felles størrelsesmål for de ulike produksjonene i jordbruket. SDB for en produksjon er differansen mellom standardverdien av produksjonen og standardverdien av visse spesifiserte kostnader. SDB fastsettes som gjennomsnittstall på regionnivå. Driftsformen til en jordbruksbedrift fastsettes ut fra andelen de ulike produksjonene i bedriften utgjør av bedriftens totale SDB. </Description>
      <Description xml:lang="en">The classification is based on standard gross margin (SGM) as common measurement of the various outputs (crop and livestock products) from an agricultural holding. The SGM for a crop or livestock product (enterprise) is the balance between the standard value of output and the standard value of certain direct costs easily allocated to this output. SGM is calculated as an average figure at regional level. The type of farming of a holding is determined by the relative contribution of the different enterprises to its total SGM.</Description>
    </DescriptionGrp>
    <ContactInformation>
      <Person xmlns="http://www.ssb.no/ns/meta/common">oro</Person>
      <Division xmlns="http://www.ssb.no/ns/meta/common">430</Division>
    </ContactInformation>
    <NoteGrp>
      <Note xml:lang="nn">I samband med strukturundersøkingane kvart 2. eller 3. år blir det gjort mindre endringar og oppdateringar.</Note>
      <Note xml:lang="nb">I forbindelse med strukturundersøkelsene hvert 2. eller 3. år blir det gjort mindre endringer og oppdateringer.</Note>
      <Note xml:lang="en">Minor changes and updates take place in connection with the structure surveys every second or third year.</Note>
    </NoteGrp>
  </CodelistMeta>
  <Codes>
    <Code id="urn:ssb:code:stabas:4220159-4220167" parentCodeId="urn:ssb:code:stabas:4220157-4220165">
      <CodeValue>131</CodeValue>
      <CodeTextGrp>
        <CodeText xml:lang="nn">Korn (utanom ris) og oljevekstar</CodeText>
        <CodeText xml:lang="nb">Korn (utenom ris) og oljevekster</CodeText>
        <CodeText xml:lang="en">Specialist cereals (other than rice), oilseeds and protein crops</CodeText>
      </CodeTextGrp>
    </Code>
    <Code id="urn:ssb:code:stabas:4220159-4220169" parentCodeId="urn:ssb:code:stabas:4220157-4220165">
      <CodeValue>132</CodeValue>
      <CodeTextGrp>
        <CodeText xml:lang="nn">Ris</CodeText>
        <CodeText xml:lang="nb">Ris</CodeText>
        <CodeText xml:lang="en">Specialist rice</CodeText>
      </CodeTextGrp>
    </Code>
    <Code id="urn:ssb:code:stabas:4220159-4220171" parentCodeId="urn:ssb:code:stabas:4220157-4220165">
      <CodeValue>133</CodeValue>
      <CodeTextGrp>
        <CodeText xml:lang="nn">Korn (utanom ris) og oljevekstar og ris i kombinasjon</CodeText>
        <CodeText xml:lang="nb">Korn (utenom ris), oljevekster og ris i kombinasjon</CodeText>
        <CodeText xml:lang="en">Cereals, oilseeds, protein crops and rice combined</CodeText>
      </CodeTextGrp>
    </Code>
    <Code id="urn:ssb:code:stabas:4220159-4220175" parentCodeId="urn:ssb:code:stabas:4220157-4220173">
      <CodeValue>141</CodeValue>
      <CodeTextGrp>
        <CodeText xml:lang="nn">Poteter</CodeText>
        <CodeText xml:lang="nb">Poteter</CodeText>
        <CodeText xml:lang="en">Specialist root crops</CodeText>
      </CodeTextGrp>
    </Code>
    <Code id="urn:ssb:code:stabas:4220159-4220177" parentCodeId="urn:ssb:code:stabas:4220157-4220173">
      <CodeValue>142</CodeValue>
      <CodeTextGrp>
        <CodeText xml:lang="nn">Korn og poteter i kombinasjon</CodeText>
        <CodeText xml:lang="nb">Korn og poteter i kombinasjon</CodeText>
        <CodeText xml:lang="en">Cereals and root crops combined</CodeText>
      </CodeTextGrp>
    </Code>
    <Code id="urn:ssb:code:stabas:4220159-4220179" parentCodeId="urn:ssb:code:stabas:4220157-4220173">
      <CodeValue>143</CodeValue>
      <CodeTextGrp>
        <CodeText xml:lang="nn">Grønsaker (dyrka som jordbruksvekstar)</CodeText>
        <CodeText xml:lang="nb">Grønnsaker dyrket som jordbruksvekster</CodeText>
        <CodeText xml:lang="en">Specialist field vegetables</CodeText>
      </CodeTextGrp>
    </Code>
    <Code id="urn:ssb:code:stabas:4220159-4220181" parentCodeId="urn:ssb:code:stabas:4220157-4220173">
      <CodeValue>144</CodeValue>
      <CodeTextGrp>
        <CodeText xml:lang="nn">Ymse jordbruksvekstar</CodeText>
        <CodeText xml:lang="nb">Forskjellige jordbruksvekster</CodeText>
        <CodeText xml:lang="en">Various field crops</CodeText>
      </CodeTextGrp>
    </Code>
    <Code id="urn:ssb:code:stabas:4220159-4220193" parentCodeId="urn:ssb:code:stabas:4220157-4220191">
      <CodeValue>201</CodeValue>
      <CodeTextGrp>
        <CodeText xml:lang="nn">Grønsaker og jordbær</CodeText>
        <CodeText xml:lang="nb">Grønnsaker og jordbær</CodeText>
        <CodeText xml:lang="en">Specialist market garden vegetables</CodeText>
      </CodeTextGrp>
    </Code>
    <Code id="urn:ssb:code:stabas:4220159-4220301" parentCodeId="urn:ssb:code:stabas:4220157-4220191">
      <CodeValue>202</CodeValue>
      <CodeTextGrp>
        <CodeText xml:lang="nn">Blomster og prydvekstar</CodeText>
        <CodeText xml:lang="nb">Blomster og prydvekster</CodeText>
        <CodeText xml:lang="en">Specialist flowers and ornamentals</CodeText>
      </CodeTextGrp>
    </Code>
    <Code id="urn:ssb:code:stabas:4220159-4220309" parentCodeId="urn:ssb:code:stabas:4220157-4220191">
      <CodeValue>203</CodeValue>
      <CodeTextGrp>
        <CodeText xml:lang="nn">Gartnerivekstar generelt</CodeText>
        <CodeText xml:lang="nb">Gartnerivekster generelt</CodeText>
        <CodeText xml:lang="en">General market garden cropping</CodeText>
      </CodeTextGrp>
    </Code>
    <Code id="urn:ssb:code:stabas:4220159-4220323" parentCodeId="urn:ssb:code:stabas:4220157-4220321">
      <CodeValue>311</CodeValue>
      <CodeTextGrp>
        <CodeText xml:lang="nn">Kvalitetsvin</CodeText>
        <CodeText xml:lang="nb">Kvalitetsvin</CodeText>
        <CodeText xml:lang="en">Specialist quality wine</CodeText>
      </CodeTextGrp>
    </Code>
    <Code id="urn:ssb:code:stabas:4220159-4220325" parentCodeId="urn:ssb:code:stabas:4220157-4220321">
      <CodeValue>312</CodeValue>
      <CodeTextGrp>
        <CodeText xml:lang="nn">Annan vin enn kvalitetsvin</CodeText>
        <CodeText xml:lang="nb">Annen vin enn kvalitetsvin</CodeText>
        <CodeText xml:lang="en">Specialist wine other than quality wine</CodeText>
      </CodeTextGrp>
    </Code>
    <Code id="urn:ssb:code:stabas:4220159-4220327" parentCodeId="urn:ssb:code:stabas:4220157-4220321">
      <CodeValue>313</CodeValue>
      <CodeTextGrp>
        <CodeText xml:lang="nn">Kvalitetsvin og annan vin i kombinasjon</CodeText>
        <CodeText xml:lang="nb">Kvalitetsvin og annen vin i kombinasjon</CodeText>
        <CodeText xml:lang="en">Quality and other wine combined</CodeText>
      </CodeTextGrp>
    </Code>
    <Code id="urn:ssb:code:stabas:4220159-4220329" parentCodeId="urn:ssb:code:stabas:4220157-4220321">
      <CodeValue>314</CodeValue>
      <CodeTextGrp>
        <CodeText xml:lang="nn">Vinmarker for ymse produksjon</CodeText>
        <CodeText xml:lang="nb">Vinmarker for forskjellig produksjon</CodeText>
        <CodeText xml:lang="en">Vineyards for various types of production</CodeText>
      </CodeTextGrp>
    </Code>
    <Code id="urn:ssb:code:stabas:4220159-4220339" parentCodeId="urn:ssb:code:stabas:4220157-4220337">
      <CodeValue>321</CodeValue>
      <CodeTextGrp>
        <CodeText xml:lang="nn">Frukt (anna enn sitrusfrukt)</CodeText>
        <CodeText xml:lang="nb">Frukt (annen enn sitrusfrukt)</CodeText>
        <CodeText xml:lang="en">Specialist fruit (other than citrus)</CodeText>
      </CodeTextGrp>
    </Code>
    <Code id="urn:ssb:code:stabas:4220159-4220347" parentCodeId="urn:ssb:code:stabas:4220157-4220337">
      <CodeValue>322</CodeValue>
      <CodeTextGrp>
        <CodeText xml:lang="nn">Sitrusfrukt</CodeText>
        <CodeText xml:lang="nb">Sitrusfrukt</CodeText>
        <CodeText xml:lang="en">Specialist citrus fruit</CodeText>
      </CodeTextGrp>
    </Code>
    <Code id="urn:ssb:code:stabas:4220159-4220349" parentCodeId="urn:ssb:code:stabas:4220157-4220337">
      <CodeValue>323</CodeValue>
      <CodeTextGrp>
        <CodeText xml:lang="nn">Frukt og sitrusfrukt i kombinasjon</CodeText>
        <CodeText xml:lang="nb">Frukt og sitrusfrukt i kombinasjon</CodeText>
        <CodeText xml:lang="en">Fruit and citrus fruit combined</CodeText>
      </CodeTextGrp>
    </Code>
    <Code id="urn:ssb:code:stabas:4220159-4220353" parentCodeId="urn:ssb:code:stabas:4220157-4220351">
      <CodeValue>330</CodeValue>
      <CodeTextGrp>
        <CodeText xml:lang="nn">Oliven</CodeText>
        <CodeText xml:lang="nb">Oliven</CodeText>
        <CodeText xml:lang="en">Specialist olives</CodeText>
      </CodeTextGrp>
    </Code>
    <Code id="urn:ssb:code:stabas:4220159-4220357" parentCodeId="urn:ssb:code:stabas:4220157-4220355">
      <CodeValue>340</CodeValue>
      <CodeTextGrp>
        <CodeText xml:lang="nn">Ymse fleirårige vekstar i kombinasjon</CodeText>
        <CodeText xml:lang="nb">Forskjellige flerårige vekster i kombinasjon</CodeText>
        <CodeText xml:lang="en">Various permanent crops combined</CodeText>
      </CodeTextGrp>
    </Code>
    <Code id="urn:ssb:code:stabas:4220159-4220363" parentCodeId="urn:ssb:code:stabas:4220157-4220361">
      <CodeValue>411</CodeValue>
      <CodeTextGrp>
        <CodeText xml:lang="nn">Mjølkeproduksjon</CodeText>
        <CodeText xml:lang="nb">Mjølkeproduksjon</CodeText>
        <CodeText xml:lang="en">Specialist milk production</CodeText>
      </CodeTextGrp>
    </Code>
    <Code id="urn:ssb:code:stabas:4220159-4220365" parentCodeId="urn:ssb:code:stabas:4220157-4220361">
      <CodeValue>412</CodeValue>
      <CodeTextGrp>
        <CodeText xml:lang="nn">Mjølkeproduksjon og oppal for mjølkeproduksjon</CodeText>
        <CodeText xml:lang="nb">Mjølkeproduksjon og oppal av storfe for mjølkeproduksjon</CodeText>
        <CodeText xml:lang="en">Specialist milk production with cattle-rearing</CodeText>
      </CodeTextGrp>
    </Code>
    <Code id="urn:ssb:code:stabas:4220159-4220369" parentCodeId="urn:ssb:code:stabas:4220157-4220367">
      <CodeValue>421</CodeValue>
      <CodeTextGrp>
        <CodeText xml:lang="nn">Hovudsakleg oppal</CodeText>
        <CodeText xml:lang="nb">Hovedsakelig oppal</CodeText>
        <CodeText xml:lang="en">Specialist cattle - mainly rearing</CodeText>
      </CodeTextGrp>
    </Code>
    <Code id="urn:ssb:code:stabas:4220159-4220371" parentCodeId="urn:ssb:code:stabas:4220157-4220367">
      <CodeValue>422</CodeValue>
      <CodeTextGrp>
        <CodeText xml:lang="nn">Hovudsakleg oppfôring til slakt</CodeText>
        <CodeText xml:lang="nb">Hovedsakelig oppfôring til slakt</CodeText>
        <CodeText xml:lang="en">Specialist cattle - mainly fattening</CodeText>
      </CodeTextGrp>
    </Code>
    <Code id="urn:ssb:code:stabas:4220159-4220375" parentCodeId="urn:ssb:code:stabas:4220157-4220373">
      <CodeValue>431</CodeValue>
      <CodeTextGrp>
        <CodeText xml:lang="nn">Mjølkeproduksjon kombinert med kjøttproduksjon</CodeText>
        <CodeText xml:lang="nb">Storfe mjølkeproduksjon kombinert med kjøttproduksjon</CodeText>
        <CodeText xml:lang="en">Cattle - dairying with rearing and fattening</CodeText>
      </CodeTextGrp>
    </Code>
    <Code id="urn:ssb:code:stabas:4220159-4220377" parentCodeId="urn:ssb:code:stabas:4220157-4220373">
      <CodeValue>432</CodeValue>
      <CodeTextGrp>
        <CodeText xml:lang="nn">Kjøttproduksjon kombinert med mjølkeproduksjon</CodeText>
        <CodeText xml:lang="nb">Storfe kjøttproduksjon kombinert med mjølkeproduksjon</CodeText>
        <CodeText xml:lang="en">Cattle - rearing and fattening with dairying</CodeText>
      </CodeTextGrp>
    </Code>
    <Code id="urn:ssb:code:stabas:4220159-4220381" parentCodeId="urn:ssb:code:stabas:4220157-4220379">
      <CodeValue>441</CodeValue>
      <CodeTextGrp>
        <CodeText xml:lang="nn">Sau</CodeText>
        <CodeText xml:lang="nb">Sau</CodeText>
        <CodeText xml:lang="en">Specialist sheep</CodeText>
      </CodeTextGrp>
    </Code>
    <Code id="urn:ssb:code:stabas:4220159-4220383" parentCodeId="urn:ssb:code:stabas:4220157-4220379">
      <CodeValue>442</CodeValue>
      <CodeTextGrp>
        <CodeText xml:lang="nn">Sau og storfe i kombinasjon</CodeText>
        <CodeText xml:lang="nb">Sau og storfe i kombinasjon</CodeText>
        <CodeText xml:lang="en">Sheep and cattle combined</CodeText>
      </CodeTextGrp>
    </Code>
    <Code id="urn:ssb:code:stabas:4220159-4220385" parentCodeId="urn:ssb:code:stabas:4220157-4220379">
      <CodeValue>443</CodeValue>
      <CodeTextGrp>
        <CodeText xml:lang="nn">Geit</CodeText>
        <CodeText xml:lang="nb">Geit</CodeText>
        <CodeText xml:lang="en">Specialist goats</CodeText>
      </CodeTextGrp>
    </Code>
    <Code id="urn:ssb:code:stabas:4220159-4220387" parentCodeId="urn:ssb:code:stabas:4220157-4220379">
      <CodeValue>444</CodeValue>
      <CodeTextGrp>
        <CodeText xml:lang="nn">Ymse grovfôretande dyr</CodeText>
        <CodeText xml:lang="nb">Forskjellige grovfôretende dyr</CodeText>
        <CodeText xml:lang="en">Various grazing livestock - no dominant enterprise</CodeText>
      </CodeTextGrp>
    </Code>
    <Code id="urn:ssb:code:stabas:4220159-4220393" parentCodeId="urn:ssb:code:stabas:4220157-4220391">
      <CodeValue>501</CodeValue>
      <CodeTextGrp>
        <CodeText xml:lang="nn">Svin</CodeText>
        <CodeText xml:lang="nb">Svin</CodeText>
        <CodeText xml:lang="en">Specialist pigs</CodeText>
      </CodeTextGrp>
    </Code>
    <Code id="urn:ssb:code:stabas:4220159-4220501" parentCodeId="urn:ssb:code:stabas:4220157-4220391">
      <CodeValue>502</CodeValue>
      <CodeTextGrp>
        <CodeText xml:lang="nn">Fjørfe</CodeText>
        <CodeText xml:lang="nb">Fjørfe</CodeText>
        <CodeText xml:lang="en">Specialist poultry</CodeText>
      </CodeTextGrp>
    </Code>
    <Code id="urn:ssb:code:stabas:4220159-4220509" parentCodeId="urn:ssb:code:stabas:4220157-4220391">
      <CodeValue>503</CodeValue>
      <CodeTextGrp>
        <CodeText xml:lang="nn">Ymse ikke-grovfôretande dyr</CodeText>
        <CodeText xml:lang="nb">Forskjellige ikke-grovfôretende dyr</CodeText>
        <CodeText xml:lang="en">Various granivores combined</CodeText>
      </CodeTextGrp>
    </Code>
    <Code id="urn:ssb:code:stabas:4220159-4220519" parentCodeId="urn:ssb:code:stabas:4220157-4220517">
      <CodeValue>601</CodeValue>
      <CodeTextGrp>
        <CodeText xml:lang="nn">Gartnerivekstar og fleirårige vekstar i kombinasjon</CodeText>
        <CodeText xml:lang="nb">Gartnerivekster og flerårige vekster i kombinasjon</CodeText>
        <CodeText xml:lang="en">Market gardening and permanent crops combined</CodeText>
      </CodeTextGrp>
    </Code>
    <Code id="urn:ssb:code:stabas:4220159-4220521" parentCodeId="urn:ssb:code:stabas:4220157-4220517">
      <CodeValue>602</CodeValue>
      <CodeTextGrp>
        <CodeText xml:lang="nn">Jordbruksvekstar og gartnerivekstar i kombinasjon</CodeText>
        <CodeText xml:lang="nb">Jordbruksvekster og gartnerivekster i kombinasjon</CodeText>
        <CodeText xml:lang="en">Field crops and market gardening combined</CodeText>
      </CodeTextGrp>
    </Code>
    <Code id="urn:ssb:code:stabas:4220159-4220523" parentCodeId="urn:ssb:code:stabas:4220157-4220517">
      <CodeValue>603</CodeValue>
      <CodeTextGrp>
        <CodeText xml:lang="nn">Jordbruksvekstar og vinmarker i kombinasjon</CodeText>
        <CodeText xml:lang="nb">Jordbruksvekster og vinmarker i kombinasjon</CodeText>
        <CodeText xml:lang="en">Field crops and vineyards combined</CodeText>
      </CodeTextGrp>
    </Code>
    <Code id="urn:ssb:code:stabas:4220159-4220525" parentCodeId="urn:ssb:code:stabas:4220157-4220517">
      <CodeValue>604</CodeValue>
      <CodeTextGrp>
        <CodeText xml:lang="nn">Jordbruksvekstar og fleirårige vekstar i kombinasjon</CodeText>
        <CodeText xml:lang="nb">Jordbruksvekster og flerårige vekster i kombinasjon</CodeText>
        <CodeText xml:lang="en">Field crops and permanent crops combined</CodeText>
      </CodeTextGrp>
    </Code>
    <Code id="urn:ssb:code:stabas:4220159-4220527" parentCodeId="urn:ssb:code:stabas:4220157-4220517">
      <CodeValue>605</CodeValue>
      <CodeTextGrp>
        <CodeText xml:lang="nn">Blanda planteproduksjon, hovudsakleg jordbruksvekstar</CodeText>
        <CodeText xml:lang="nb">Blandet planteproduksjon, hovedsakelig jordbruksvekster</CodeText>
        <CodeText xml:lang="en">Mixed cropping, mainly field crops</CodeText>
      </CodeTextGrp>
    </Code>
    <Code id="urn:ssb:code:stabas:4220159-4220529" parentCodeId="urn:ssb:code:stabas:4220157-4220517">
      <CodeValue>606</CodeValue>
      <CodeTextGrp>
        <CodeText xml:lang="nn">Blanda planteproduksjon, hovudsakleg gartnerivekstar eller fleirårige vekstar</CodeText>
        <CodeText xml:lang="nb">Blandet planteproduksjon, hovedsakelig gartnerivekster eller flerårige vekster</CodeText>
        <CodeText xml:lang="en">Mixed cropping, mainly market gardening or permanent crops</CodeText>
      </CodeTextGrp>
    </Code>
    <Code id="urn:ssb:code:stabas:4220159-4220539" parentCodeId="urn:ssb:code:stabas:4220157-4220537">
      <CodeValue>711</CodeValue>
      <CodeTextGrp>
        <CodeText xml:lang="nn">Blanda husdyrproduksjon, hovudsakleg storfe mjølkeproduksjon</CodeText>
        <CodeText xml:lang="nb">Blandet husdyrproduksjon, hovedsakelig storfe mjølkeproduksjon</CodeText>
        <CodeText xml:lang="en">Mixed livestock, mainly dairying</CodeText>
      </CodeTextGrp>
    </Code>
    <Code id="urn:ssb:code:stabas:4220159-4220541" parentCodeId="urn:ssb:code:stabas:4220157-4220537">
      <CodeValue>712</CodeValue>
      <CodeTextGrp>
        <CodeText xml:lang="nn">Blanda husdyrproduksjon, hovudsakleg andre grovfôretande dyr enn storfe mjølkeproduksjon</CodeText>
        <CodeText xml:lang="nb">Blandet husdyrproduksjon, hovedsakelig andre grovfôretende dyr enn storfe mjølkeproduksjon</CodeText>
        <CodeText xml:lang="en">Mixed livestock, mainly grazing livestock other than dairying</CodeText>
      </CodeTextGrp>
    </Code>
    <Code id="urn:ssb:code:stabas:4220159-4220545" parentCodeId="urn:ssb:code:stabas:4220157-4220543">
      <CodeValue>721</CodeValue>
      <CodeTextGrp>
        <CodeText xml:lang="nn">Blanda husdyrproduksjon, svin/fjørfe og storfe mjølkeproduksjon i kombinasjon</CodeText>
        <CodeText xml:lang="nb">Blandet husdyrproduksjon, svin/fjørfe og storfe mjølkeproduksjon i kombinasjon</CodeText>
        <CodeText xml:lang="en">Mixed livestock</CodeText>
      </CodeTextGrp>
    </Code>
    <Code id="urn:ssb:code:stabas:4220159-4220547" parentCodeId="urn:ssb:code:stabas:4220157-4220543">
      <CodeValue>722</CodeValue>
      <CodeTextGrp>
        <CodeText xml:lang="nn">Blanda husdyrproduksjon, svin/fjørfe og grovfôretande dyr andre enn storfe mjølkeproduksjon i kombinasjon</CodeText>
        <CodeText xml:lang="nb">Blandet husdyrproduksjon, svin/fjørfe og grovfôretende dyr andre enn storfe mjølkeproduksjon i kombinasjon</CodeText>
        <CodeText xml:lang="en">Mixed livestock: granivores and grazing livestock other than dairying combined</CodeText>
      </CodeTextGrp>
    </Code>
    <Code id="urn:ssb:code:stabas:4220159-4220549" parentCodeId="urn:ssb:code:stabas:4220157-4220543">
      <CodeValue>723</CodeValue>
      <CodeTextGrp>
        <CodeText xml:lang="nn">Blanda husdyrproduksjon, svin/fjørfe og ulike grovfôretande dyr i kombinasjon</CodeText>
        <CodeText xml:lang="nb">Blandet husdyrproduksjon, svin/fjørfe og ulike grovfôretende dyr i kombinasjon</CodeText>
        <CodeText xml:lang="en">Mixed livestock: granivores with various livestock</CodeText>
      </CodeTextGrp>
    </Code>
    <Code id="urn:ssb:code:stabas:4220159-4220555" parentCodeId="urn:ssb:code:stabas:4220157-4220553">
      <CodeValue>811</CodeValue>
      <CodeTextGrp>
        <CodeText xml:lang="nn">Jordbruksvekstar kombinert med storfe mjølkeproduksjon</CodeText>
        <CodeText xml:lang="nb">Jordbruksvekster kombinert med storfe mjølkeproduksjon</CodeText>
        <CodeText xml:lang="en">Field crops combined with dairying</CodeText>
      </CodeTextGrp>
    </Code>
    <Code id="urn:ssb:code:stabas:4220159-4220557" parentCodeId="urn:ssb:code:stabas:4220157-4220553">
      <CodeValue>812</CodeValue>
      <CodeTextGrp>
        <CodeText xml:lang="nn">Storfe mjølkeproduksjon kombinert med jordbruksvekstar</CodeText>
        <CodeText xml:lang="nb">Storfe mjølkeproduksjon kombinert med jordbruksvekster</CodeText>
        <CodeText xml:lang="en">Dairying combined with field crops</CodeText>
      </CodeTextGrp>
    </Code>
    <Code id="urn:ssb:code:stabas:4220159-4220559" parentCodeId="urn:ssb:code:stabas:4220157-4220553">
      <CodeValue>813</CodeValue>
      <CodeTextGrp>
        <CodeText xml:lang="nn">Jordbruksvekstar kombinert med andre grovfôretande dyr enn storfe mjølkeproduksjon</CodeText>
        <CodeText xml:lang="nb">Jordbruksvekster kombinert med andre grovfôretende dyr enn storfe mjølkeproduksjon</CodeText>
        <CodeText xml:lang="en">Field crops combined with grazing livestock other than dairying</CodeText>
      </CodeTextGrp>
    </Code>
    <Code id="urn:ssb:code:stabas:4220159-4220561" parentCodeId="urn:ssb:code:stabas:4220157-4220553">
      <CodeValue>814</CodeValue>
      <CodeTextGrp>
        <CodeText xml:lang="nn">Andre grovfôretande dyr enn storfe mjølkeproduksjon kombinert med jordbruksvekstar</CodeText>
        <CodeText xml:lang="nb">Andre grovfôretende dyr enn storfe mjølkeproduksjon kombinert med jordbruks-vekster</CodeText>
        <CodeText xml:lang="en">Grazing livestock other than dairying combined with field crops</CodeText>
      </CodeTextGrp>
    </Code>
    <Code id="urn:ssb:code:stabas:4220159-4220565" parentCodeId="urn:ssb:code:stabas:4220157-4220563">
      <CodeValue>821</CodeValue>
      <CodeTextGrp>
        <CodeText xml:lang="nn">Jordbruksvekstar og svin/fjørfe i kombinasjon</CodeText>
        <CodeText xml:lang="nb">Jordbruksvekster og svin/fjørfe i kombinasjon</CodeText>
        <CodeText xml:lang="en">Field crops and granivores combined</CodeText>
      </CodeTextGrp>
    </Code>
    <Code id="urn:ssb:code:stabas:4220159-4220567" parentCodeId="urn:ssb:code:stabas:4220157-4220563">
      <CodeValue>822</CodeValue>
      <CodeTextGrp>
        <CodeText xml:lang="nn">Fleirårige vekstar og grovfôretande dyr i kombinasjon</CodeText>
        <CodeText xml:lang="nb">Flerårige vekster og grovfôretende dyr i kombinasjon</CodeText>
        <CodeText xml:lang="en">Permanent crops and grazing livestock combined</CodeText>
      </CodeTextGrp>
    </Code>
    <Code id="urn:ssb:code:stabas:4220159-4220569" parentCodeId="urn:ssb:code:stabas:4220157-4220563">
      <CodeValue>823</CodeValue>
      <CodeTextGrp>
        <CodeText xml:lang="nn">Ymse blanda plante- og husdyrproduksjon</CodeText>
        <CodeText xml:lang="nb">Forskjellig blandet plante- og husdyrproduksjon</CodeText>
        <CodeText xml:lang="en">Various mixed crops and livestock</CodeText>
      </CodeTextGrp>
    </Code>
  </Codes>
</Codelist>