<?xml version="1.0" encoding="utf-8"?>
<Codelist xmlns:xsi="http://www.w3.org/2001/XMLSchema-instance" xmlns:xsd="http://www.w3.org/2001/XMLSchema" id="urn:ssb:codelist:stabas:4220904" defaultValidFrom="1999-01-01" lastChangedDate="2006-11-28" parentCodelistId="urn:ssb:codelist:stabas:4220902" isCurrent="true" relationId="urn:ssb:classversion:stabas:4220792" xmlns="http://www.ssb.no/ns/meta/codelist">
  <CodelistMeta>
    <TitleGrp>
      <Title xml:lang="nn">Klassifisering av jordbruksareal etter bruken 1999: Nivå 5</Title>
      <Title xml:lang="nb">Klassifisering av jordbruksareal etter bruken 1999: Nivå 5</Title>
      <Title xml:lang="en">Classification of agricultural area by use 1999: Level 5</Title>
    </TitleGrp>
    <DescriptionGrp>
      <Description xml:lang="nn">Standarden klassifiserer markslaget jordbruksareal (jf. Markslagsklassifikasjon i Økonomisk kartverk) etter faktisk bruk det enkelte år. Det blir først skilt mellom jordbruksareal i drift og jordbruksareal ute av drift. Jordbruksareal i drift er jordbruksareal som blir hausta minst ein gong i løpet av eit år, medrekna planta areal av fleirårige vekstar som ennå ikkje gir avling og areal av eittårig brakk. I jordbruksstatistikken blir ofte berre jordbruksarealet i drift klassifisert.</Description>
      <Description xml:lang="nb">Standarden klassifiserer markslaget jordbruksareal (jf. Markslagsklassifikasjon i Økonomisk kartverk) etter faktisk bruk det enkelte år. Det skilles først mellom jordbruksareal i drift og jordbruksareal ute av drift. Jordbruksareal i drift er jordbruksareal som blir høstet minst en gang i løpet av et år, medregnet plantet areal av flerårige vekster som ennå ikke gir avling og areal av ettårig brakk. I jordbruksstatistikken klassifiseres ofte bare jordbruksarealet i drift.</Description>
      <Description xml:lang="en">The standard classifies agricultural area (cf. the land classification system in the Norwegian general map series) by actual use. Firstly, agricultural area is divided into agricultural area in use and agricultural area not in use. Agricultural area in use is area that is harvested at least once within a year, included area of permanent crops from the year they are planted and fallow land. Usually, only agricultural area in use is further classified.</Description>
    </DescriptionGrp>
    <ContactInformation>
      <Person xmlns="http://www.ssb.no/ns/meta/common">oro</Person>
      <Division xmlns="http://www.ssb.no/ns/meta/common">430</Division>
    </ContactInformation>
    <NoteGrp>
      <Note xml:lang="nn">Hovudtrekka i klassifiseringa har lege fast sidan 1907, men mindre endringar har blitt gjort, helst i samband med dei 10-årlege fullstendige teljingane. F.o.m. 1984 har søknadsskjema for produksjonstilskot i jordbruket vore hovuddatakjelde for den årlege statistikken over bruken av jordbruksarealet i drift, og inndelinga i skjemaet har i praksis vore avgjerande. I 1999 blei søknadsskjemaet betre tilpassa EU si klassifisering. Ei mindre forenkling blei gjort i 2002.</Note>
      <Note xml:lang="nb">Hovedtrekkene i klassifiseringen har ligget fast siden 1907, men mindre endringer har vært foretatt, fortrinnsvis i forbindelse med de 10-årlige fullstendige tellingene. F.o.m. 1984 har søknadsskjema for produksjonstilskudd i jordbruket vært hoveddatakilde for den årlige statistikken over bruken av jordbruksarealet i drift, og inndelingen i skjemaet har i praksis vært bestemmende. I 1999 ble søknadsskjemaet bedre tilpasset EUs klassifisering. En mindre forenkling ble gjort i 2002.</Note>
      <Note xml:lang="en">The main feature of the classification has been stable since 1907. However, minor changes have occurred, preferably in connection with the complete censuses with 10 years interval. As from 1984, the application form for governmental subsidies in agriculture has been the main source for yearly data on agricultural area by use. In 1999, the application form was somewhat changed to better correspond with the EU classification. A minor simplification was done in 2002.</Note>
    </NoteGrp>
  </CodelistMeta>
  <Codes>
    <Code id="urn:ssb:code:stabas:4220904-4220918" parentCodeId="urn:ssb:code:stabas:4220902-4220916">
      <CodeValue>1.1.1.1.1.</CodeValue>
      <CodeTextGrp>
        <CodeText xml:lang="nn">Kveite</CodeText>
        <CodeText xml:lang="nb">Hvete</CodeText>
        <CodeText xml:lang="en">Wheat</CodeText>
      </CodeTextGrp>
    </Code>
    <Code id="urn:ssb:code:stabas:4220904-4220924" parentCodeId="urn:ssb:code:stabas:4220902-4220916">
      <CodeValue>1.1.1.1.2.</CodeValue>
      <CodeTextGrp>
        <CodeText xml:lang="nn">Rug og rugkveite</CodeText>
        <CodeText xml:lang="nb">Rug og rughvete</CodeText>
        <CodeText xml:lang="en">Rye and triticale</CodeText>
      </CodeTextGrp>
    </Code>
    <Code id="urn:ssb:code:stabas:4220904-4220930" parentCodeId="urn:ssb:code:stabas:4220902-4220916">
      <CodeValue>1.1.1.1.3.</CodeValue>
      <CodeTextGrp>
        <CodeText xml:lang="nn">Bygg</CodeText>
        <CodeText xml:lang="nb">Bygg</CodeText>
        <CodeText xml:lang="en">Barley</CodeText>
      </CodeTextGrp>
    </Code>
    <Code id="urn:ssb:code:stabas:4220904-4220932" parentCodeId="urn:ssb:code:stabas:4220902-4220916">
      <CodeValue>1.1.1.1.4.</CodeValue>
      <CodeTextGrp>
        <CodeText xml:lang="nn">Havre</CodeText>
        <CodeText xml:lang="nb">Havre</CodeText>
        <CodeText xml:lang="en">Oats</CodeText>
      </CodeTextGrp>
    </Code>
    <Code id="urn:ssb:code:stabas:4220904-4220934" parentCodeId="urn:ssb:code:stabas:4220902-4220916">
      <CodeValue>1.1.1.1.5.</CodeValue>
      <CodeTextGrp>
        <CodeText xml:lang="nn">Oljevekstar</CodeText>
        <CodeText xml:lang="nb">Oljevekster</CodeText>
        <CodeText xml:lang="en">Oil-seeds</CodeText>
      </CodeTextGrp>
    </Code>
    <Code id="urn:ssb:code:stabas:4220904-4220940" parentCodeId="urn:ssb:code:stabas:4220902-4220938">
      <CodeValue>1.1.1.3.1.</CodeValue>
      <CodeTextGrp>
        <CodeText xml:lang="nn">Erter og bønner til konservesindustri</CodeText>
        <CodeText xml:lang="nb">Erter og bønner til konservesindustri</CodeText>
        <CodeText xml:lang="en">Green peas and beans for processing</CodeText>
      </CodeTextGrp>
    </Code>
    <Code id="urn:ssb:code:stabas:4220904-4220942" parentCodeId="urn:ssb:code:stabas:4220902-4220938">
      <CodeValue>1.1.1.3.2.</CodeValue>
      <CodeTextGrp>
        <CodeText xml:lang="nn">Andre grønsaker, inkl. urter</CodeText>
        <CodeText xml:lang="nb">Andre grønnsaker, inkl. urter</CodeText>
        <CodeText xml:lang="en">Other vegetables, included herbs</CodeText>
      </CodeTextGrp>
    </Code>
    <Code id="urn:ssb:code:stabas:4220904-4220946" parentCodeId="urn:ssb:code:stabas:4220902-4220944">
      <CodeValue>1.1.1.4.1.</CodeValue>
      <CodeTextGrp>
        <CodeText xml:lang="nn">Eple</CodeText>
        <CodeText xml:lang="nb">Epler</CodeText>
        <CodeText xml:lang="en">Apple trees</CodeText>
      </CodeTextGrp>
    </Code>
    <Code id="urn:ssb:code:stabas:4220904-4220948" parentCodeId="urn:ssb:code:stabas:4220902-4220944">
      <CodeValue>1.1.1.4.2.</CodeValue>
      <CodeTextGrp>
        <CodeText xml:lang="nn">Pærer</CodeText>
        <CodeText xml:lang="nb">Pærer</CodeText>
        <CodeText xml:lang="en">Pear trees</CodeText>
      </CodeTextGrp>
    </Code>
    <Code id="urn:ssb:code:stabas:4220904-4220950" parentCodeId="urn:ssb:code:stabas:4220902-4220944">
      <CodeValue>1.1.1.4.3.</CodeValue>
      <CodeTextGrp>
        <CodeText xml:lang="nn">Plommer</CodeText>
        <CodeText xml:lang="nb">Plommer</CodeText>
        <CodeText xml:lang="en">Plum trees</CodeText>
      </CodeTextGrp>
    </Code>
    <Code id="urn:ssb:code:stabas:4220904-4220952" parentCodeId="urn:ssb:code:stabas:4220902-4220944">
      <CodeValue>1.1.1.4.4.</CodeValue>
      <CodeTextGrp>
        <CodeText xml:lang="nn">Morellar og kirsebær</CodeText>
        <CodeText xml:lang="nb">Moreller og kirsebær</CodeText>
        <CodeText xml:lang="en">Cherry trees</CodeText>
      </CodeTextGrp>
    </Code>
    <Code id="urn:ssb:code:stabas:4220904-4220956" parentCodeId="urn:ssb:code:stabas:4220902-4220954">
      <CodeValue>1.1.1.5.1.</CodeValue>
      <CodeTextGrp>
        <CodeText xml:lang="nn">Jordbær</CodeText>
        <CodeText xml:lang="nb">Jordbær</CodeText>
        <CodeText xml:lang="en">Strawberries</CodeText>
      </CodeTextGrp>
    </Code>
    <Code id="urn:ssb:code:stabas:4220904-4220958" parentCodeId="urn:ssb:code:stabas:4220902-4220954">
      <CodeValue>1.1.1.5.2.</CodeValue>
      <CodeTextGrp>
        <CodeText xml:lang="nn">Andre bær</CodeText>
        <CodeText xml:lang="nb">Andre bær</CodeText>
        <CodeText xml:lang="en">Other berries</CodeText>
      </CodeTextGrp>
    </Code>
    <Code id="urn:ssb:code:stabas:4220904-4220962" parentCodeId="urn:ssb:code:stabas:4220902-4220960">
      <CodeValue>1.1.1.6.1.</CodeValue>
      <CodeTextGrp>
        <CodeText xml:lang="nn">Fulldyrka eng til slått og beite</CodeText>
        <CodeText xml:lang="nb">Fulldyrka eng til slått og beite</CodeText>
        <CodeText xml:lang="en">Cultivated meadow</CodeText>
      </CodeTextGrp>
    </Code>
    <Code id="urn:ssb:code:stabas:4220904-4220964" parentCodeId="urn:ssb:code:stabas:4220902-4220960">
      <CodeValue>1.1.1.6.2.</CodeValue>
      <CodeTextGrp>
        <CodeText xml:lang="nn">Andre fôrvekstar</CodeText>
        <CodeText xml:lang="nb">Andre fôrvekster</CodeText>
        <CodeText xml:lang="en">Other coarse fodder crops</CodeText>
      </CodeTextGrp>
    </Code>
    <Code id="urn:ssb:code:stabas:4220904-4220978" parentCodeId="urn:ssb:code:stabas:4220902-4220976">
      <CodeValue>1.1.1.7.1.</CodeValue>
      <CodeTextGrp>
        <CodeText xml:lang="nn">Planteskuleareal og blomsterdyrking på friland</CodeText>
        <CodeText xml:lang="nb">Planteskoleareal og blomsterdyrking på friland</CodeText>
        <CodeText xml:lang="en">Nurseries, field grown flowers</CodeText>
      </CodeTextGrp>
    </Code>
    <Code id="urn:ssb:code:stabas:4220904-4220980" parentCodeId="urn:ssb:code:stabas:4220902-4220976">
      <CodeValue>1.1.1.7.2.</CodeValue>
      <CodeTextGrp>
        <CodeText xml:lang="nn">Engfrø, anna frø, erter og bønner til mogning</CodeText>
        <CodeText xml:lang="nb">Engfrø, annet frø, erter og bønner til modning</CodeText>
        <CodeText xml:lang="en">Meadow seed, other seed and peas and beans for harvest as grain</CodeText>
      </CodeTextGrp>
    </Code>
    <Code id="urn:ssb:code:stabas:4220904-4220982" parentCodeId="urn:ssb:code:stabas:4220902-4220976">
      <CodeValue>1.1.1.7.3.</CodeValue>
      <CodeTextGrp>
        <CodeText xml:lang="nn">Anna areal</CodeText>
        <CodeText xml:lang="nb">Annet areal</CodeText>
        <CodeText xml:lang="en">Other agricultural area in use</CodeText>
      </CodeTextGrp>
    </Code>
    <Code id="urn:ssb:code:stabas:4220904-4220990" parentCodeId="urn:ssb:code:stabas:4220902-4220988">
      <CodeValue>1.1.1.8.1.</CodeValue>
      <CodeTextGrp>
        <CodeText xml:lang="nn">Brakk</CodeText>
        <CodeText xml:lang="nb">Brakk</CodeText>
        <CodeText xml:lang="en">Fallow</CodeText>
      </CodeTextGrp>
    </Code>
    <Code id="urn:ssb:code:stabas:4220904-4220992" parentCodeId="urn:ssb:code:stabas:4220902-4220988">
      <CodeValue>1.1.1.8.2.</CodeValue>
      <CodeTextGrp>
        <CodeText xml:lang="nn">Grøngjødsling</CodeText>
        <CodeText xml:lang="nb">Grønngjødsling</CodeText>
        <CodeText xml:lang="en">Green manure</CodeText>
      </CodeTextGrp>
    </Code>
  </Codes>
</Codelist>