<?xml version="1.0" encoding="utf-8"?>
<Codelist xmlns:xsi="http://www.w3.org/2001/XMLSchema-instance" xmlns:xsd="http://www.w3.org/2001/XMLSchema" id="urn:ssb:codelist:stabas:4221590" defaultValidFrom="1999-01-01" lastChangedDate="2006-11-29" parentCodelistId="urn:ssb:codelist:stabas:4221588" isCurrent="false" relationId="urn:ssb:classversion:stabas:4221584" xmlns="http://www.ssb.no/ns/meta/codelist">
  <CodelistMeta>
    <TitleGrp>
      <Title xml:lang="nn">Variant II - 1999: Nivå 2</Title>
      <Title xml:lang="nb">Variant II - 1999: Nivå 2</Title>
      <Title xml:lang="en">Variant II - 1999: Level 2</Title>
    </TitleGrp>
    <DescriptionGrp>
      <Description xml:lang="nn">Versjonen blir nytta ved publisering av statistikk.</Description>
      <Description xml:lang="nb">Versjonen brukes ved publisering av statistikk.</Description>
      <Description xml:lang="en">This version is applied for presenting statistics.</Description>
    </DescriptionGrp>
    <ContactInformation>
      <Person xmlns="http://www.ssb.no/ns/meta/common">oro</Person>
      <Division xmlns="http://www.ssb.no/ns/meta/common">430</Division>
    </ContactInformation>
    <NoteGrp />
  </CodelistMeta>
  <Codes>
    <Code id="urn:ssb:code:stabas:4221590-4221600" parentCodeId="urn:ssb:code:stabas:4221588-4221598">
      <CodeValue>2.1.</CodeValue>
      <CodeTextGrp>
        <CodeText xml:lang="nn">Kyr</CodeText>
        <CodeText xml:lang="nb">Kyr</CodeText>
        <CodeText xml:lang="en">Cows</CodeText>
      </CodeTextGrp>
    </Code>
    <Code id="urn:ssb:code:stabas:4221590-4221706" parentCodeId="urn:ssb:code:stabas:4221588-4221598">
      <CodeValue>2.2.</CodeValue>
      <CodeTextGrp>
        <CodeText xml:lang="nn">Andre storfe</CodeText>
        <CodeText xml:lang="nb">Øvrige storfe</CodeText>
        <CodeText xml:lang="en">Other cattle</CodeText>
      </CodeTextGrp>
    </Code>
    <Code id="urn:ssb:code:stabas:4221590-4221710" parentCodeId="urn:ssb:code:stabas:4221588-4221708">
      <CodeValue>3.1.</CodeValue>
      <CodeTextGrp>
        <CodeText xml:lang="nn">Sauer 1 år og eldre</CodeText>
        <CodeText xml:lang="nb">Sauer 1 år og eldre</CodeText>
        <CodeText xml:lang="en">Sheep 1 year old and over</CodeText>
      </CodeTextGrp>
    </Code>
    <Code id="urn:ssb:code:stabas:4221590-4221712" parentCodeId="urn:ssb:code:stabas:4221588-4221708">
      <CodeValue>3.2.</CodeValue>
      <CodeTextGrp>
        <CodeText xml:lang="nn">Lam under 1 år</CodeText>
        <CodeText xml:lang="nb">Lam under 1 år</CodeText>
        <CodeText xml:lang="en">Lamb under 1 year old</CodeText>
      </CodeTextGrp>
    </Code>
    <Code id="urn:ssb:code:stabas:4221590-4221716" parentCodeId="urn:ssb:code:stabas:4221588-4221714">
      <CodeValue>4.1.</CodeValue>
      <CodeTextGrp>
        <CodeText xml:lang="nn">Mjølkegeiter</CodeText>
        <CodeText xml:lang="nb">Melkegeiter</CodeText>
        <CodeText xml:lang="en">Dairy goats</CodeText>
      </CodeTextGrp>
    </Code>
    <Code id="urn:ssb:code:stabas:4221590-4221718" parentCodeId="urn:ssb:code:stabas:4221588-4221714">
      <CodeValue>4.2.</CodeValue>
      <CodeTextGrp>
        <CodeText xml:lang="nn">Andre geiter</CodeText>
        <CodeText xml:lang="nb">Øvrige geiter</CodeText>
        <CodeText xml:lang="en">Other goats</CodeText>
      </CodeTextGrp>
    </Code>
    <Code id="urn:ssb:code:stabas:4221590-4221722" parentCodeId="urn:ssb:code:stabas:4221588-4221720">
      <CodeValue>5.1.</CodeValue>
      <CodeTextGrp>
        <CodeText xml:lang="nn">Alssvin</CodeText>
        <CodeText xml:lang="nb">Avlssvin</CodeText>
        <CodeText xml:lang="en">Pigs for breeding</CodeText>
      </CodeTextGrp>
    </Code>
    <Code id="urn:ssb:code:stabas:4221590-4221724" parentCodeId="urn:ssb:code:stabas:4221588-4221720">
      <CodeValue>5.2.</CodeValue>
      <CodeTextGrp>
        <CodeText xml:lang="nn">Andre svin</CodeText>
        <CodeText xml:lang="nb">Øvrige svin</CodeText>
        <CodeText xml:lang="en">Other pigs</CodeText>
      </CodeTextGrp>
    </Code>
    <Code id="urn:ssb:code:stabas:4221590-4221728" parentCodeId="urn:ssb:code:stabas:4221588-4221726">
      <CodeValue>6.1.</CodeValue>
      <CodeTextGrp>
        <CodeText xml:lang="nn">Verpehøner, 20 veker og eldre</CodeText>
        <CodeText xml:lang="nb">Verpehøner, 20 uker og eldre</CodeText>
        <CodeText xml:lang="en">Laying hens 20 weeks old and over</CodeText>
      </CodeTextGrp>
    </Code>
    <Code id="urn:ssb:code:stabas:4221590-4221730" parentCodeId="urn:ssb:code:stabas:4221588-4221726">
      <CodeValue>6.2.</CodeValue>
      <CodeTextGrp>
        <CodeText xml:lang="nn">Slaktekyllingar</CodeText>
        <CodeText xml:lang="nb">Slaktekyllinger</CodeText>
        <CodeText xml:lang="en">Broilers</CodeText>
      </CodeTextGrp>
    </Code>
  </Codes>
</Codelist>