<?xml version="1.0" encoding="utf-8"?>
<Codelist xmlns:xsi="http://www.w3.org/2001/XMLSchema-instance" xmlns:xsd="http://www.w3.org/2001/XMLSchema" id="urn:ssb:codelist:stabas:4221592" defaultValidFrom="1999-01-01" lastChangedDate="2006-11-29" parentCodelistId="urn:ssb:codelist:stabas:4221590" isCurrent="false" relationId="urn:ssb:classversion:stabas:4221584" xmlns="http://www.ssb.no/ns/meta/codelist">
  <CodelistMeta>
    <TitleGrp>
      <Title xml:lang="nn">Variant II - 1999: Nivå 3</Title>
      <Title xml:lang="nb">Variant II - 1999: Nivå 3</Title>
      <Title xml:lang="en">Variant II - 1999: Level 3</Title>
    </TitleGrp>
    <DescriptionGrp>
      <Description xml:lang="nn">Versjonen blir nytta ved publisering av statistikk.</Description>
      <Description xml:lang="nb">Versjonen brukes ved publisering av statistikk.</Description>
      <Description xml:lang="en">This version is applied for presenting statistics.</Description>
    </DescriptionGrp>
    <ContactInformation>
      <Person xmlns="http://www.ssb.no/ns/meta/common">oro</Person>
      <Division xmlns="http://www.ssb.no/ns/meta/common">430</Division>
    </ContactInformation>
    <NoteGrp />
  </CodelistMeta>
  <Codes>
    <Code id="urn:ssb:code:stabas:4221592-4221702" parentCodeId="urn:ssb:code:stabas:4221590-4221600">
      <CodeValue>2.1.1.</CodeValue>
      <CodeTextGrp>
        <CodeText xml:lang="nn">Mjølkekyr</CodeText>
        <CodeText xml:lang="nb">Melkekyr</CodeText>
        <CodeText xml:lang="en">Dairy cows</CodeText>
      </CodeTextGrp>
    </Code>
    <Code id="urn:ssb:code:stabas:4221592-4221704" parentCodeId="urn:ssb:code:stabas:4221590-4221600">
      <CodeValue>2.1.2.</CodeValue>
      <CodeTextGrp>
        <CodeText xml:lang="nn">Ammekyr</CodeText>
        <CodeText xml:lang="nb">Ammekyr</CodeText>
        <CodeText xml:lang="en">Other cows (beef cows)</CodeText>
      </CodeTextGrp>
    </Code>
  </Codes>
</Codelist>