<?xml version="1.0" encoding="utf-8"?>
<Codelist xmlns:xsi="http://www.w3.org/2001/XMLSchema-instance" xmlns:xsd="http://www.w3.org/2001/XMLSchema" id="urn:ssb:codelist:stabas:4221157" defaultValidFrom="1985-01-01" lastChangedDate="2007-03-01" isCurrent="true" relationId="urn:ssb:classversion:stabas:4221153" xmlns="http://www.ssb.no/ns/meta/codelist">
  <CodelistMeta>
    <TitleGrp>
      <Title xml:lang="nn">Markslagsklassifikasjon i Økonomisk kartverk 1985: Nivå 1</Title>
      <Title xml:lang="nb">Markslagsklassifikasjon i Økonomisk kartverk 1985: Nivå 1</Title>
      <Title xml:lang="en">Land classification system in the Norwegian general map series at scale 1:5 000 - 1:10 000 1985: Level 1</Title>
    </TitleGrp>
    <DescriptionGrp>
      <Description xml:lang="nn">Markslagsklassifikasjonen i Økonomisk kartverk klassifiserer vel halve landarealet med formål å få betre kjennskap til ressursane for plantedyrking og naturleg planteproduksjon, særleg med tanke på jordbruk og skogbruk. Areala klassifiserast på grunnlag av arealtilstand og ikkje faktisk bruk. Klassifikasjonen omfattar kriterium for jordeigenskapar, topografi, skogbonitet, treslag, naturleg vegetasjon osv. Utmark blir bonitert med tanke på skogproduksjon og kvalitet for oppdyrking.</Description>
      <Description xml:lang="nb">Markslagsklassifikasjonen i Økonomisk kartverk klassifiserer vel halvparten av landarealet med hovedvekt på egenskaper for plantedyrking og naturlig planteproduksjon, med tanke på jordbruk og skogbruk. Arealene klassifiseres på grunnlag av arealtilstand og ikke faktisk bruk. Klassifikasjonen omfatter kriterier for jordegenskaper, topografi, skogbonitet, treslag, naturlig vegetasjon m.m. Utmark blir bonitert med tanke på skogproduksjon og kvalitet for oppdyrking.</Description>
      <Description xml:lang="en">The Norwegian general map series at scale 1:5 000 - 1: 10 000 cover some more than 50 per cent of the land area. Areas covered by this map system are classified with focus on suitability for cultivating crops and natural plant production capacity, intended for agricultural or forestry use. The areas are classified according to area status and not actual use. The classification comprises criteria regarding soil parameters, topography, production capacity of forestland, forest tree species, natural vegetation etc. Outfield areas area assessed regarding capacity for forest production and suitability for land reclamation.</Description>
    </DescriptionGrp>
    <ContactInformation>
      <Person xmlns="http://www.ssb.no/ns/meta/common">oro</Person>
      <Division xmlns="http://www.ssb.no/ns/meta/common">430</Division>
    </ContactInformation>
    <NoteGrp>
      <Note xml:lang="nn">Ca. 1985 ble nytt boniteringssystem for skog innført; H40-systemet.</Note>
      <Note xml:lang="nb">Ca. 1985 ble nytt boniteringssystem for skog innført; H40-systemet.</Note>
      <Note xml:lang="en">A new system for measuring production capacity of forest areas was introduced in 1985</Note>
    </NoteGrp>
  </CodelistMeta>
  <Codes>
    <Code id="urn:ssb:code:stabas:4221157-4221163">
      <CodeValue>1</CodeValue>
      <CodeTextGrp>
        <CodeText xml:lang="nn">Jordbruksareal</CodeText>
        <CodeText xml:lang="nb">Jordbruksareal</CodeText>
        <CodeText xml:lang="en">Agricultural area</CodeText>
      </CodeTextGrp>
    </Code>
    <Code id="urn:ssb:code:stabas:4221157-4221171">
      <CodeValue>2</CodeValue>
      <CodeTextGrp>
        <CodeText xml:lang="nn">Skogareal</CodeText>
        <CodeText xml:lang="nb">Skogareal</CodeText>
        <CodeText xml:lang="en">Forest area</CodeText>
      </CodeTextGrp>
    </Code>
    <Code id="urn:ssb:code:stabas:4221157-4221179">
      <CodeValue>3</CodeValue>
      <CodeTextGrp>
        <CodeText xml:lang="nn">Anna areal</CodeText>
        <CodeText xml:lang="nb">Annet areal</CodeText>
        <CodeText xml:lang="en">Other area</CodeText>
      </CodeTextGrp>
    </Code>
  </Codes>
</Codelist>