<?xml version="1.0" encoding="utf-8"?>
<Codelist xmlns:xsi="http://www.w3.org/2001/XMLSchema-instance" xmlns:xsd="http://www.w3.org/2001/XMLSchema" id="urn:ssb:codelist:stabas:4221522" defaultValidFrom="1999-01-01" lastChangedDate="2006-11-29" parentCodelistId="urn:ssb:codelist:stabas:4221520" isCurrent="false" relationId="urn:ssb:classversion:stabas:4221514" xmlns="http://www.ssb.no/ns/meta/codelist">
  <CodelistMeta>
    <TitleGrp>
      <Title xml:lang="nn">Variant I - 1999: Nivå 3</Title>
      <Title xml:lang="nb">Variant I - 1999: Nivå 3</Title>
      <Title xml:lang="en">Variant I - 1999: Level 3</Title>
    </TitleGrp>
    <DescriptionGrp>
      <Description xml:lang="nn">Versjonen blir nytta ved publisering av statistikk.</Description>
      <Description xml:lang="nb">Versjonen brukes ved publisering av statistikk.</Description>
      <Description xml:lang="en">This version is applied for presenting statistics.</Description>
    </DescriptionGrp>
    <ContactInformation>
      <Person xmlns="http://www.ssb.no/ns/meta/common">oro</Person>
      <Division xmlns="http://www.ssb.no/ns/meta/common">430</Division>
    </ContactInformation>
    <NoteGrp />
  </CodelistMeta>
  <Codes>
    <Code id="urn:ssb:code:stabas:4221522-4221532" parentCodeId="urn:ssb:code:stabas:4221520-4221530">
      <CodeValue>2.1.1.</CodeValue>
      <CodeTextGrp>
        <CodeText xml:lang="nn">Mjølkekyr</CodeText>
        <CodeText xml:lang="nb">Melkekyr</CodeText>
        <CodeText xml:lang="en">Dairy cows</CodeText>
      </CodeTextGrp>
    </Code>
    <Code id="urn:ssb:code:stabas:4221522-4221534" parentCodeId="urn:ssb:code:stabas:4221520-4221530">
      <CodeValue>2.1.2.</CodeValue>
      <CodeTextGrp>
        <CodeText xml:lang="nn">Ammekyr</CodeText>
        <CodeText xml:lang="nb">Ammekyr</CodeText>
        <CodeText xml:lang="en">Other cows (beef cows)</CodeText>
      </CodeTextGrp>
    </Code>
    <Code id="urn:ssb:code:stabas:4221522-4221538" parentCodeId="urn:ssb:code:stabas:4221520-4221536">
      <CodeValue>2.2.1.</CodeValue>
      <CodeTextGrp>
        <CodeText xml:lang="nn">Storfe over 1 år</CodeText>
        <CodeText xml:lang="nb">Storfe over 1 år</CodeText>
        <CodeText xml:lang="en">Cattle over 1 year old</CodeText>
      </CodeTextGrp>
    </Code>
    <Code id="urn:ssb:code:stabas:4221522-4221544" parentCodeId="urn:ssb:code:stabas:4221520-4221536">
      <CodeValue>2.2.2.</CodeValue>
      <CodeTextGrp>
        <CodeText xml:lang="nn">Storfe 1 år og yngre</CodeText>
        <CodeText xml:lang="nb">Storfe 1 år og yngre</CodeText>
        <CodeText xml:lang="en">Cattle 1 year old and under</CodeText>
      </CodeTextGrp>
    </Code>
    <Code id="urn:ssb:code:stabas:4221522-4221566" parentCodeId="urn:ssb:code:stabas:4221520-4221564">
      <CodeValue>5.1.1.</CodeValue>
      <CodeTextGrp>
        <CodeText xml:lang="nn">Alspurker</CodeText>
        <CodeText xml:lang="nb">Avlspurker</CodeText>
        <CodeText xml:lang="en">Sows for breeding</CodeText>
      </CodeTextGrp>
    </Code>
    <Code id="urn:ssb:code:stabas:4221522-4221568" parentCodeId="urn:ssb:code:stabas:4221520-4221564">
      <CodeValue>5.1.2.</CodeValue>
      <CodeTextGrp>
        <CodeText xml:lang="nn">Alsrånar</CodeText>
        <CodeText xml:lang="nb">Avlsråner</CodeText>
        <CodeText xml:lang="en">Boars for breeding</CodeText>
      </CodeTextGrp>
    </Code>
    <Code id="urn:ssb:code:stabas:4221522-4221572" parentCodeId="urn:ssb:code:stabas:4221520-4221570">
      <CodeValue>5.2.1.</CodeValue>
      <CodeTextGrp>
        <CodeText xml:lang="nn">Slaktegrisar levande vekt minst 20 kg. Grisar påsett til alsdyr, levande vekt 20 - 50 kg</CodeText>
        <CodeText xml:lang="nb">Slaktegriser levende vekt minst 20 kg. Griser påsatt til avlsdyr, levende vekt 20 - 50 kg</CodeText>
        <CodeText xml:lang="en">Fattening pigs weighting at least 20 kg. Pigs intended for breeding, weighting 20 - 50 kg</CodeText>
      </CodeTextGrp>
    </Code>
    <Code id="urn:ssb:code:stabas:4221522-4221574" parentCodeId="urn:ssb:code:stabas:4221520-4221570">
      <CodeValue>5.2.2.</CodeValue>
      <CodeTextGrp>
        <CodeText xml:lang="nn">Smågrisar, levande vekt under 20 kg/alder inntil 8 veker</CodeText>
        <CodeText xml:lang="nb">Smågriser, levende vekt under 20 kg/alder inntil 8 uker</CodeText>
        <CodeText xml:lang="en">Piglets weighting under 20 kg/not older than about 8 weeks</CodeText>
      </CodeTextGrp>
    </Code>
  </Codes>
</Codelist>