<?xml version="1.0" encoding="utf-8"?>
<Codelist xmlns:xsi="http://www.w3.org/2001/XMLSchema-instance" xmlns:xsd="http://www.w3.org/2001/XMLSchema" id="urn:ssb:codelist:stabas:4221518" defaultValidFrom="1999-01-01" lastChangedDate="2006-11-29" isCurrent="false" relationId="urn:ssb:classversion:stabas:4221514" xmlns="http://www.ssb.no/ns/meta/codelist">
  <CodelistMeta>
    <TitleGrp>
      <Title xml:lang="nn">Variant I - 1999: Nivå 1</Title>
      <Title xml:lang="nb">Variant I - 1999: Nivå 1</Title>
      <Title xml:lang="en">Variant I - 1999: Level 1</Title>
    </TitleGrp>
    <DescriptionGrp>
      <Description xml:lang="nn">Versjonen blir nytta ved publisering av statistikk.</Description>
      <Description xml:lang="nb">Versjonen brukes ved publisering av statistikk.</Description>
      <Description xml:lang="en">This version is applied for presenting statistics.</Description>
    </DescriptionGrp>
    <ContactInformation>
      <Person xmlns="http://www.ssb.no/ns/meta/common">oro</Person>
      <Division xmlns="http://www.ssb.no/ns/meta/common">430</Division>
    </ContactInformation>
    <NoteGrp />
  </CodelistMeta>
  <Codes>
    <Code id="urn:ssb:code:stabas:4221518-4221526">
      <CodeValue>1.</CodeValue>
      <CodeTextGrp>
        <CodeText xml:lang="nn">Hestar</CodeText>
        <CodeText xml:lang="nb">Hester</CodeText>
        <CodeText xml:lang="en">Horses</CodeText>
      </CodeTextGrp>
    </Code>
    <Code id="urn:ssb:code:stabas:4221518-4221528">
      <CodeValue>2.</CodeValue>
      <CodeTextGrp>
        <CodeText xml:lang="nn">Storfe</CodeText>
        <CodeText xml:lang="nb">Storfe</CodeText>
        <CodeText xml:lang="en">Cattle</CodeText>
      </CodeTextGrp>
    </Code>
    <Code id="urn:ssb:code:stabas:4221518-4221550">
      <CodeValue>3.</CodeValue>
      <CodeTextGrp>
        <CodeText xml:lang="nn">Sauer</CodeText>
        <CodeText xml:lang="nb">Sauer</CodeText>
        <CodeText xml:lang="en">Sheep</CodeText>
      </CodeTextGrp>
    </Code>
    <Code id="urn:ssb:code:stabas:4221518-4221556">
      <CodeValue>4.</CodeValue>
      <CodeTextGrp>
        <CodeText xml:lang="nn">Geiter</CodeText>
        <CodeText xml:lang="nb">Geiter</CodeText>
        <CodeText xml:lang="en">Goats</CodeText>
      </CodeTextGrp>
    </Code>
    <Code id="urn:ssb:code:stabas:4221518-4221562">
      <CodeValue>5.</CodeValue>
      <CodeTextGrp>
        <CodeText xml:lang="nn">Svin</CodeText>
        <CodeText xml:lang="nb">Svin</CodeText>
        <CodeText xml:lang="en">Pigs</CodeText>
      </CodeTextGrp>
    </Code>
    <Code id="urn:ssb:code:stabas:4221518-4221576">
      <CodeValue>6.</CodeValue>
      <CodeTextGrp>
        <CodeText xml:lang="nn">Fjørfe</CodeText>
        <CodeText xml:lang="nb">Fjørfe</CodeText>
        <CodeText xml:lang="en">Poultry</CodeText>
      </CodeTextGrp>
    </Code>
  </Codes>
</Codelist>