<?xml version="1.0" encoding="utf-8"?>
<Codelist xmlns:xsi="http://www.w3.org/2001/XMLSchema-instance" xmlns:xsd="http://www.w3.org/2001/XMLSchema" id="urn:ssb:codelist:stabas:4221524" defaultValidFrom="1999-01-01" lastChangedDate="2006-11-29" parentCodelistId="urn:ssb:codelist:stabas:4221522" isCurrent="false" relationId="urn:ssb:classversion:stabas:4221514" xmlns="http://www.ssb.no/ns/meta/codelist">
  <CodelistMeta>
    <TitleGrp>
      <Title xml:lang="nn">Variant I - 1999: Nivå 4</Title>
      <Title xml:lang="nb">Variant I - 1999: Nivå 4</Title>
      <Title xml:lang="en">Variant I - 1999: Level 4</Title>
    </TitleGrp>
    <DescriptionGrp>
      <Description xml:lang="nn">Versjonen blir nytta ved publisering av statistikk.</Description>
      <Description xml:lang="nb">Versjonen brukes ved publisering av statistikk.</Description>
      <Description xml:lang="en">This version is applied for presenting statistics.</Description>
    </DescriptionGrp>
    <ContactInformation>
      <Person xmlns="http://www.ssb.no/ns/meta/common">oro</Person>
      <Division xmlns="http://www.ssb.no/ns/meta/common">430</Division>
    </ContactInformation>
    <NoteGrp />
  </CodelistMeta>
  <Codes>
    <Code id="urn:ssb:code:stabas:4221524-4221540" parentCodeId="urn:ssb:code:stabas:4221522-4221538">
      <CodeValue>2.2.1.1.</CodeValue>
      <CodeTextGrp>
        <CodeText xml:lang="nn">Kviger over 1 år</CodeText>
        <CodeText xml:lang="nb">Kviger over 1 år</CodeText>
        <CodeText xml:lang="en">Females over 1 year old</CodeText>
      </CodeTextGrp>
    </Code>
    <Code id="urn:ssb:code:stabas:4221524-4221542" parentCodeId="urn:ssb:code:stabas:4221522-4221538">
      <CodeValue>2.2.1.2.</CodeValue>
      <CodeTextGrp>
        <CodeText xml:lang="nn">Oksar over 1 år</CodeText>
        <CodeText xml:lang="nb">Okser over 1 år</CodeText>
        <CodeText xml:lang="en">Males over 1 year old</CodeText>
      </CodeTextGrp>
    </Code>
    <Code id="urn:ssb:code:stabas:4221524-4221546" parentCodeId="urn:ssb:code:stabas:4221522-4221544">
      <CodeValue>2.2.2.1.</CodeValue>
      <CodeTextGrp>
        <CodeText xml:lang="nn">Kviger 1 år og yngre</CodeText>
        <CodeText xml:lang="nb">Kviger 1 år og yngre</CodeText>
        <CodeText xml:lang="en">Females 1 year old and under</CodeText>
      </CodeTextGrp>
    </Code>
    <Code id="urn:ssb:code:stabas:4221524-4221548" parentCodeId="urn:ssb:code:stabas:4221522-4221544">
      <CodeValue>2.2.2.2.</CodeValue>
      <CodeTextGrp>
        <CodeText xml:lang="nn">Oksar 1 år og yngre</CodeText>
        <CodeText xml:lang="nb">Okser 1 år og yngre</CodeText>
        <CodeText xml:lang="en">Males 1 year old and under</CodeText>
      </CodeTextGrp>
    </Code>
  </Codes>
</Codelist>