<?xml version="1.0" encoding="utf-8"?>
<Codelist xmlns:xsi="http://www.w3.org/2001/XMLSchema-instance" xmlns:xsd="http://www.w3.org/2001/XMLSchema" id="urn:ssb:codelist:stabas:4221159" defaultValidFrom="1985-01-01" lastChangedDate="2007-03-01" parentCodelistId="urn:ssb:codelist:stabas:4221157" isCurrent="true" relationId="urn:ssb:classversion:stabas:4221153" xmlns="http://www.ssb.no/ns/meta/codelist">
  <CodelistMeta>
    <TitleGrp>
      <Title xml:lang="nn">Markslagsklassifikasjon i Økonomisk kartverk 1985: Nivå 2</Title>
      <Title xml:lang="nb">Markslagsklassifikasjon i Økonomisk kartverk 1985: Nivå 2</Title>
      <Title xml:lang="en">Land classification system in the Norwegian general map series at scale 1:5 000 - 1:10 000 1985: Level 2</Title>
    </TitleGrp>
    <DescriptionGrp>
      <Description xml:lang="nn">Markslagsklassifikasjonen i Økonomisk kartverk klassifiserer vel halve landarealet med formål å få betre kjennskap til ressursane for plantedyrking og naturleg planteproduksjon, særleg med tanke på jordbruk og skogbruk. Areala klassifiserast på grunnlag av arealtilstand og ikkje faktisk bruk. Klassifikasjonen omfattar kriterium for jordeigenskapar, topografi, skogbonitet, treslag, naturleg vegetasjon osv. Utmark blir bonitert med tanke på skogproduksjon og kvalitet for oppdyrking.</Description>
      <Description xml:lang="nb">Markslagsklassifikasjonen i Økonomisk kartverk klassifiserer vel halvparten av landarealet med hovedvekt på egenskaper for plantedyrking og naturlig planteproduksjon, med tanke på jordbruk og skogbruk. Arealene klassifiseres på grunnlag av arealtilstand og ikke faktisk bruk. Klassifikasjonen omfatter kriterier for jordegenskaper, topografi, skogbonitet, treslag, naturlig vegetasjon m.m. Utmark blir bonitert med tanke på skogproduksjon og kvalitet for oppdyrking.</Description>
      <Description xml:lang="en">The Norwegian general map series at scale 1:5 000 - 1: 10 000 cover some more than 50 per cent of the land area. Areas covered by this map system are classified with focus on suitability for cultivating crops and natural plant production capacity, intended for agricultural or forestry use. The areas are classified according to area status and not actual use. The classification comprises criteria regarding soil parameters, topography, production capacity of forestland, forest tree species, natural vegetation etc. Outfield areas area assessed regarding capacity for forest production and suitability for land reclamation.</Description>
    </DescriptionGrp>
    <ContactInformation>
      <Person xmlns="http://www.ssb.no/ns/meta/common">oro</Person>
      <Division xmlns="http://www.ssb.no/ns/meta/common">430</Division>
    </ContactInformation>
    <NoteGrp>
      <Note xml:lang="nn">Ca. 1985 ble nytt boniteringssystem for skog innført; H40-systemet.</Note>
      <Note xml:lang="nb">Ca. 1985 ble nytt boniteringssystem for skog innført; H40-systemet.</Note>
      <Note xml:lang="en">A new system for measuring production capacity of forest areas was introduced in 1985</Note>
    </NoteGrp>
  </CodelistMeta>
  <Codes>
    <Code id="urn:ssb:code:stabas:4221159-4221165" parentCodeId="urn:ssb:code:stabas:4221157-4221163">
      <CodeValue>11</CodeValue>
      <CodeTextGrp>
        <CodeText xml:lang="nn">Fulldyrka jordbruksareal</CodeText>
        <CodeText xml:lang="nb">Fulldyrka jordbruksareal</CodeText>
        <CodeText xml:lang="en">Fully cultivated land</CodeText>
      </CodeTextGrp>
    </Code>
    <Code id="urn:ssb:code:stabas:4221159-4221167" parentCodeId="urn:ssb:code:stabas:4221157-4221163">
      <CodeValue>12</CodeValue>
      <CodeTextGrp>
        <CodeText xml:lang="nn">Overflatedyrka jordbruksareal</CodeText>
        <CodeText xml:lang="nb">Overflatedyrka jordbruksareal</CodeText>
        <CodeText xml:lang="en">Surface cultivated land</CodeText>
      </CodeTextGrp>
    </Code>
    <Code id="urn:ssb:code:stabas:4221159-4221169" parentCodeId="urn:ssb:code:stabas:4221157-4221163">
      <CodeValue>13</CodeValue>
      <CodeTextGrp>
        <CodeText xml:lang="nn">Innmarksbeite</CodeText>
        <CodeText xml:lang="nb">Innmarksbeite</CodeText>
        <CodeText xml:lang="en">Infield pasture</CodeText>
      </CodeTextGrp>
    </Code>
    <Code id="urn:ssb:code:stabas:4221159-4221173" parentCodeId="urn:ssb:code:stabas:4221157-4221171">
      <CodeValue>21</CodeValue>
      <CodeTextGrp>
        <CodeText xml:lang="nn">Barskog</CodeText>
        <CodeText xml:lang="nb">Barskog</CodeText>
        <CodeText xml:lang="en">Coniferous forest</CodeText>
      </CodeTextGrp>
    </Code>
    <Code id="urn:ssb:code:stabas:4221159-4221175" parentCodeId="urn:ssb:code:stabas:4221157-4221171">
      <CodeValue>22</CodeValue>
      <CodeTextGrp>
        <CodeText xml:lang="nn">Blandingsskog</CodeText>
        <CodeText xml:lang="nb">Blandingsskog</CodeText>
        <CodeText xml:lang="en">Mixed forest</CodeText>
      </CodeTextGrp>
    </Code>
    <Code id="urn:ssb:code:stabas:4221159-4221177" parentCodeId="urn:ssb:code:stabas:4221157-4221171">
      <CodeValue>23</CodeValue>
      <CodeTextGrp>
        <CodeText xml:lang="nn">Lauvskog</CodeText>
        <CodeText xml:lang="nb">Lauvskog</CodeText>
        <CodeText xml:lang="en">Deciduous forest</CodeText>
      </CodeTextGrp>
    </Code>
    <Code id="urn:ssb:code:stabas:4221159-4221181" parentCodeId="urn:ssb:code:stabas:4221157-4221179">
      <CodeValue>31</CodeValue>
      <CodeTextGrp>
        <CodeText xml:lang="nn">Myr og torvmark</CodeText>
        <CodeText xml:lang="nb">Myr og torvmark</CodeText>
        <CodeText xml:lang="en">Marshland and peat bogs</CodeText>
      </CodeTextGrp>
    </Code>
    <Code id="urn:ssb:code:stabas:4221159-4221183" parentCodeId="urn:ssb:code:stabas:4221157-4221179">
      <CodeValue>32</CodeValue>
      <CodeTextGrp>
        <CodeText xml:lang="nn">Anna jorddekt fastmark</CodeText>
        <CodeText xml:lang="nb">Annen jorddekt fastmark</CodeText>
        <CodeText xml:lang="en">Other soil covered area</CodeText>
      </CodeTextGrp>
    </Code>
    <Code id="urn:ssb:code:stabas:4221159-4221185" parentCodeId="urn:ssb:code:stabas:4221157-4221179">
      <CodeValue>33</CodeValue>
      <CodeTextGrp>
        <CodeText xml:lang="nn">Grunnlendt mark</CodeText>
        <CodeText xml:lang="nb">Grunnlendt mark</CodeText>
        <CodeText xml:lang="en">Shallow top soil</CodeText>
      </CodeTextGrp>
    </Code>
    <Code id="urn:ssb:code:stabas:4221159-4221187" parentCodeId="urn:ssb:code:stabas:4221157-4221179">
      <CodeValue>34</CodeValue>
      <CodeTextGrp>
        <CodeText xml:lang="nn">Fjell i dagen</CodeText>
        <CodeText xml:lang="nb">Fjell i dagen</CodeText>
        <CodeText xml:lang="en">Outcrop</CodeText>
      </CodeTextGrp>
    </Code>
    <Code id="urn:ssb:code:stabas:4221159-4221189" parentCodeId="urn:ssb:code:stabas:4221157-4221179">
      <CodeValue>35</CodeValue>
      <CodeTextGrp>
        <CodeText xml:lang="nn">Blokkdekt mark</CodeText>
        <CodeText xml:lang="nb">Blokkdekt mark</CodeText>
        <CodeText xml:lang="en">Boulder field</CodeText>
      </CodeTextGrp>
    </Code>
    <Code id="urn:ssb:code:stabas:4221159-4221191" parentCodeId="urn:ssb:code:stabas:4221157-4221179">
      <CodeValue>36</CodeValue>
      <CodeTextGrp>
        <CodeText xml:lang="nn">Andre arealkategoriar</CodeText>
        <CodeText xml:lang="nb">Andre arealkategorier</CodeText>
        <CodeText xml:lang="en">Other land</CodeText>
      </CodeTextGrp>
    </Code>
  </Codes>
</Codelist>