<?xml version="1.0" encoding="utf-8"?>
<Codelist xmlns:xsi="http://www.w3.org/2001/XMLSchema-instance" xmlns:xsd="http://www.w3.org/2001/XMLSchema" id="urn:ssb:codelist:stabas:4221302" defaultValidFrom="1999-01-01" lastChangedDate="2006-11-29" isCurrent="true" relationId="urn:ssb:classversion:stabas:4221198" xmlns="http://www.ssb.no/ns/meta/codelist">
  <CodelistMeta>
    <TitleGrp>
      <Title xml:lang="nn">Klassifisering av husdyr 1999: Nivå 1</Title>
      <Title xml:lang="nb">Klassifisering av husdyr 1999: Nivå 1</Title>
      <Title xml:lang="en">Classification of livestock 1999: Level 1</Title>
    </TitleGrp>
    <DescriptionGrp>
      <Description xml:lang="nn">Standarden klassifiserer husdyra etter kjennemerke som slekt, art/slag, alder, kjønn og bruk. Tal husdyr av ulike kategoriar refererer til vanleg til ein gitt dato (teljings-/registreringsdato).</Description>
      <Description xml:lang="nb">Standarden klassifiserer husdyrene etter kriterier som slekt, art/slag, alder, kjønn og bruk. Antall husdyr av ulike kategorier refererer vanligvis til en gitt dato (tellings-/registreringsdato).</Description>
      <Description xml:lang="en">The standard classifies livestock according to criteria as genera, species, sex, age and use. Usually, the number of livestock refers to an enumeration/reference date.</Description>
    </DescriptionGrp>
    <ContactInformation>
      <Person xmlns="http://www.ssb.no/ns/meta/common">oro</Person>
      <Division xmlns="http://www.ssb.no/ns/meta/common">430</Division>
    </ContactInformation>
    <NoteGrp>
      <Note xml:lang="nn">Hovudtrekka i klassifiseringa har lege fast sidan 1907, men ein del endringar har blitt gjort, helst i samband med dei 10-årlege fullstendige teljingane. F.o.m. 1984 har søknadsskjema for produksjonstilskot i jordbruket vore hovuddatakjelde for den årlege statistikken over tal husdyr, og inndelinga i skjemaet har i praksis vore avgjerande. I 1999 blei søknadsskjemaet betre tilpassa EU si klassifisering. Ei forenkling av søknadsskjemaet blei gjort i 2002.</Note>
      <Note xml:lang="nb">Hovedtrekkene i klassifiseringen har ligget fast siden 1907, men en del endringer har vært foretatt, fortrinnsvis i forbindelse med de 10-årlige fullstendige tellingene. F.o.m. 1984 har søknadsskjema for produksjonstilskudd i jordbruket vært hoveddatakilde for den årlige statistikken over husdyrholdet, og inndelingen i skjemaet har i praksis vært bestemmende. I 1999 ble søknadsskjemaet bedre tilpasset EUs klassifisering. En forenkling av søknadsskjemaet ble gjort i 2002.</Note>
      <Note xml:lang="en">The main feature of the classification has been stable since 1907. However, some changes have occurred, preferably in connection with the complete censuses with 10 years interval. As from 1984, the application form for governmental subsidies in agriculture has been the main source for yearly data on livestock. In 1999, the application form was somewhat changed to better correspond with the EU classification. A simplification of the form was done in 2002.</Note>
    </NoteGrp>
  </CodelistMeta>
  <Codes>
    <Code id="urn:ssb:code:stabas:4221302-4221312">
      <CodeValue>1.</CodeValue>
      <CodeTextGrp>
        <CodeText xml:lang="nn">Hestar</CodeText>
        <CodeText xml:lang="nb">Hester</CodeText>
        <CodeText xml:lang="en">Horses</CodeText>
      </CodeTextGrp>
    </Code>
    <Code id="urn:ssb:code:stabas:4221302-4221314">
      <CodeValue>2.</CodeValue>
      <CodeTextGrp>
        <CodeText xml:lang="nn">Storfe</CodeText>
        <CodeText xml:lang="nb">Storfe</CodeText>
        <CodeText xml:lang="en">Cattle</CodeText>
      </CodeTextGrp>
    </Code>
    <Code id="urn:ssb:code:stabas:4221302-4221344">
      <CodeValue>3.</CodeValue>
      <CodeTextGrp>
        <CodeText xml:lang="nn">Sauer</CodeText>
        <CodeText xml:lang="nb">Sauer</CodeText>
        <CodeText xml:lang="en">Sheep</CodeText>
      </CodeTextGrp>
    </Code>
    <Code id="urn:ssb:code:stabas:4221302-4221354">
      <CodeValue>4.</CodeValue>
      <CodeTextGrp>
        <CodeText xml:lang="nn">Geiter</CodeText>
        <CodeText xml:lang="nb">Geiter</CodeText>
        <CodeText xml:lang="en">Goats</CodeText>
      </CodeTextGrp>
    </Code>
    <Code id="urn:ssb:code:stabas:4221302-4221364">
      <CodeValue>5.</CodeValue>
      <CodeTextGrp>
        <CodeText xml:lang="nn">Svin</CodeText>
        <CodeText xml:lang="nb">Svin</CodeText>
        <CodeText xml:lang="en">Pigs</CodeText>
      </CodeTextGrp>
    </Code>
    <Code id="urn:ssb:code:stabas:4221302-4221386">
      <CodeValue>6.</CodeValue>
      <CodeTextGrp>
        <CodeText xml:lang="nn">Fjørfe</CodeText>
        <CodeText xml:lang="nb">Fjørfe</CodeText>
        <CodeText xml:lang="en">Poultry</CodeText>
      </CodeTextGrp>
    </Code>
    <Code id="urn:ssb:code:stabas:4221302-4221398">
      <CodeValue>7.</CodeValue>
      <CodeTextGrp>
        <CodeText xml:lang="nn">Kaninar, hodyr som har hatt minst 1 kull</CodeText>
        <CodeText xml:lang="nb">Kaniner, hunndyr som har hatt minst 1 kull</CodeText>
        <CodeText xml:lang="en">Rabbits, females which have littered</CodeText>
      </CodeTextGrp>
    </Code>
    <Code id="urn:ssb:code:stabas:4221302-4221400">
      <CodeValue>8.</CodeValue>
      <CodeTextGrp>
        <CodeText xml:lang="nn">Pelsdyr</CodeText>
        <CodeText xml:lang="nb">Pelsdyr</CodeText>
        <CodeText xml:lang="en">Fur bearing animals</CodeText>
      </CodeTextGrp>
    </Code>
    <Code id="urn:ssb:code:stabas:4221302-4221506">
      <CodeValue>9.</CodeValue>
      <CodeTextGrp>
        <CodeText xml:lang="nn">Andre grovfôrdyr</CodeText>
        <CodeText xml:lang="nb">Andre grovfôrdyr</CodeText>
        <CodeText xml:lang="en">Other coarse fodder animals</CodeText>
      </CodeTextGrp>
    </Code>
  </Codes>
</Codelist>