<?xml version="1.0" encoding="utf-8"?>
<Codelist xmlns:xsi="http://www.w3.org/2001/XMLSchema-instance" xmlns:xsd="http://www.w3.org/2001/XMLSchema" id="urn:ssb:codelist:stabas:4222308" defaultValidFrom="2000-01-01" lastChangedDate="2013-01-25" parentCodelistId="urn:ssb:codelist:stabas:4222306" isCurrent="true" relationId="urn:ssb:classversion:stabas:4222302" xmlns="http://www.ssb.no/ns/meta/codelist">
  <CodelistMeta>
    <TitleGrp>
      <Title xml:lang="nn">Bygningstype 2000: Nivå 2</Title>
      <Title xml:lang="nb">Bygningstype 2000: Nivå 2</Title>
      <Title xml:lang="en">Type of building 2000: Level 2</Title>
    </TitleGrp>
    <DescriptionGrp>
      <Description xml:lang="nn">Standarden viser inndeling av bygningar etter kva slags funksjon bygningen 			skal ha. Kombinerte bygningar, til dømes kombinerte bustad- og 				forretningsbygningar o.a. er gruppert etter den funksjonen som har størst del 			av bruksarealet i bygningen.</Description>
      <Description xml:lang="nb">Standarden viser inndeling av bygninger etter hva slags funksjon bygningen 			skal ha. Kombinerte bygninger, for eksempel kombinerte bolig- og 				forretningsbygninger, lager- og produksjonsbygninger o.a. er gruppert etter 			den funksjonen som har størst del av bruksarealet i bygningen</Description>
      <Description xml:lang="en">The standard classifies buildings according to the function of the building. 			Combined buildings, for instance combined dwelling and business buildings 			and storage and production buildings, are grouped by the function that 				occupies the main part of the utility floor space.</Description>
    </DescriptionGrp>
    <ContactInformation>
      <Person xmlns="http://www.ssb.no/ns/meta/common">job</Person>
      <Division xmlns="http://www.ssb.no/ns/meta/common">460</Division>
    </ContactInformation>
    <NoteGrp>
      <Note xml:lang="nn">Ikkje relevant</Note>
      <Note xml:lang="nb">Ikke relevant</Note>
      <Note xml:lang="en">Not relevant</Note>
    </NoteGrp>
  </CodelistMeta>
  <Codes>
    <Code id="urn:ssb:code:stabas:4222308-4222314" parentCodeId="urn:ssb:code:stabas:4222306-4222312">
      <CodeValue>11</CodeValue>
      <CodeTextGrp>
        <CodeText xml:lang="nn">Einebustad</CodeText>
        <CodeText xml:lang="nb">Enebolig</CodeText>
        <CodeText xml:lang="en">Detached house</CodeText>
      </CodeTextGrp>
    </Code>
    <Code id="urn:ssb:code:stabas:4222308-4222322" parentCodeId="urn:ssb:code:stabas:4222306-4222312">
      <CodeValue>12</CodeValue>
      <CodeTextGrp>
        <CodeText xml:lang="nn">Tomannsbustad</CodeText>
        <CodeText xml:lang="nb">Tomannsbolig</CodeText>
        <CodeText xml:lang="en">House with two dwellings</CodeText>
      </CodeTextGrp>
    </Code>
    <Code id="urn:ssb:code:stabas:4222308-4222332" parentCodeId="urn:ssb:code:stabas:4222306-4222312">
      <CodeValue>13</CodeValue>
      <CodeTextGrp>
        <CodeText xml:lang="nn">Rekkjehus, kjedehus, andre småhus</CodeText>
        <CodeText xml:lang="nb">Rekkehus, kjedehus, andre småhus</CodeText>
        <CodeText xml:lang="en">Row house, linked house and house with 3 dwellings or more </CodeText>
      </CodeTextGrp>
    </Code>
    <Code id="urn:ssb:code:stabas:4222308-4222342" parentCodeId="urn:ssb:code:stabas:4222306-4222312">
      <CodeValue>14</CodeValue>
      <CodeTextGrp>
        <CodeText xml:lang="nn">Store bustadbygg</CodeText>
        <CodeText xml:lang="nb">Store boligbygg</CodeText>
        <CodeText xml:lang="en">Multi-dwelling building</CodeText>
      </CodeTextGrp>
    </Code>
    <Code id="urn:ssb:code:stabas:4222308-4222356" parentCodeId="urn:ssb:code:stabas:4222306-4222312">
      <CodeValue>15</CodeValue>
      <CodeTextGrp>
        <CodeText xml:lang="nn">Bygning for bufellesskap</CodeText>
        <CodeText xml:lang="nb">Bygning for bofellesskap</CodeText>
        <CodeText xml:lang="en">Residence for communities</CodeText>
      </CodeTextGrp>
    </Code>
    <Code id="urn:ssb:code:stabas:4222308-4222364" parentCodeId="urn:ssb:code:stabas:4222306-4222312">
      <CodeValue>16</CodeValue>
      <CodeTextGrp>
        <CodeText xml:lang="nn">Fritidsbolig</CodeText>
        <CodeText xml:lang="nb">Fritidsbolig</CodeText>
        <CodeText xml:lang="en">Holiday house</CodeText>
      </CodeTextGrp>
    </Code>
    <Code id="urn:ssb:code:stabas:4222308-4222372" parentCodeId="urn:ssb:code:stabas:4222306-4222312">
      <CodeValue>17</CodeValue>
      <CodeTextGrp>
        <CodeText xml:lang="nn">Koie, seterhus og liknande</CodeText>
        <CodeText xml:lang="nb">Koie, seterhus og lignende</CodeText>
        <CodeText xml:lang="en">Mountain farm hut, fishermens shack, cabin, turf hut etc.</CodeText>
      </CodeTextGrp>
    </Code>
    <Code id="urn:ssb:code:stabas:4222308-4222378" parentCodeId="urn:ssb:code:stabas:4222306-4222312">
      <CodeValue>18</CodeValue>
      <CodeTextGrp>
        <CodeText xml:lang="nn">Garasje og uthus til bustad</CodeText>
        <CodeText xml:lang="nb">Garasje og uthus til bolig</CodeText>
        <CodeText xml:lang="en">Garage, outhouse, annex linked to dwelling</CodeText>
      </CodeTextGrp>
    </Code>
    <Code id="urn:ssb:code:stabas:4222308-4222386" parentCodeId="urn:ssb:code:stabas:4222306-4222312">
      <CodeValue>19</CodeValue>
      <CodeTextGrp>
        <CodeText xml:lang="nn">Annan bustadbygning</CodeText>
        <CodeText xml:lang="nb">Annen boligbygning</CodeText>
        <CodeText xml:lang="en">Other residential building</CodeText>
      </CodeTextGrp>
    </Code>
    <Code id="urn:ssb:code:stabas:4222308-4222394" parentCodeId="urn:ssb:code:stabas:4222306-4222392">
      <CodeValue>21</CodeValue>
      <CodeTextGrp>
        <CodeText xml:lang="nn">Industribygning</CodeText>
        <CodeText xml:lang="nb">Industribygning</CodeText>
        <CodeText xml:lang="en">Industrial building</CodeText>
      </CodeTextGrp>
    </Code>
    <Code id="urn:ssb:code:stabas:4222308-4222506" parentCodeId="urn:ssb:code:stabas:4222306-4222392">
      <CodeValue>22</CodeValue>
      <CodeTextGrp>
        <CodeText xml:lang="nn">Energiforsyningsbygning</CodeText>
        <CodeText xml:lang="nb">Energiforsyningsbygning</CodeText>
        <CodeText xml:lang="en">Building for power supply</CodeText>
      </CodeTextGrp>
    </Code>
    <Code id="urn:ssb:code:stabas:4222308-4222514" parentCodeId="urn:ssb:code:stabas:4222306-4222392">
      <CodeValue>23</CodeValue>
      <CodeTextGrp>
        <CodeText xml:lang="nn">Lagerbygning</CodeText>
        <CodeText xml:lang="nb">Lagerbygning</CodeText>
        <CodeText xml:lang="en">Warehouse</CodeText>
      </CodeTextGrp>
    </Code>
    <Code id="urn:ssb:code:stabas:4222308-4222524" parentCodeId="urn:ssb:code:stabas:4222306-4222392">
      <CodeValue>24</CodeValue>
      <CodeTextGrp>
        <CodeText xml:lang="nn">Fiskeri- og landbruksbygning</CodeText>
        <CodeText xml:lang="nb">Fiskeri- og landbruksbygning</CodeText>
        <CodeText xml:lang="en">Fishery and agricultural building</CodeText>
      </CodeTextGrp>
    </Code>
    <Code id="urn:ssb:code:stabas:4222308-4222540" parentCodeId="urn:ssb:code:stabas:4222306-4222538">
      <CodeValue>31</CodeValue>
      <CodeTextGrp>
        <CodeText xml:lang="nn">Kontorbygning</CodeText>
        <CodeText xml:lang="nb">Kontorbygning</CodeText>
        <CodeText xml:lang="en">Office building</CodeText>
      </CodeTextGrp>
    </Code>
    <Code id="urn:ssb:code:stabas:4222308-4222550" parentCodeId="urn:ssb:code:stabas:4222306-4222538">
      <CodeValue>32</CodeValue>
      <CodeTextGrp>
        <CodeText xml:lang="nn">Forretningsbygning</CodeText>
        <CodeText xml:lang="nb">Forretningsbygning</CodeText>
        <CodeText xml:lang="en">Business building</CodeText>
      </CodeTextGrp>
    </Code>
    <Code id="urn:ssb:code:stabas:4222308-4222564" parentCodeId="urn:ssb:code:stabas:4222306-4222562">
      <CodeValue>41</CodeValue>
      <CodeTextGrp>
        <CodeText xml:lang="nn">Ekspedisjonsbygning, terminal</CodeText>
        <CodeText xml:lang="nb">Ekspedisjonsbygning, terminal</CodeText>
        <CodeText xml:lang="en">Service building, terminal</CodeText>
      </CodeTextGrp>
    </Code>
    <Code id="urn:ssb:code:stabas:4222308-4222576" parentCodeId="urn:ssb:code:stabas:4222306-4222562">
      <CodeValue>42</CodeValue>
      <CodeTextGrp>
        <CodeText xml:lang="nn">Telekommunikasjonsbygning</CodeText>
        <CodeText xml:lang="nb">Telekommunikasjonsbygning</CodeText>
        <CodeText xml:lang="en">Telecommunication building</CodeText>
      </CodeTextGrp>
    </Code>
    <Code id="urn:ssb:code:stabas:4222308-4222580" parentCodeId="urn:ssb:code:stabas:4222306-4222562">
      <CodeValue>43</CodeValue>
      <CodeTextGrp>
        <CodeText xml:lang="nn">Garasje- og hangarbygning</CodeText>
        <CodeText xml:lang="nb">Garasje- og hangarbygning</CodeText>
        <CodeText xml:lang="en">Garage- and hangar building</CodeText>
      </CodeTextGrp>
    </Code>
    <Code id="urn:ssb:code:stabas:4222308-4222586" parentCodeId="urn:ssb:code:stabas:4222306-4222562">
      <CodeValue>44</CodeValue>
      <CodeTextGrp>
        <CodeText xml:lang="nn">Veg- og trafikktilsynsbygning</CodeText>
        <CodeText xml:lang="nb">Veg- og trafikktilsynsbygning</CodeText>
        <CodeText xml:lang="en">Road, motor vehicle and driving examiners building</CodeText>
      </CodeTextGrp>
    </Code>
    <Code id="urn:ssb:code:stabas:4222308-4222594" parentCodeId="urn:ssb:code:stabas:4222306-4222592">
      <CodeValue>51</CodeValue>
      <CodeTextGrp>
        <CodeText xml:lang="nn">Hotellbygning</CodeText>
        <CodeText xml:lang="nb">Hotellbygning</CodeText>
        <CodeText xml:lang="en">Hotel building</CodeText>
      </CodeTextGrp>
    </Code>
    <Code id="urn:ssb:code:stabas:4222308-4222702" parentCodeId="urn:ssb:code:stabas:4222306-4222592">
      <CodeValue>52</CodeValue>
      <CodeTextGrp>
        <CodeText xml:lang="nn">Bygning for overnatting</CodeText>
        <CodeText xml:lang="nb">Bygning for overnatting</CodeText>
        <CodeText xml:lang="en">Short-stay accommodation building</CodeText>
      </CodeTextGrp>
    </Code>
    <Code id="urn:ssb:code:stabas:4222308-4222714" parentCodeId="urn:ssb:code:stabas:4222306-4222592">
      <CodeValue>53</CodeValue>
      <CodeTextGrp>
        <CodeText xml:lang="nn">Restaurantbygning</CodeText>
        <CodeText xml:lang="nb">Restaurantbygning</CodeText>
        <CodeText xml:lang="en">Restaurant building</CodeText>
      </CodeTextGrp>
    </Code>
    <Code id="urn:ssb:code:stabas:4222308-4222726" parentCodeId="urn:ssb:code:stabas:4222306-4222724">
      <CodeValue>61</CodeValue>
      <CodeTextGrp>
        <CodeText xml:lang="nn">Skolebygning</CodeText>
        <CodeText xml:lang="nb">Skolebygning</CodeText>
        <CodeText xml:lang="en">School building</CodeText>
      </CodeTextGrp>
    </Code>
    <Code id="urn:ssb:code:stabas:4222308-4222742" parentCodeId="urn:ssb:code:stabas:4222306-4222724">
      <CodeValue>62</CodeValue>
      <CodeTextGrp>
        <CodeText xml:lang="nn">Universitet- og høgskolebygning</CodeText>
        <CodeText xml:lang="nb">Universitet- og høgskolebygning</CodeText>
        <CodeText xml:lang="en">University and research building</CodeText>
      </CodeTextGrp>
    </Code>
    <Code id="urn:ssb:code:stabas:4222308-4222750" parentCodeId="urn:ssb:code:stabas:4222306-4222724">
      <CodeValue>64</CodeValue>
      <CodeTextGrp>
        <CodeText xml:lang="nn">Museums- og biblioteksbygning</CodeText>
        <CodeText xml:lang="nb">Museums- og biblioteksbygning</CodeText>
        <CodeText xml:lang="en">Museum and library building</CodeText>
      </CodeTextGrp>
    </Code>
    <Code id="urn:ssb:code:stabas:4222308-4222760" parentCodeId="urn:ssb:code:stabas:4222306-4222724">
      <CodeValue>65</CodeValue>
      <CodeTextGrp>
        <CodeText xml:lang="nn">Idrettsbygning</CodeText>
        <CodeText xml:lang="nb">Idrettsbygning</CodeText>
        <CodeText xml:lang="en">Sports building</CodeText>
      </CodeTextGrp>
    </Code>
    <Code id="urn:ssb:code:stabas:4222308-4222774" parentCodeId="urn:ssb:code:stabas:4222306-4222724">
      <CodeValue>66</CodeValue>
      <CodeTextGrp>
        <CodeText xml:lang="nn">Kulturhus</CodeText>
        <CodeText xml:lang="nb">Kulturhus</CodeText>
        <CodeText xml:lang="en">Public entertainment building</CodeText>
      </CodeTextGrp>
    </Code>
    <Code id="urn:ssb:code:stabas:4222308-4222784" parentCodeId="urn:ssb:code:stabas:4222306-4222724">
      <CodeValue>67</CodeValue>
      <CodeTextGrp>
        <CodeText xml:lang="nn">Bygning for religiøse aktivitetar</CodeText>
        <CodeText xml:lang="nb">Bygning for religiøse aktiviteter</CodeText>
        <CodeText xml:lang="en">Building used for religious activities</CodeText>
      </CodeTextGrp>
    </Code>
    <Code id="urn:ssb:code:stabas:4222308-4222800" parentCodeId="urn:ssb:code:stabas:4222306-4222798">
      <CodeValue>71</CodeValue>
      <CodeTextGrp>
        <CodeText xml:lang="nn">Sjukehus</CodeText>
        <CodeText xml:lang="nb">Sykehus</CodeText>
        <CodeText xml:lang="en">Hospital</CodeText>
      </CodeTextGrp>
    </Code>
    <Code id="urn:ssb:code:stabas:4222308-4222904" parentCodeId="urn:ssb:code:stabas:4222306-4222798">
      <CodeValue>72</CodeValue>
      <CodeTextGrp>
        <CodeText xml:lang="nn">Sjukeheim</CodeText>
        <CodeText xml:lang="nb">Sykehjem</CodeText>
        <CodeText xml:lang="en">Nursing home</CodeText>
      </CodeTextGrp>
    </Code>
    <Code id="urn:ssb:code:stabas:4222308-4222914" parentCodeId="urn:ssb:code:stabas:4222306-4222798">
      <CodeValue>73</CodeValue>
      <CodeTextGrp>
        <CodeText xml:lang="nn">Primærhelsebygning</CodeText>
        <CodeText xml:lang="nb">Primærhelsebygning</CodeText>
        <CodeText xml:lang="en">Primary health building</CodeText>
      </CodeTextGrp>
    </Code>
    <Code id="urn:ssb:code:stabas:4222308-4222924" parentCodeId="urn:ssb:code:stabas:4222306-4222922">
      <CodeValue>81</CodeValue>
      <CodeTextGrp>
        <CodeText xml:lang="nn">Fengselsbygning</CodeText>
        <CodeText xml:lang="nb">Fengselsbygning</CodeText>
        <CodeText xml:lang="en">Prison building</CodeText>
      </CodeTextGrp>
    </Code>
    <Code id="urn:ssb:code:stabas:4222308-4222928" parentCodeId="urn:ssb:code:stabas:4222306-4222922">
      <CodeValue>82</CodeValue>
      <CodeTextGrp>
        <CodeText xml:lang="nn">Beredskapsbygning</CodeText>
        <CodeText xml:lang="nb">Beredskapsbygning</CodeText>
        <CodeText xml:lang="en">Building for emergency preparedness</CodeText>
      </CodeTextGrp>
    </Code>
    <Code id="urn:ssb:code:stabas:4222308-8374403" parentCodeId="urn:ssb:code:stabas:4222306-4222922">
      <CodeValue>83</CodeValue>
      <CodeTextGrp>
        <CodeText xml:lang="nn">Monument </CodeText>
        <CodeText xml:lang="nb">Monument</CodeText>
        <CodeText xml:lang="en">Monument </CodeText>
      </CodeTextGrp>
    </Code>
    <Code id="urn:ssb:code:stabas:4222308-8374405" parentCodeId="urn:ssb:code:stabas:4222306-4222922">
      <CodeValue>84</CodeValue>
      <CodeTextGrp>
        <CodeText xml:lang="nn">Offentleg toalett</CodeText>
        <CodeText xml:lang="nb">Offentlig toalett</CodeText>
        <CodeText xml:lang="en">Public toilet</CodeText>
      </CodeTextGrp>
    </Code>
  </Codes>
</Codelist>