<?xml version="1.0" encoding="utf-8"?>
<Codelist xmlns:xsi="http://www.w3.org/2001/XMLSchema-instance" xmlns:xsd="http://www.w3.org/2001/XMLSchema" id="urn:ssb:codelist:stabas:4222310" defaultValidFrom="2000-01-01" lastChangedDate="2013-01-25" parentCodelistId="urn:ssb:codelist:stabas:4222308" isCurrent="true" relationId="urn:ssb:classversion:stabas:4222302" xmlns="http://www.ssb.no/ns/meta/codelist">
  <CodelistMeta>
    <TitleGrp>
      <Title xml:lang="nn">Bygningstype 2000: Nivå 3</Title>
      <Title xml:lang="nb">Bygningstype 2000: Nivå 3</Title>
      <Title xml:lang="en">Type of building 2000: Level 3</Title>
    </TitleGrp>
    <DescriptionGrp>
      <Description xml:lang="nn">Standarden viser inndeling av bygningar etter kva slags funksjon bygningen 			skal ha. Kombinerte bygningar, til dømes kombinerte bustad- og 				forretningsbygningar o.a. er gruppert etter den funksjonen som har størst del 			av bruksarealet i bygningen.</Description>
      <Description xml:lang="nb">Standarden viser inndeling av bygninger etter hva slags funksjon bygningen 			skal ha. Kombinerte bygninger, for eksempel kombinerte bolig- og 				forretningsbygninger, lager- og produksjonsbygninger o.a. er gruppert etter 			den funksjonen som har størst del av bruksarealet i bygningen</Description>
      <Description xml:lang="en">The standard classifies buildings according to the function of the building. 			Combined buildings, for instance combined dwelling and business buildings 			and storage and production buildings, are grouped by the function that 				occupies the main part of the utility floor space.</Description>
    </DescriptionGrp>
    <ContactInformation>
      <Person xmlns="http://www.ssb.no/ns/meta/common">job</Person>
      <Division xmlns="http://www.ssb.no/ns/meta/common">460</Division>
    </ContactInformation>
    <NoteGrp>
      <Note xml:lang="nn">Ikkje relevant</Note>
      <Note xml:lang="nb">Ikke relevant</Note>
      <Note xml:lang="en">Not relevant</Note>
    </NoteGrp>
  </CodelistMeta>
  <Codes>
    <Code id="urn:ssb:code:stabas:4222310-4222316" parentCodeId="urn:ssb:code:stabas:4222308-4222314">
      <CodeValue>111</CodeValue>
      <CodeTextGrp>
        <CodeText xml:lang="nn">Einebustad</CodeText>
        <CodeText xml:lang="nb">Enebolig</CodeText>
        <CodeText xml:lang="en">Detached house</CodeText>
      </CodeTextGrp>
    </Code>
    <Code id="urn:ssb:code:stabas:4222310-4222318" parentCodeId="urn:ssb:code:stabas:4222308-4222314">
      <CodeValue>112</CodeValue>
      <CodeTextGrp>
        <CodeText xml:lang="nn">Einebustad med hybelleilegheit, sokkelleilegheit o.l.</CodeText>
        <CodeText xml:lang="nb">Enebolig med hybelleilighet, sokkelleilighet o.l.</CodeText>
        <CodeText xml:lang="en">Detached house with 2 dwelling units, including one bed-sit, basement flat etc.</CodeText>
      </CodeTextGrp>
    </Code>
    <Code id="urn:ssb:code:stabas:4222310-4222320" parentCodeId="urn:ssb:code:stabas:4222308-4222314">
      <CodeValue>113</CodeValue>
      <CodeTextGrp>
        <CodeText xml:lang="nn">Våningshus</CodeText>
        <CodeText xml:lang="nb">Våningshus</CodeText>
        <CodeText xml:lang="en">Farmhouse</CodeText>
      </CodeTextGrp>
    </Code>
    <Code id="urn:ssb:code:stabas:4222310-4222324" parentCodeId="urn:ssb:code:stabas:4222308-4222322">
      <CodeValue>121</CodeValue>
      <CodeTextGrp>
        <CodeText xml:lang="nn">Del av tomannsbustad, vertikaldelt</CodeText>
        <CodeText xml:lang="nb">Tomannsbolig, vertikaldelt</CodeText>
        <CodeText xml:lang="en">Part of semi-detached house</CodeText>
      </CodeTextGrp>
    </Code>
    <Code id="urn:ssb:code:stabas:4222310-4222326" parentCodeId="urn:ssb:code:stabas:4222308-4222322">
      <CodeValue>122</CodeValue>
      <CodeTextGrp>
        <CodeText xml:lang="nn">Tomannsbustad, horisontaldelt</CodeText>
        <CodeText xml:lang="nb">Tomannsbolig, horisontaldelt</CodeText>
        <CodeText xml:lang="en">House with 2 dwellings</CodeText>
      </CodeTextGrp>
    </Code>
    <Code id="urn:ssb:code:stabas:4222310-4222328" parentCodeId="urn:ssb:code:stabas:4222308-4222322">
      <CodeValue>123</CodeValue>
      <CodeTextGrp>
        <CodeText xml:lang="nn">Del av våningshus, tomannsbustad, vertikaldelt</CodeText>
        <CodeText xml:lang="nb">Våningshus, tomannsbolig, vertikaldelt</CodeText>
        <CodeText xml:lang="en">Part of semi-detached farmhouse</CodeText>
      </CodeTextGrp>
    </Code>
    <Code id="urn:ssb:code:stabas:4222310-4222330" parentCodeId="urn:ssb:code:stabas:4222308-4222322">
      <CodeValue>124</CodeValue>
      <CodeTextGrp>
        <CodeText xml:lang="nn">Våningshus, tomannsbustad, horisontaldelt</CodeText>
        <CodeText xml:lang="nb">Våningshus, tomannsbolig, horisontaldelt</CodeText>
        <CodeText xml:lang="en">Farmhouse with 2 dwellings</CodeText>
      </CodeTextGrp>
    </Code>
    <Code id="urn:ssb:code:stabas:4222310-4222334" parentCodeId="urn:ssb:code:stabas:4222308-4222332">
      <CodeValue>131</CodeValue>
      <CodeTextGrp>
        <CodeText xml:lang="nn">Rekkjehus</CodeText>
        <CodeText xml:lang="nb">Rekkehus</CodeText>
        <CodeText xml:lang="en">Row house</CodeText>
      </CodeTextGrp>
    </Code>
    <Code id="urn:ssb:code:stabas:4222310-4222336" parentCodeId="urn:ssb:code:stabas:4222308-4222332">
      <CodeValue>133</CodeValue>
      <CodeTextGrp>
        <CodeText xml:lang="nn">Kjedehus inkl. atriumhus</CodeText>
        <CodeText xml:lang="nb">Kjedehus inkl. atriumhus</CodeText>
        <CodeText xml:lang="en">Linked house incl. atrium</CodeText>
      </CodeTextGrp>
    </Code>
    <Code id="urn:ssb:code:stabas:4222310-4222338" parentCodeId="urn:ssb:code:stabas:4222308-4222332">
      <CodeValue>135</CodeValue>
      <CodeTextGrp>
        <CodeText xml:lang="nn">Terrassehus</CodeText>
        <CodeText xml:lang="nb">Terrassehus</CodeText>
        <CodeText xml:lang="en">Terraced house</CodeText>
      </CodeTextGrp>
    </Code>
    <Code id="urn:ssb:code:stabas:4222310-4222340" parentCodeId="urn:ssb:code:stabas:4222308-4222332">
      <CodeValue>136</CodeValue>
      <CodeTextGrp>
        <CodeText xml:lang="nn">Andre småhus med 3 bustader eller fleire</CodeText>
        <CodeText xml:lang="nb">Andre småhus med 3 boliger eller flere</CodeText>
        <CodeText xml:lang="en">House with 3 dwellings or more</CodeText>
      </CodeTextGrp>
    </Code>
    <Code id="urn:ssb:code:stabas:4222310-4222344" parentCodeId="urn:ssb:code:stabas:4222308-4222342">
      <CodeValue>141</CodeValue>
      <CodeTextGrp>
        <CodeText xml:lang="nn">Store frittliggjande bustadbygg på 2 etasjar</CodeText>
        <CodeText xml:lang="nb">Store frittliggende boligbygg på 2 etasjer</CodeText>
        <CodeText xml:lang="en">Multi-dwelling building, 2 storeys</CodeText>
      </CodeTextGrp>
    </Code>
    <Code id="urn:ssb:code:stabas:4222310-4222346" parentCodeId="urn:ssb:code:stabas:4222308-4222342">
      <CodeValue>142</CodeValue>
      <CodeTextGrp>
        <CodeText xml:lang="nn">Store frittliggjande bustadbygg på 3 og 4 etasjar</CodeText>
        <CodeText xml:lang="nb">Store frittliggende boligbygg på 3 og 4 etasjer</CodeText>
        <CodeText xml:lang="en">Multi-dwelling building, 3 and 4 storeys</CodeText>
      </CodeTextGrp>
    </Code>
    <Code id="urn:ssb:code:stabas:4222310-4222348" parentCodeId="urn:ssb:code:stabas:4222308-4222342">
      <CodeValue>143</CodeValue>
      <CodeTextGrp>
        <CodeText xml:lang="nn">Store frittliggjande bustadbygg på 5 etasjar eller over</CodeText>
        <CodeText xml:lang="nb">Store frittliggende boligbygg på 5 etasjer eller over</CodeText>
        <CodeText xml:lang="en">Multi-dwelling building, 5 or more storeys</CodeText>
      </CodeTextGrp>
    </Code>
    <Code id="urn:ssb:code:stabas:4222310-4222350" parentCodeId="urn:ssb:code:stabas:4222308-4222342">
      <CodeValue>144</CodeValue>
      <CodeTextGrp>
        <CodeText xml:lang="nn">Stort samanbygd bustadbygg på 2 etasjar</CodeText>
        <CodeText xml:lang="nb">Store sammenbygde boligbygg på 2 etasjer</CodeText>
        <CodeText xml:lang="en">Linked multi-dwelling building, 2 storeys</CodeText>
      </CodeTextGrp>
    </Code>
    <Code id="urn:ssb:code:stabas:4222310-4222352" parentCodeId="urn:ssb:code:stabas:4222308-4222342">
      <CodeValue>145</CodeValue>
      <CodeTextGrp>
        <CodeText xml:lang="nn">Stort samanbygd bustadbygg på 3 og 4 etasjar</CodeText>
        <CodeText xml:lang="nb">Store sammenbygde boligbygg på 3 og 4 etasjer</CodeText>
        <CodeText xml:lang="en">Linked multi-dwelling building, 3 and 4 storeys</CodeText>
      </CodeTextGrp>
    </Code>
    <Code id="urn:ssb:code:stabas:4222310-4222354" parentCodeId="urn:ssb:code:stabas:4222308-4222342">
      <CodeValue>146</CodeValue>
      <CodeTextGrp>
        <CodeText xml:lang="nn">Stort samanbygd bustadbygg på 5 etasjar og over</CodeText>
        <CodeText xml:lang="nb">Store sammenbygde boligbygg på 5 etasjer og over</CodeText>
        <CodeText xml:lang="en">Linked multi-dwelling building, 5 or more storeys</CodeText>
      </CodeTextGrp>
    </Code>
    <Code id="urn:ssb:code:stabas:4222310-4222358" parentCodeId="urn:ssb:code:stabas:4222308-4222356">
      <CodeValue>151</CodeValue>
      <CodeTextGrp>
        <CodeText xml:lang="nn">Bu- og servicesenter</CodeText>
        <CodeText xml:lang="nb">Bo- og servicesenter</CodeText>
        <CodeText xml:lang="en">Residence and service residence for the elderly and other social groups</CodeText>
      </CodeTextGrp>
    </Code>
    <Code id="urn:ssb:code:stabas:4222310-4222360" parentCodeId="urn:ssb:code:stabas:4222308-4222356">
      <CodeValue>152</CodeValue>
      <CodeTextGrp>
        <CodeText xml:lang="nn">Studentheim/studentbustader</CodeText>
        <CodeText xml:lang="nb">Studenthjem/studentboliger</CodeText>
        <CodeText xml:lang="en">Student home</CodeText>
      </CodeTextGrp>
    </Code>
    <Code id="urn:ssb:code:stabas:4222310-4222362" parentCodeId="urn:ssb:code:stabas:4222308-4222356">
      <CodeValue>159</CodeValue>
      <CodeTextGrp>
        <CodeText xml:lang="nn">Annan bygning for bufellesskap</CodeText>
        <CodeText xml:lang="nb">Annen bygning for bofellesskap</CodeText>
        <CodeText xml:lang="en">Other residential building for communities</CodeText>
      </CodeTextGrp>
    </Code>
    <Code id="urn:ssb:code:stabas:4222310-4222366" parentCodeId="urn:ssb:code:stabas:4222308-4222364">
      <CodeValue>161</CodeValue>
      <CodeTextGrp>
        <CodeText xml:lang="nn">Fritidsbygning (hytter, sommarhus o.l.)</CodeText>
        <CodeText xml:lang="nb">Fritidsbygning (hytter, sommerhus o.l.)</CodeText>
        <CodeText xml:lang="en">Holiday house (chalet, summerhouse etc.)</CodeText>
      </CodeTextGrp>
    </Code>
    <Code id="urn:ssb:code:stabas:4222310-4222368" parentCodeId="urn:ssb:code:stabas:4222308-4222364">
      <CodeValue>162</CodeValue>
      <CodeTextGrp>
        <CodeText xml:lang="nn">Heilårsbustad utanom våningshus som blir nytta som fritidsbustad</CodeText>
        <CodeText xml:lang="nb">Helårsbolig benyttet som fritidsbolig</CodeText>
        <CodeText xml:lang="en">Detached house used as holiday house</CodeText>
      </CodeTextGrp>
    </Code>
    <Code id="urn:ssb:code:stabas:4222310-4222370" parentCodeId="urn:ssb:code:stabas:4222308-4222364">
      <CodeValue>163</CodeValue>
      <CodeTextGrp>
        <CodeText xml:lang="nn">Våningshus som blir nytta som fritidsbustad</CodeText>
        <CodeText xml:lang="nb">Våningshus benyttet som fritidsbolig</CodeText>
        <CodeText xml:lang="en">Farmhouse used as holiday house</CodeText>
      </CodeTextGrp>
    </Code>
    <Code id="urn:ssb:code:stabas:4222310-4222374" parentCodeId="urn:ssb:code:stabas:4222308-4222372">
      <CodeValue>171</CodeValue>
      <CodeTextGrp>
        <CodeText xml:lang="nn">Seterhus, sel, rorbu o.l.</CodeText>
        <CodeText xml:lang="nb">Seterhus, sel, rorbu o.l.</CodeText>
        <CodeText xml:lang="en">Mountain farm hut, fishermens shack etc.</CodeText>
      </CodeTextGrp>
    </Code>
    <Code id="urn:ssb:code:stabas:4222310-4222376" parentCodeId="urn:ssb:code:stabas:4222308-4222372">
      <CodeValue>172</CodeValue>
      <CodeTextGrp>
        <CodeText xml:lang="nn">Skogs- og utmarkskoie, gamme</CodeText>
        <CodeText xml:lang="nb">Skogs- og utmarkskoie, gamme</CodeText>
        <CodeText xml:lang="en">Cabin, turf hut</CodeText>
      </CodeTextGrp>
    </Code>
    <Code id="urn:ssb:code:stabas:4222310-4222380" parentCodeId="urn:ssb:code:stabas:4222308-4222378">
      <CodeValue>181</CodeValue>
      <CodeTextGrp>
        <CodeText xml:lang="nn">Garasje, uthus, anneks knytte til bustad</CodeText>
        <CodeText xml:lang="nb">Garasje, uthus, anneks knyttet til bolig</CodeText>
        <CodeText xml:lang="en">Garage, outhouse, annex linked to dwelling</CodeText>
      </CodeTextGrp>
    </Code>
    <Code id="urn:ssb:code:stabas:4222310-4222382" parentCodeId="urn:ssb:code:stabas:4222308-4222378">
      <CodeValue>182</CodeValue>
      <CodeTextGrp>
        <CodeText xml:lang="nn">Garasje, uthus, anneks knytte til fritidsbustad</CodeText>
        <CodeText xml:lang="nb">Garasje, uthus, anneks knyttet til fritidsbolig</CodeText>
        <CodeText xml:lang="en">Garage, outhouse, annex linked to holiday house</CodeText>
      </CodeTextGrp>
    </Code>
    <Code id="urn:ssb:code:stabas:4222310-4222384" parentCodeId="urn:ssb:code:stabas:4222308-4222378">
      <CodeValue>183</CodeValue>
      <CodeTextGrp>
        <CodeText xml:lang="nn">Naust, båthus, sjøbu</CodeText>
        <CodeText xml:lang="nb">Naust, båthus, sjøbu</CodeText>
        <CodeText xml:lang="en">Boat-house, wharfside shed</CodeText>
      </CodeTextGrp>
    </Code>
    <Code id="urn:ssb:code:stabas:4222310-4222388" parentCodeId="urn:ssb:code:stabas:4222308-4222386">
      <CodeValue>193</CodeValue>
      <CodeTextGrp>
        <CodeText xml:lang="nn">Bustadbrakker</CodeText>
        <CodeText xml:lang="nb">Boligbrakker</CodeText>
        <CodeText xml:lang="en">Workmens hut</CodeText>
      </CodeTextGrp>
    </Code>
    <Code id="urn:ssb:code:stabas:4222310-4222390" parentCodeId="urn:ssb:code:stabas:4222308-4222386">
      <CodeValue>199</CodeValue>
      <CodeTextGrp>
        <CodeText xml:lang="nn">Annan bustadbygning (f.eks. sekundærbustad reindrift)</CodeText>
        <CodeText xml:lang="nb">Annen boligbygning (f.eks. sekundærbolig reindrift)</CodeText>
        <CodeText xml:lang="en">Other residential building</CodeText>
      </CodeTextGrp>
    </Code>
    <Code id="urn:ssb:code:stabas:4222310-4222396" parentCodeId="urn:ssb:code:stabas:4222308-4222394">
      <CodeValue>211</CodeValue>
      <CodeTextGrp>
        <CodeText xml:lang="nn">Fabrikkbygning</CodeText>
        <CodeText xml:lang="nb">Fabrikkbygning</CodeText>
        <CodeText xml:lang="en">Factory building</CodeText>
      </CodeTextGrp>
    </Code>
    <Code id="urn:ssb:code:stabas:4222310-4222398" parentCodeId="urn:ssb:code:stabas:4222308-4222394">
      <CodeValue>212</CodeValue>
      <CodeTextGrp>
        <CodeText xml:lang="nn">Verkstadbygning</CodeText>
        <CodeText xml:lang="nb">Verkstedbygning</CodeText>
        <CodeText xml:lang="en">Workshop</CodeText>
      </CodeTextGrp>
    </Code>
    <Code id="urn:ssb:code:stabas:4222310-4222400" parentCodeId="urn:ssb:code:stabas:4222308-4222394">
      <CodeValue>214</CodeValue>
      <CodeTextGrp>
        <CodeText xml:lang="nn">Bygning for reinseanlegg</CodeText>
        <CodeText xml:lang="nb">Bygning for renseanlegg</CodeText>
        <CodeText xml:lang="en">Building for treatment plant</CodeText>
      </CodeTextGrp>
    </Code>
    <Code id="urn:ssb:code:stabas:4222310-4222502" parentCodeId="urn:ssb:code:stabas:4222308-4222394">
      <CodeValue>216</CodeValue>
      <CodeTextGrp>
        <CodeText xml:lang="nn">Bygning for vassforsyning, bl.a. pumpestasjon</CodeText>
        <CodeText xml:lang="nb">Bygning for vannforsyning, bl.a. pumpestasjon</CodeText>
        <CodeText xml:lang="en">Building for water supply including pumping station</CodeText>
      </CodeTextGrp>
    </Code>
    <Code id="urn:ssb:code:stabas:4222310-4222504" parentCodeId="urn:ssb:code:stabas:4222308-4222394">
      <CodeValue>219</CodeValue>
      <CodeTextGrp>
        <CodeText xml:lang="nn">Annan industribygning</CodeText>
        <CodeText xml:lang="nb">Annen industribygning</CodeText>
        <CodeText xml:lang="en">Other industrial building</CodeText>
      </CodeTextGrp>
    </Code>
    <Code id="urn:ssb:code:stabas:4222310-4222508" parentCodeId="urn:ssb:code:stabas:4222308-4222506">
      <CodeValue>221</CodeValue>
      <CodeTextGrp>
        <CodeText xml:lang="nn">Kraftstasjon (&gt;15 000 kVA)</CodeText>
        <CodeText xml:lang="nb">Kraftstasjon (&gt;15 000 kVA)</CodeText>
        <CodeText xml:lang="en">Power station (&gt;15 000 kVA )</CodeText>
      </CodeTextGrp>
    </Code>
    <Code id="urn:ssb:code:stabas:4222310-4222510" parentCodeId="urn:ssb:code:stabas:4222308-4222506">
      <CodeValue>223</CodeValue>
      <CodeTextGrp>
        <CodeText xml:lang="nn">Transformatorstasjon (&gt;10 000 kVA)</CodeText>
        <CodeText xml:lang="nb">Transformatorstasjon (&gt;10 000 kVA)</CodeText>
        <CodeText xml:lang="en">Transformer station (&gt;10 000 kVA )</CodeText>
      </CodeTextGrp>
    </Code>
    <Code id="urn:ssb:code:stabas:4222310-4222512" parentCodeId="urn:ssb:code:stabas:4222308-4222506">
      <CodeValue>229</CodeValue>
      <CodeTextGrp>
        <CodeText xml:lang="nn">Annan energiforsyningsbygning</CodeText>
        <CodeText xml:lang="nb">Annen energiforsyningsbygning</CodeText>
        <CodeText xml:lang="en">Other building for power supply</CodeText>
      </CodeTextGrp>
    </Code>
    <Code id="urn:ssb:code:stabas:4222310-4222516" parentCodeId="urn:ssb:code:stabas:4222308-4222514">
      <CodeValue>231</CodeValue>
      <CodeTextGrp>
        <CodeText xml:lang="nn">Lagerhall</CodeText>
        <CodeText xml:lang="nb">Lagerhall</CodeText>
        <CodeText xml:lang="en">Warehouse</CodeText>
      </CodeTextGrp>
    </Code>
    <Code id="urn:ssb:code:stabas:4222310-4222518" parentCodeId="urn:ssb:code:stabas:4222308-4222514">
      <CodeValue>232</CodeValue>
      <CodeTextGrp>
        <CodeText xml:lang="nn">Kjøle- og fryselager</CodeText>
        <CodeText xml:lang="nb">Kjøle- og fryselager</CodeText>
        <CodeText xml:lang="en">Cold storage warehouse</CodeText>
      </CodeTextGrp>
    </Code>
    <Code id="urn:ssb:code:stabas:4222310-4222520" parentCodeId="urn:ssb:code:stabas:4222308-4222514">
      <CodeValue>233</CodeValue>
      <CodeTextGrp>
        <CodeText xml:lang="nn">Silobygning</CodeText>
        <CodeText xml:lang="nb">Silobygning</CodeText>
        <CodeText xml:lang="en">Silo building</CodeText>
      </CodeTextGrp>
    </Code>
    <Code id="urn:ssb:code:stabas:4222310-4222522" parentCodeId="urn:ssb:code:stabas:4222308-4222514">
      <CodeValue>239</CodeValue>
      <CodeTextGrp>
        <CodeText xml:lang="nn">Annan lagerbygning</CodeText>
        <CodeText xml:lang="nb">Annen lagerbygning</CodeText>
        <CodeText xml:lang="en">Other warehouse</CodeText>
      </CodeTextGrp>
    </Code>
    <Code id="urn:ssb:code:stabas:4222310-4222526" parentCodeId="urn:ssb:code:stabas:4222308-4222524">
      <CodeValue>241</CodeValue>
      <CodeTextGrp>
        <CodeText xml:lang="nn">Hus for dyr, fôrlager, strølager, frukt- og grønsakslager, landbrukssilo, høy-/korntørke</CodeText>
        <CodeText xml:lang="nb">Hus for dyr, fôrlager, strølager, frukt- og grønnsakslager, landbrukssilo, høy-/korntørke</CodeText>
        <CodeText xml:lang="en">Building for animals, granary, fruit and vegetable storage, agricultural silo, building for hay/grain drying</CodeText>
      </CodeTextGrp>
    </Code>
    <Code id="urn:ssb:code:stabas:4222310-4222528" parentCodeId="urn:ssb:code:stabas:4222308-4222524">
      <CodeValue>243</CodeValue>
      <CodeTextGrp>
        <CodeText xml:lang="nn">Veksthus</CodeText>
        <CodeText xml:lang="nb">Veksthus</CodeText>
        <CodeText xml:lang="en">Greenhouse</CodeText>
      </CodeTextGrp>
    </Code>
    <Code id="urn:ssb:code:stabas:4222310-4222530" parentCodeId="urn:ssb:code:stabas:4222308-4222524">
      <CodeValue>244</CodeValue>
      <CodeTextGrp>
        <CodeText xml:lang="nn">Driftsbygning for fiske og fangst, inkl. oppdrettsanlegg</CodeText>
        <CodeText xml:lang="nb">Driftsbygning for fiske og fangst, inkl. oppdrettsanlegg</CodeText>
        <CodeText xml:lang="en">Works building used for fishery and hunting, incl. fish farm</CodeText>
      </CodeTextGrp>
    </Code>
    <Code id="urn:ssb:code:stabas:4222310-4222532" parentCodeId="urn:ssb:code:stabas:4222308-4222524">
      <CodeValue>245</CodeValue>
      <CodeTextGrp>
        <CodeText xml:lang="nn">Naust/reiskapshus for fiske</CodeText>
        <CodeText xml:lang="nb">Naust/redskapshus for fiske</CodeText>
        <CodeText xml:lang="en">Fishery boat-house and shed</CodeText>
      </CodeTextGrp>
    </Code>
    <Code id="urn:ssb:code:stabas:4222310-4222534" parentCodeId="urn:ssb:code:stabas:4222308-4222524">
      <CodeValue>248</CodeValue>
      <CodeTextGrp>
        <CodeText xml:lang="nn">Annan fiskeri- og fangstbygning</CodeText>
        <CodeText xml:lang="nb">Annen fiskeri- og fangstbygning</CodeText>
        <CodeText xml:lang="en">Other fishery and hunting building</CodeText>
      </CodeTextGrp>
    </Code>
    <Code id="urn:ssb:code:stabas:4222310-4222536" parentCodeId="urn:ssb:code:stabas:4222308-4222524">
      <CodeValue>249</CodeValue>
      <CodeTextGrp>
        <CodeText xml:lang="nn">Annan landbruksbygning</CodeText>
        <CodeText xml:lang="nb">Annen landbruksbygning</CodeText>
        <CodeText xml:lang="en">Other agricultural building</CodeText>
      </CodeTextGrp>
    </Code>
    <Code id="urn:ssb:code:stabas:4222310-4222542" parentCodeId="urn:ssb:code:stabas:4222308-4222540">
      <CodeValue>311</CodeValue>
      <CodeTextGrp>
        <CodeText xml:lang="nn">Kontor- og administrasjonsbygning, rådhus</CodeText>
        <CodeText xml:lang="nb">Kontor- og administrasjonsbygning, rådhus</CodeText>
        <CodeText xml:lang="en">Office and administration building, town hall</CodeText>
      </CodeTextGrp>
    </Code>
    <Code id="urn:ssb:code:stabas:4222310-4222544" parentCodeId="urn:ssb:code:stabas:4222308-4222540">
      <CodeValue>312</CodeValue>
      <CodeTextGrp>
        <CodeText xml:lang="nn">Bankbygning, posthus</CodeText>
        <CodeText xml:lang="nb">Bankbygning, posthus</CodeText>
        <CodeText xml:lang="en">Bank building, post office</CodeText>
      </CodeTextGrp>
    </Code>
    <Code id="urn:ssb:code:stabas:4222310-4222546" parentCodeId="urn:ssb:code:stabas:4222308-4222540">
      <CodeValue>313</CodeValue>
      <CodeTextGrp>
        <CodeText xml:lang="nn">Mediebygning</CodeText>
        <CodeText xml:lang="nb">Mediebygning</CodeText>
        <CodeText xml:lang="en">Media building</CodeText>
      </CodeTextGrp>
    </Code>
    <Code id="urn:ssb:code:stabas:4222310-4222548" parentCodeId="urn:ssb:code:stabas:4222308-4222540">
      <CodeValue>319</CodeValue>
      <CodeTextGrp>
        <CodeText xml:lang="nn">Annan kontorbygning</CodeText>
        <CodeText xml:lang="nb">Annen kontorbygning</CodeText>
        <CodeText xml:lang="en">Other office building</CodeText>
      </CodeTextGrp>
    </Code>
    <Code id="urn:ssb:code:stabas:4222310-4222552" parentCodeId="urn:ssb:code:stabas:4222308-4222550">
      <CodeValue>321</CodeValue>
      <CodeTextGrp>
        <CodeText xml:lang="nn">Kjøpesenter, varehus</CodeText>
        <CodeText xml:lang="nb">Kjøpesenter, varehus</CodeText>
        <CodeText xml:lang="en">Shopping centre, department store</CodeText>
      </CodeTextGrp>
    </Code>
    <Code id="urn:ssb:code:stabas:4222310-4222554" parentCodeId="urn:ssb:code:stabas:4222308-4222550">
      <CodeValue>322</CodeValue>
      <CodeTextGrp>
        <CodeText xml:lang="nn">Butikkbygning</CodeText>
        <CodeText xml:lang="nb">Butikkbygning</CodeText>
        <CodeText xml:lang="en">Detached shops</CodeText>
      </CodeTextGrp>
    </Code>
    <Code id="urn:ssb:code:stabas:4222310-4222556" parentCodeId="urn:ssb:code:stabas:4222308-4222550">
      <CodeValue>323</CodeValue>
      <CodeTextGrp>
        <CodeText xml:lang="nn">Bensinstasjon</CodeText>
        <CodeText xml:lang="nb">Bensinstasjon</CodeText>
        <CodeText xml:lang="en">Service station</CodeText>
      </CodeTextGrp>
    </Code>
    <Code id="urn:ssb:code:stabas:4222310-4222558" parentCodeId="urn:ssb:code:stabas:4222308-4222550">
      <CodeValue>329</CodeValue>
      <CodeTextGrp>
        <CodeText xml:lang="nn">Annan forretningsbygning</CodeText>
        <CodeText xml:lang="nb">Annen forretningsbygning</CodeText>
        <CodeText xml:lang="en">Other wholesale and retail trade building</CodeText>
      </CodeTextGrp>
    </Code>
    <Code id="urn:ssb:code:stabas:4222310-4222560" parentCodeId="urn:ssb:code:stabas:4222308-4222550">
      <CodeValue>330</CodeValue>
      <CodeTextGrp>
        <CodeText xml:lang="nn">Messe- og kongressbygning</CodeText>
        <CodeText xml:lang="nb">Messe- og kongressbygning</CodeText>
        <CodeText xml:lang="en">Fair and congress building</CodeText>
      </CodeTextGrp>
    </Code>
    <Code id="urn:ssb:code:stabas:4222310-4222566" parentCodeId="urn:ssb:code:stabas:4222308-4222564">
      <CodeValue>411</CodeValue>
      <CodeTextGrp>
        <CodeText xml:lang="nn">Ekspedisjonsbygning, flyterminal, kontrolltårn</CodeText>
        <CodeText xml:lang="nb">Ekspedisjonsbygning, flyterminal, kontrolltårn</CodeText>
        <CodeText xml:lang="en">Service building, airport terminal, air traffic control tower</CodeText>
      </CodeTextGrp>
    </Code>
    <Code id="urn:ssb:code:stabas:4222310-4222568" parentCodeId="urn:ssb:code:stabas:4222308-4222564">
      <CodeValue>412</CodeValue>
      <CodeTextGrp>
        <CodeText xml:lang="nn">Jernbane- og T-banestasjon</CodeText>
        <CodeText xml:lang="nb">Jernbane- og T-banestasjon</CodeText>
        <CodeText xml:lang="en">Railway station and underground station</CodeText>
      </CodeTextGrp>
    </Code>
    <Code id="urn:ssb:code:stabas:4222310-4222570" parentCodeId="urn:ssb:code:stabas:4222308-4222564">
      <CodeValue>415</CodeValue>
      <CodeTextGrp>
        <CodeText xml:lang="nn">Godsterminal</CodeText>
        <CodeText xml:lang="nb">Godsterminal</CodeText>
        <CodeText xml:lang="en">Goods terminal</CodeText>
      </CodeTextGrp>
    </Code>
    <Code id="urn:ssb:code:stabas:4222310-4222572" parentCodeId="urn:ssb:code:stabas:4222308-4222564">
      <CodeValue>416</CodeValue>
      <CodeTextGrp>
        <CodeText xml:lang="nn">Postterminal</CodeText>
        <CodeText xml:lang="nb">Postterminal</CodeText>
        <CodeText xml:lang="en">Post terminal</CodeText>
      </CodeTextGrp>
    </Code>
    <Code id="urn:ssb:code:stabas:4222310-4222574" parentCodeId="urn:ssb:code:stabas:4222308-4222564">
      <CodeValue>419</CodeValue>
      <CodeTextGrp>
        <CodeText xml:lang="nn">Annan ekspedisjons- og terminalbygning</CodeText>
        <CodeText xml:lang="nb">Annen ekspedisjons- og terminalbygning</CodeText>
        <CodeText xml:lang="en">Other service and terminal building</CodeText>
      </CodeTextGrp>
    </Code>
    <Code id="urn:ssb:code:stabas:4222310-4222578" parentCodeId="urn:ssb:code:stabas:4222308-4222576">
      <CodeValue>429</CodeValue>
      <CodeTextGrp>
        <CodeText xml:lang="nn">Telekommunikasjonsbygning</CodeText>
        <CodeText xml:lang="nb">Telekommunikasjonsbygning</CodeText>
        <CodeText xml:lang="en">Telecommunication building</CodeText>
      </CodeTextGrp>
    </Code>
    <Code id="urn:ssb:code:stabas:4222310-4222582" parentCodeId="urn:ssb:code:stabas:4222308-4222580">
      <CodeValue>431</CodeValue>
      <CodeTextGrp>
        <CodeText xml:lang="nn">Parkeringshus</CodeText>
        <CodeText xml:lang="nb">Parkeringshus</CodeText>
        <CodeText xml:lang="en">Parking garage</CodeText>
      </CodeTextGrp>
    </Code>
    <Code id="urn:ssb:code:stabas:4222310-4222584" parentCodeId="urn:ssb:code:stabas:4222308-4222580">
      <CodeValue>439</CodeValue>
      <CodeTextGrp>
        <CodeText xml:lang="nn">Annan garasje- hangarbygning</CodeText>
        <CodeText xml:lang="nb">Annen garasje- hangarbygning</CodeText>
        <CodeText xml:lang="en">Other garage and hangar building</CodeText>
      </CodeTextGrp>
    </Code>
    <Code id="urn:ssb:code:stabas:4222310-4222588" parentCodeId="urn:ssb:code:stabas:4222308-4222586">
      <CodeValue>441</CodeValue>
      <CodeTextGrp>
        <CodeText xml:lang="nn">Trafikktilsynsbygning</CodeText>
        <CodeText xml:lang="nb">Trafikktilsynsbygning</CodeText>
        <CodeText xml:lang="en">Driving and motor vehicle examiners building</CodeText>
      </CodeTextGrp>
    </Code>
    <Code id="urn:ssb:code:stabas:4222310-4222590" parentCodeId="urn:ssb:code:stabas:4222308-4222586">
      <CodeValue>449</CodeValue>
      <CodeTextGrp>
        <CodeText xml:lang="nn">Annan veg- og trafikktilsynsbygning</CodeText>
        <CodeText xml:lang="nb">Annen veg- og trafikktilsynsbygning</CodeText>
        <CodeText xml:lang="en">Other road, motor vehicle and driving examiners building</CodeText>
      </CodeTextGrp>
    </Code>
    <Code id="urn:ssb:code:stabas:4222310-4222596" parentCodeId="urn:ssb:code:stabas:4222308-4222594">
      <CodeValue>511</CodeValue>
      <CodeTextGrp>
        <CodeText xml:lang="nn">Hotellbygning</CodeText>
        <CodeText xml:lang="nb">Hotellbygning</CodeText>
        <CodeText xml:lang="en">Hotel building</CodeText>
      </CodeTextGrp>
    </Code>
    <Code id="urn:ssb:code:stabas:4222310-4222598" parentCodeId="urn:ssb:code:stabas:4222308-4222594">
      <CodeValue>512</CodeValue>
      <CodeTextGrp>
        <CodeText xml:lang="nn">Motellbygning</CodeText>
        <CodeText xml:lang="nb">Motellbygning</CodeText>
        <CodeText xml:lang="en">Motel building</CodeText>
      </CodeTextGrp>
    </Code>
    <Code id="urn:ssb:code:stabas:4222310-4222600" parentCodeId="urn:ssb:code:stabas:4222308-4222594">
      <CodeValue>519</CodeValue>
      <CodeTextGrp>
        <CodeText xml:lang="nn">Annan hotellbygning</CodeText>
        <CodeText xml:lang="nb">Annen hotellbygning</CodeText>
        <CodeText xml:lang="en">Other hotel building</CodeText>
      </CodeTextGrp>
    </Code>
    <Code id="urn:ssb:code:stabas:4222310-4222704" parentCodeId="urn:ssb:code:stabas:4222308-4222702">
      <CodeValue>521</CodeValue>
      <CodeTextGrp>
        <CodeText xml:lang="nn">Hospits, pensjonat</CodeText>
        <CodeText xml:lang="nb">Hospits, pensjonat</CodeText>
        <CodeText xml:lang="en">Pension and similar accommodation building</CodeText>
      </CodeTextGrp>
    </Code>
    <Code id="urn:ssb:code:stabas:4222310-4222706" parentCodeId="urn:ssb:code:stabas:4222308-4222702">
      <CodeValue>522</CodeValue>
      <CodeTextGrp>
        <CodeText xml:lang="nn">Vandrarheim, ferieheim/-koloni, turisthytte</CodeText>
        <CodeText xml:lang="nb">Vandrerhjem, feriehjem/-koloni, turisthytte</CodeText>
        <CodeText xml:lang="en">Youth hostel, holiday camp, tourist chalet</CodeText>
      </CodeTextGrp>
    </Code>
    <Code id="urn:ssb:code:stabas:4222310-4222708" parentCodeId="urn:ssb:code:stabas:4222308-4222702">
      <CodeValue>523</CodeValue>
      <CodeTextGrp>
        <CodeText xml:lang="nn">Appartement</CodeText>
        <CodeText xml:lang="nb">Appartement</CodeText>
        <CodeText xml:lang="en">Apartment lodging building</CodeText>
      </CodeTextGrp>
    </Code>
    <Code id="urn:ssb:code:stabas:4222310-4222710" parentCodeId="urn:ssb:code:stabas:4222308-4222702">
      <CodeValue>524</CodeValue>
      <CodeTextGrp>
        <CodeText xml:lang="nn">Campinghytte/utleiehytte</CodeText>
        <CodeText xml:lang="nb">Campinghytte/utleiehytte</CodeText>
        <CodeText xml:lang="en">Camping hut, holiday bungalow</CodeText>
      </CodeTextGrp>
    </Code>
    <Code id="urn:ssb:code:stabas:4222310-4222712" parentCodeId="urn:ssb:code:stabas:4222308-4222702">
      <CodeValue>529</CodeValue>
      <CodeTextGrp>
        <CodeText xml:lang="nn">Annan bygning for overnatting</CodeText>
        <CodeText xml:lang="nb">Annen bygning for overnatting</CodeText>
        <CodeText xml:lang="en">Other short-stay accommodation building</CodeText>
      </CodeTextGrp>
    </Code>
    <Code id="urn:ssb:code:stabas:4222310-4222716" parentCodeId="urn:ssb:code:stabas:4222308-4222714">
      <CodeValue>531</CodeValue>
      <CodeTextGrp>
        <CodeText xml:lang="nn">Restaurantbygning, kafébygning</CodeText>
        <CodeText xml:lang="nb">Restaurantbygning, kafébygning</CodeText>
        <CodeText xml:lang="en">Restaurant building, café building</CodeText>
      </CodeTextGrp>
    </Code>
    <Code id="urn:ssb:code:stabas:4222310-4222718" parentCodeId="urn:ssb:code:stabas:4222308-4222714">
      <CodeValue>532</CodeValue>
      <CodeTextGrp>
        <CodeText xml:lang="nn">Sentralkjøken, kantinebygning</CodeText>
        <CodeText xml:lang="nb">Sentralkjøkken, kantinebygning</CodeText>
        <CodeText xml:lang="en">Food service kitchen, canteen building</CodeText>
      </CodeTextGrp>
    </Code>
    <Code id="urn:ssb:code:stabas:4222310-4222720" parentCodeId="urn:ssb:code:stabas:4222308-4222714">
      <CodeValue>533</CodeValue>
      <CodeTextGrp>
        <CodeText xml:lang="nn">Gatekjøken, kioskbygning</CodeText>
        <CodeText xml:lang="nb">Gatekjøkken, kioskbygning</CodeText>
        <CodeText xml:lang="en">Snack bar, kiosk</CodeText>
      </CodeTextGrp>
    </Code>
    <Code id="urn:ssb:code:stabas:4222310-4222722" parentCodeId="urn:ssb:code:stabas:4222308-4222714">
      <CodeValue>539</CodeValue>
      <CodeTextGrp>
        <CodeText xml:lang="nn">Annan restaurantbygning</CodeText>
        <CodeText xml:lang="nb">Annen restaurantbygning</CodeText>
        <CodeText xml:lang="en">Other restaurant building</CodeText>
      </CodeTextGrp>
    </Code>
    <Code id="urn:ssb:code:stabas:4222310-4222728" parentCodeId="urn:ssb:code:stabas:4222308-4222726">
      <CodeValue>611</CodeValue>
      <CodeTextGrp>
        <CodeText xml:lang="nn">Lekepark</CodeText>
        <CodeText xml:lang="nb">Lekepark</CodeText>
        <CodeText xml:lang="en">Playground</CodeText>
      </CodeTextGrp>
    </Code>
    <Code id="urn:ssb:code:stabas:4222310-4222730" parentCodeId="urn:ssb:code:stabas:4222308-4222726">
      <CodeValue>612</CodeValue>
      <CodeTextGrp>
        <CodeText xml:lang="nn">Barnehage</CodeText>
        <CodeText xml:lang="nb">Barnehage</CodeText>
        <CodeText xml:lang="en">Kindergarten</CodeText>
      </CodeTextGrp>
    </Code>
    <Code id="urn:ssb:code:stabas:4222310-4222732" parentCodeId="urn:ssb:code:stabas:4222308-4222726">
      <CodeValue>613</CodeValue>
      <CodeTextGrp>
        <CodeText xml:lang="nn">Barneskole</CodeText>
        <CodeText xml:lang="nb">Barneskole</CodeText>
        <CodeText xml:lang="en">Primary school</CodeText>
      </CodeTextGrp>
    </Code>
    <Code id="urn:ssb:code:stabas:4222310-4222734" parentCodeId="urn:ssb:code:stabas:4222308-4222726">
      <CodeValue>614</CodeValue>
      <CodeTextGrp>
        <CodeText xml:lang="nn">Ungdomsskole</CodeText>
        <CodeText xml:lang="nb">Ungdomsskole</CodeText>
        <CodeText xml:lang="en">Lower secondary school</CodeText>
      </CodeTextGrp>
    </Code>
    <Code id="urn:ssb:code:stabas:4222310-4222736" parentCodeId="urn:ssb:code:stabas:4222308-4222726">
      <CodeValue>615</CodeValue>
      <CodeTextGrp>
        <CodeText xml:lang="nn">Kombinert barne- og ungdomsskole</CodeText>
        <CodeText xml:lang="nb">Kombinert barne- og ungdomsskole</CodeText>
        <CodeText xml:lang="en">Combined primary and lower secondary school</CodeText>
      </CodeTextGrp>
    </Code>
    <Code id="urn:ssb:code:stabas:4222310-4222738" parentCodeId="urn:ssb:code:stabas:4222308-4222726">
      <CodeValue>616</CodeValue>
      <CodeTextGrp>
        <CodeText xml:lang="nn">Vidaregåande skole</CodeText>
        <CodeText xml:lang="nb">Videregående skole</CodeText>
        <CodeText xml:lang="en">Upper secondary school</CodeText>
      </CodeTextGrp>
    </Code>
    <Code id="urn:ssb:code:stabas:4222310-4222740" parentCodeId="urn:ssb:code:stabas:4222308-4222726">
      <CodeValue>619</CodeValue>
      <CodeTextGrp>
        <CodeText xml:lang="nn">Annan skolebygning</CodeText>
        <CodeText xml:lang="nb">Annen skolebygning</CodeText>
        <CodeText xml:lang="en">Other school building</CodeText>
      </CodeTextGrp>
    </Code>
    <Code id="urn:ssb:code:stabas:4222310-4222744" parentCodeId="urn:ssb:code:stabas:4222308-4222742">
      <CodeValue>621</CodeValue>
      <CodeTextGrp>
        <CodeText xml:lang="nn">Universitets- og høgskolebygning med integrerte funksjonar, auditorium, lesesal o.a.</CodeText>
        <CodeText xml:lang="nb">Universitets- og høgskolebygning med integrerte funksjoner, auditorium, lesesal o.a.</CodeText>
        <CodeText xml:lang="en">University and higher technical education building</CodeText>
      </CodeTextGrp>
    </Code>
    <Code id="urn:ssb:code:stabas:4222310-4222746" parentCodeId="urn:ssb:code:stabas:4222308-4222742">
      <CodeValue>623</CodeValue>
      <CodeTextGrp>
        <CodeText xml:lang="nn">Laboratoriebygning</CodeText>
        <CodeText xml:lang="nb">Laboratoriebygning</CodeText>
        <CodeText xml:lang="en">Laboratory building</CodeText>
      </CodeTextGrp>
    </Code>
    <Code id="urn:ssb:code:stabas:4222310-4222748" parentCodeId="urn:ssb:code:stabas:4222308-4222742">
      <CodeValue>629</CodeValue>
      <CodeTextGrp>
        <CodeText xml:lang="nn">Annan universitets-,høgskole- og forskningsbygning</CodeText>
        <CodeText xml:lang="nb">Annen universitets-, høgskole- og forskningsbygning</CodeText>
        <CodeText xml:lang="en">Other university and research building</CodeText>
      </CodeTextGrp>
    </Code>
    <Code id="urn:ssb:code:stabas:4222310-4222752" parentCodeId="urn:ssb:code:stabas:4222308-4222750">
      <CodeValue>641</CodeValue>
      <CodeTextGrp>
        <CodeText xml:lang="nn">Museum, kunstgalleri</CodeText>
        <CodeText xml:lang="nb">Museum, kunstgalleri</CodeText>
        <CodeText xml:lang="en">Museum and art gallery</CodeText>
      </CodeTextGrp>
    </Code>
    <Code id="urn:ssb:code:stabas:4222310-4222754" parentCodeId="urn:ssb:code:stabas:4222308-4222750">
      <CodeValue>642</CodeValue>
      <CodeTextGrp>
        <CodeText xml:lang="nn">Bibliotek, mediatek</CodeText>
        <CodeText xml:lang="nb">Bibliotek, mediatek</CodeText>
        <CodeText xml:lang="en">Library</CodeText>
      </CodeTextGrp>
    </Code>
    <Code id="urn:ssb:code:stabas:4222310-4222756" parentCodeId="urn:ssb:code:stabas:4222308-4222750">
      <CodeValue>643</CodeValue>
      <CodeTextGrp>
        <CodeText xml:lang="nn">Zoologisk og botanisk hage</CodeText>
        <CodeText xml:lang="nb">Zoologisk og botanisk hage</CodeText>
        <CodeText xml:lang="en">Zoological and botanical garden</CodeText>
      </CodeTextGrp>
    </Code>
    <Code id="urn:ssb:code:stabas:4222310-4222758" parentCodeId="urn:ssb:code:stabas:4222308-4222750">
      <CodeValue>649</CodeValue>
      <CodeTextGrp>
        <CodeText xml:lang="nn">Annan museums- og bibliotekbygning</CodeText>
        <CodeText xml:lang="nb">Annen museums- og bibliotekbygning</CodeText>
        <CodeText xml:lang="en">Other museum and library building</CodeText>
      </CodeTextGrp>
    </Code>
    <Code id="urn:ssb:code:stabas:4222310-4222762" parentCodeId="urn:ssb:code:stabas:4222308-4222760">
      <CodeValue>651</CodeValue>
      <CodeTextGrp>
        <CodeText xml:lang="nn">Idrettshall</CodeText>
        <CodeText xml:lang="nb">Idrettshall</CodeText>
        <CodeText xml:lang="en">Sports hall</CodeText>
      </CodeTextGrp>
    </Code>
    <Code id="urn:ssb:code:stabas:4222310-4222764" parentCodeId="urn:ssb:code:stabas:4222308-4222760">
      <CodeValue>652</CodeValue>
      <CodeTextGrp>
        <CodeText xml:lang="nn">Ishall</CodeText>
        <CodeText xml:lang="nb">Ishall</CodeText>
        <CodeText xml:lang="en">Ice arena</CodeText>
      </CodeTextGrp>
    </Code>
    <Code id="urn:ssb:code:stabas:4222310-4222766" parentCodeId="urn:ssb:code:stabas:4222308-4222760">
      <CodeValue>653</CodeValue>
      <CodeTextGrp>
        <CodeText xml:lang="nn">Symjehall</CodeText>
        <CodeText xml:lang="nb">Svømmehall</CodeText>
        <CodeText xml:lang="en">Indoor swimming pool</CodeText>
      </CodeTextGrp>
    </Code>
    <Code id="urn:ssb:code:stabas:4222310-4222768" parentCodeId="urn:ssb:code:stabas:4222308-4222760">
      <CodeValue>654</CodeValue>
      <CodeTextGrp>
        <CodeText xml:lang="nn">Tribune og idrettsgarderobe</CodeText>
        <CodeText xml:lang="nb">Tribune og idrettsgarderobe</CodeText>
        <CodeText xml:lang="en">Stand and building for shower and changing rooms</CodeText>
      </CodeTextGrp>
    </Code>
    <Code id="urn:ssb:code:stabas:4222310-4222770" parentCodeId="urn:ssb:code:stabas:4222308-4222760">
      <CodeValue>655</CodeValue>
      <CodeTextGrp>
        <CodeText xml:lang="nn">Helsestudio</CodeText>
        <CodeText xml:lang="nb">Helsestudio</CodeText>
        <CodeText xml:lang="en">Fitness centre</CodeText>
      </CodeTextGrp>
    </Code>
    <Code id="urn:ssb:code:stabas:4222310-4222772" parentCodeId="urn:ssb:code:stabas:4222308-4222760">
      <CodeValue>659</CodeValue>
      <CodeTextGrp>
        <CodeText xml:lang="nn">Annan idrettsbygning</CodeText>
        <CodeText xml:lang="nb">Annen idrettsbygning</CodeText>
        <CodeText xml:lang="en">Other sports building</CodeText>
      </CodeTextGrp>
    </Code>
    <Code id="urn:ssb:code:stabas:4222310-4222776" parentCodeId="urn:ssb:code:stabas:4222308-4222774">
      <CodeValue>661</CodeValue>
      <CodeTextGrp>
        <CodeText xml:lang="nn">Kinobygning, teaterbygning, opera/konserthus</CodeText>
        <CodeText xml:lang="nb">Kinobygning, teaterbygning, opera/konserthus</CodeText>
        <CodeText xml:lang="en">Cinema, theatre, concert hall, opera house</CodeText>
      </CodeTextGrp>
    </Code>
    <Code id="urn:ssb:code:stabas:4222310-4222778" parentCodeId="urn:ssb:code:stabas:4222308-4222774">
      <CodeValue>662</CodeValue>
      <CodeTextGrp>
        <CodeText xml:lang="nn">Samfunnshus, grendehus</CodeText>
        <CodeText xml:lang="nb">Samfunnshus, grendehus</CodeText>
        <CodeText xml:lang="en">Community centre, local meeting hall used for public entertainment</CodeText>
      </CodeTextGrp>
    </Code>
    <Code id="urn:ssb:code:stabas:4222310-4222780" parentCodeId="urn:ssb:code:stabas:4222308-4222774">
      <CodeValue>663</CodeValue>
      <CodeTextGrp>
        <CodeText xml:lang="nn">Diskotek</CodeText>
        <CodeText xml:lang="nb">Diskotek</CodeText>
        <CodeText xml:lang="en">Discotheque</CodeText>
      </CodeTextGrp>
    </Code>
    <Code id="urn:ssb:code:stabas:4222310-4222782" parentCodeId="urn:ssb:code:stabas:4222308-4222774">
      <CodeValue>669</CodeValue>
      <CodeTextGrp>
        <CodeText xml:lang="nn">Anna kulturhus</CodeText>
        <CodeText xml:lang="nb">Annet kulturhus</CodeText>
        <CodeText xml:lang="en">Other public entertainment building</CodeText>
      </CodeTextGrp>
    </Code>
    <Code id="urn:ssb:code:stabas:4222310-4222786" parentCodeId="urn:ssb:code:stabas:4222308-4222784">
      <CodeValue>671</CodeValue>
      <CodeTextGrp>
        <CodeText xml:lang="nn">Kyrkje, kapell</CodeText>
        <CodeText xml:lang="nb">Kirke, kapell</CodeText>
        <CodeText xml:lang="en">Church, chapel</CodeText>
      </CodeTextGrp>
    </Code>
    <Code id="urn:ssb:code:stabas:4222310-4222788" parentCodeId="urn:ssb:code:stabas:4222308-4222784">
      <CodeValue>672</CodeValue>
      <CodeTextGrp>
        <CodeText xml:lang="nn">Bedehus, kyrkjelydshus</CodeText>
        <CodeText xml:lang="nb">Bedehus, menighetshus</CodeText>
        <CodeText xml:lang="en">House of worship, parish house</CodeText>
      </CodeTextGrp>
    </Code>
    <Code id="urn:ssb:code:stabas:4222310-4222790" parentCodeId="urn:ssb:code:stabas:4222308-4222784">
      <CodeValue>673</CodeValue>
      <CodeTextGrp>
        <CodeText xml:lang="nn">Krematorium, gravkapell, bårehus</CodeText>
        <CodeText xml:lang="nb">Krematorium, gravkapell, bårehus</CodeText>
        <CodeText xml:lang="en">Crematorium, cemetery chapel, chapel of repose</CodeText>
      </CodeTextGrp>
    </Code>
    <Code id="urn:ssb:code:stabas:4222310-4222792" parentCodeId="urn:ssb:code:stabas:4222308-4222784">
      <CodeValue>674</CodeValue>
      <CodeTextGrp>
        <CodeText xml:lang="nn">Synagoge, moské</CodeText>
        <CodeText xml:lang="nb">Synagoge, moské</CodeText>
        <CodeText xml:lang="en">Synagogue, mosque</CodeText>
      </CodeTextGrp>
    </Code>
    <Code id="urn:ssb:code:stabas:4222310-4222794" parentCodeId="urn:ssb:code:stabas:4222308-4222784">
      <CodeValue>675</CodeValue>
      <CodeTextGrp>
        <CodeText xml:lang="nn">Kloster</CodeText>
        <CodeText xml:lang="nb">Kloster</CodeText>
        <CodeText xml:lang="en">Convent, monastery</CodeText>
      </CodeTextGrp>
    </Code>
    <Code id="urn:ssb:code:stabas:4222310-4222796" parentCodeId="urn:ssb:code:stabas:4222308-4222784">
      <CodeValue>679</CodeValue>
      <CodeTextGrp>
        <CodeText xml:lang="nn">Annan bygning for religiøse aktivitetar</CodeText>
        <CodeText xml:lang="nb">Annen bygning for religiøse aktiviteter</CodeText>
        <CodeText xml:lang="en">Other building used for religious activities</CodeText>
      </CodeTextGrp>
    </Code>
    <Code id="urn:ssb:code:stabas:4222310-4222902" parentCodeId="urn:ssb:code:stabas:4222308-4222800">
      <CodeValue>719</CodeValue>
      <CodeTextGrp>
        <CodeText xml:lang="nn">Sjukehus</CodeText>
        <CodeText xml:lang="nb">Sykehus</CodeText>
        <CodeText xml:lang="en">Hospital</CodeText>
      </CodeTextGrp>
    </Code>
    <Code id="urn:ssb:code:stabas:4222310-4222906" parentCodeId="urn:ssb:code:stabas:4222308-4222904">
      <CodeValue>721</CodeValue>
      <CodeTextGrp>
        <CodeText xml:lang="nn">Sjukeheim</CodeText>
        <CodeText xml:lang="nb">Sykehjem</CodeText>
        <CodeText xml:lang="en">Nursing home</CodeText>
      </CodeTextGrp>
    </Code>
    <Code id="urn:ssb:code:stabas:4222310-4222908" parentCodeId="urn:ssb:code:stabas:4222308-4222904">
      <CodeValue>722</CodeValue>
      <CodeTextGrp>
        <CodeText xml:lang="nn">Bu- og behandlingssenter, aldersheim</CodeText>
        <CodeText xml:lang="nb">Bo- og behandlingssenter, aldershjem</CodeText>
        <CodeText xml:lang="en">Residence and home with nursing and medical care</CodeText>
      </CodeTextGrp>
    </Code>
    <Code id="urn:ssb:code:stabas:4222310-4222910" parentCodeId="urn:ssb:code:stabas:4222308-4222904">
      <CodeValue>723</CodeValue>
      <CodeTextGrp>
        <CodeText xml:lang="nn">Rehabiliteringsinstitusjon, kurbad</CodeText>
        <CodeText xml:lang="nb">Rehabiliteringsinstitusjon, kurbad</CodeText>
        <CodeText xml:lang="en">Building for rehabilitation, sanatorium</CodeText>
      </CodeTextGrp>
    </Code>
    <Code id="urn:ssb:code:stabas:4222310-4222912" parentCodeId="urn:ssb:code:stabas:4222308-4222904">
      <CodeValue>729</CodeValue>
      <CodeTextGrp>
        <CodeText xml:lang="nn">Annan sjukeheim</CodeText>
        <CodeText xml:lang="nb">Annet sykehjem</CodeText>
        <CodeText xml:lang="en">Other long-stay hospital and nursing home</CodeText>
      </CodeTextGrp>
    </Code>
    <Code id="urn:ssb:code:stabas:4222310-4222916" parentCodeId="urn:ssb:code:stabas:4222308-4222914">
      <CodeValue>731</CodeValue>
      <CodeTextGrp>
        <CodeText xml:lang="nn">Klinikk, legekontor/-senter/-vakt</CodeText>
        <CodeText xml:lang="nb">Klinikk, legekontor/-senter/-vakt</CodeText>
        <CodeText xml:lang="en">Clinic, doctor?s office, medical centre, emergency clinic</CodeText>
      </CodeTextGrp>
    </Code>
    <Code id="urn:ssb:code:stabas:4222310-4222918" parentCodeId="urn:ssb:code:stabas:4222308-4222914">
      <CodeValue>732</CodeValue>
      <CodeTextGrp>
        <CodeText xml:lang="nn">Helse- og sosialsenter, helsestasjon</CodeText>
        <CodeText xml:lang="nb">Helse- og sosialsenter, helsestasjon</CodeText>
        <CodeText xml:lang="en">Health and social services centre, health station</CodeText>
      </CodeTextGrp>
    </Code>
    <Code id="urn:ssb:code:stabas:4222310-4222920" parentCodeId="urn:ssb:code:stabas:4222308-4222914">
      <CodeValue>739</CodeValue>
      <CodeTextGrp>
        <CodeText xml:lang="nn">Annan primærhelsebygning</CodeText>
        <CodeText xml:lang="nb">Annen primærhelsebygning</CodeText>
        <CodeText xml:lang="en">Other primary health building</CodeText>
      </CodeTextGrp>
    </Code>
    <Code id="urn:ssb:code:stabas:4222310-4222926" parentCodeId="urn:ssb:code:stabas:4222308-4222924">
      <CodeValue>819</CodeValue>
      <CodeTextGrp>
        <CodeText xml:lang="nn">Fengselsbygning</CodeText>
        <CodeText xml:lang="nb">Fengselsbygning</CodeText>
        <CodeText xml:lang="en">Prison building</CodeText>
      </CodeTextGrp>
    </Code>
    <Code id="urn:ssb:code:stabas:4222310-4222930" parentCodeId="urn:ssb:code:stabas:4222308-4222928">
      <CodeValue>821</CodeValue>
      <CodeTextGrp>
        <CodeText xml:lang="nn">Politistasjon</CodeText>
        <CodeText xml:lang="nb">Politistasjon</CodeText>
        <CodeText xml:lang="en">Police station</CodeText>
      </CodeTextGrp>
    </Code>
    <Code id="urn:ssb:code:stabas:4222310-4222932" parentCodeId="urn:ssb:code:stabas:4222308-4222928">
      <CodeValue>822</CodeValue>
      <CodeTextGrp>
        <CodeText xml:lang="nn">Brannstasjon, ambulansestasjon</CodeText>
        <CodeText xml:lang="nb">Brannstasjon, ambulansestasjon</CodeText>
        <CodeText xml:lang="en">Fire station, ambulance station</CodeText>
      </CodeTextGrp>
    </Code>
    <Code id="urn:ssb:code:stabas:4222310-4222934" parentCodeId="urn:ssb:code:stabas:4222308-4222928">
      <CodeValue>823</CodeValue>
      <CodeTextGrp>
        <CodeText xml:lang="nn">Fyrstasjon, losstasjon</CodeText>
        <CodeText xml:lang="nb">Fyrstasjon, losstasjon</CodeText>
        <CodeText xml:lang="en">Lighthouse building, pilot station</CodeText>
      </CodeTextGrp>
    </Code>
    <Code id="urn:ssb:code:stabas:4222310-4222936" parentCodeId="urn:ssb:code:stabas:4222308-4222928">
      <CodeValue>824</CodeValue>
      <CodeTextGrp>
        <CodeText xml:lang="nn">Stasjon for radarovervaking av fly- og/eller skipstrafikk</CodeText>
        <CodeText xml:lang="nb">Stasjon for radarovervåkning av fly- og/eller skipstrafikk</CodeText>
        <CodeText xml:lang="en">Radar surveillance station for aircraft and/or ships</CodeText>
      </CodeTextGrp>
    </Code>
    <Code id="urn:ssb:code:stabas:4222310-4222938" parentCodeId="urn:ssb:code:stabas:4222308-4222928">
      <CodeValue>825</CodeValue>
      <CodeTextGrp>
        <CodeText xml:lang="nn">Tilfluktsrom/bunker</CodeText>
        <CodeText xml:lang="nb">Tilfluktsrom/bunker</CodeText>
        <CodeText xml:lang="en">Air-raid shelter, bunker</CodeText>
      </CodeTextGrp>
    </Code>
    <Code id="urn:ssb:code:stabas:4222310-4222940" parentCodeId="urn:ssb:code:stabas:4222308-4222928">
      <CodeValue>829</CodeValue>
      <CodeTextGrp>
        <CodeText xml:lang="nn">Annan beredskapsbygning</CodeText>
        <CodeText xml:lang="nb">Annen beredskapsbygning</CodeText>
        <CodeText xml:lang="en">Other building for emergency preparedness</CodeText>
      </CodeTextGrp>
    </Code>
    <Code id="urn:ssb:code:stabas:4222310-8374407" parentCodeId="urn:ssb:code:stabas:4222308-8374403">
      <CodeValue>830</CodeValue>
      <CodeTextGrp>
        <CodeText xml:lang="nn">Monument </CodeText>
        <CodeText xml:lang="nb">Monument</CodeText>
        <CodeText xml:lang="en">Monument </CodeText>
      </CodeTextGrp>
    </Code>
    <Code id="urn:ssb:code:stabas:4222310-8374409" parentCodeId="urn:ssb:code:stabas:4222308-8374405">
      <CodeValue>840</CodeValue>
      <CodeTextGrp>
        <CodeText xml:lang="nn">Offentleg toalett</CodeText>
        <CodeText xml:lang="nb">Offentlig toalett</CodeText>
        <CodeText xml:lang="en">Public toilet</CodeText>
      </CodeTextGrp>
    </Code>
  </Codes>
</Codelist>