<?xml version="1.0" encoding="utf-8"?>
<Codelist xmlns:xsi="http://www.w3.org/2001/XMLSchema-instance" xmlns:xsd="http://www.w3.org/2001/XMLSchema" id="urn:ssb:codelist:stabas:4224106" defaultValidFrom="1977-01-01" lastChangedDate="2011-11-28" isCurrent="true" relationId="urn:ssb:classversion:stabas:4224102" xmlns="http://www.ssb.no/ns/meta/codelist">
  <CodelistMeta>
    <TitleGrp>
      <Title xml:lang="nn">Internasjonale fangstregionar 1977: FAO Hovedfangstområde</Title>
      <Title xml:lang="nb">Internasjonale fangstregioner 1977: FAO Hovedfangstområde</Title>
      <Title xml:lang="en">Major fishing areas (FAO) 1977: FAO Major fishing areas</Title>
    </TitleGrp>
    <DescriptionGrp>
      <Description xml:lang="nn">Standarden gir ei oversikt alle dei store fangstområda i verda og baserer seg på FNs matvareorganisasjon (FAO) si inndeling for statistiske føremål. Det er verdt å merkje seg at at Noreg berre rapporterer for nokre få av desse områda.</Description>
      <Description xml:lang="nb">Standarden er en oversikt over alle de store fangstområdene i verden, basert på FNs matvareorganisasjon (FAO) sin inndeling for statistisk formål. Det er verdt å merke seg at Norge ikke rapporterer på alle disse områdene, men bare noen få.</Description>
      <Description xml:lang="en">The standard outlines the larger fishing-areas in the world, based upon The Food and Agriculture Organization of the United Nations' (FAO's) division for statistical purposes. Norway does not report on more than a few of these areas.</Description>
    </DescriptionGrp>
    <ContactInformation>
      <Person xmlns="http://www.ssb.no/ns/meta/common">atf</Person>
      <Division xmlns="http://www.ssb.no/ns/meta/common">430</Division>
    </ContactInformation>
    <NoteGrp>
      <Note xml:lang="nn">Ikkje relevant</Note>
      <Note xml:lang="nb">Ikke relevant</Note>
      <Note xml:lang="en">Not relevant</Note>
    </NoteGrp>
  </CodelistMeta>
  <Codes>
    <Code id="urn:ssb:code:stabas:4224106-4224110">
      <CodeValue>A</CodeValue>
      <CodeTextGrp>
        <CodeText xml:lang="nn">Innlandsområde</CodeText>
        <CodeText xml:lang="nb">Innlandsområder</CodeText>
        <CodeText xml:lang="en">Inland waters</CodeText>
      </CodeTextGrp>
    </Code>
    <Code id="urn:ssb:code:stabas:4224106-4224128">
      <CodeValue>B</CodeValue>
      <CodeTextGrp>
        <CodeText xml:lang="nn">Havområde</CodeText>
        <CodeText xml:lang="nb">Havområder</CodeText>
        <CodeText xml:lang="en">Marine areas</CodeText>
      </CodeTextGrp>
    </Code>
  </Codes>
</Codelist>