<?xml version="1.0" encoding="utf-8"?>
<Codelist xmlns:xsi="http://www.w3.org/2001/XMLSchema-instance" xmlns:xsd="http://www.w3.org/2001/XMLSchema" id="urn:ssb:codelist:stabas:4224108" defaultValidFrom="1977-01-01" lastChangedDate="2011-11-28" parentCodelistId="urn:ssb:codelist:stabas:4224106" isCurrent="true" relationId="urn:ssb:classversion:stabas:4224102" xmlns="http://www.ssb.no/ns/meta/codelist">
  <CodelistMeta>
    <TitleGrp>
      <Title xml:lang="nn">Internasjonale fangstregionar 1977: Region-navn</Title>
      <Title xml:lang="nb">Internasjonale fangstregioner 1977: Region-navn</Title>
      <Title xml:lang="en">Major fishing areas (FAO) 1977: Area name</Title>
    </TitleGrp>
    <DescriptionGrp>
      <Description xml:lang="nn">Standarden gir ei oversikt alle dei store fangstområda i verda og baserer seg på FNs matvareorganisasjon (FAO) si inndeling for statistiske føremål. Det er verdt å merkje seg at at Noreg berre rapporterer for nokre få av desse områda.</Description>
      <Description xml:lang="nb">Standarden er en oversikt over alle de store fangstområdene i verden, basert på FNs matvareorganisasjon (FAO) sin inndeling for statistisk formål. Det er verdt å merke seg at Norge ikke rapporterer på alle disse områdene, men bare noen få.</Description>
      <Description xml:lang="en">The standard outlines the larger fishing-areas in the world, based upon The Food and Agriculture Organization of the United Nations' (FAO's) division for statistical purposes. Norway does not report on more than a few of these areas.</Description>
    </DescriptionGrp>
    <ContactInformation>
      <Person xmlns="http://www.ssb.no/ns/meta/common">atf</Person>
      <Division xmlns="http://www.ssb.no/ns/meta/common">430</Division>
    </ContactInformation>
    <NoteGrp>
      <Note xml:lang="nn">Ikkje relevant</Note>
      <Note xml:lang="nb">Ikke relevant</Note>
      <Note xml:lang="en">Not relevant</Note>
    </NoteGrp>
  </CodelistMeta>
  <Codes>
    <Code id="urn:ssb:code:stabas:4224108-4224112" parentCodeId="urn:ssb:code:stabas:4224106-4224110">
      <CodeValue>01</CodeValue>
      <CodeTextGrp>
        <CodeText xml:lang="nn">Afrika innland</CodeText>
        <CodeText xml:lang="nb">Afrika innland</CodeText>
        <CodeText xml:lang="en">Africa - inland waters</CodeText>
      </CodeTextGrp>
    </Code>
    <Code id="urn:ssb:code:stabas:4224108-4224114" parentCodeId="urn:ssb:code:stabas:4224106-4224110">
      <CodeValue>02</CodeValue>
      <CodeTextGrp>
        <CodeText xml:lang="nn">Nord Amerika innland</CodeText>
        <CodeText xml:lang="nb">Nord Amerika innland</CodeText>
        <CodeText xml:lang="en">North America - inland waters</CodeText>
      </CodeTextGrp>
    </Code>
    <Code id="urn:ssb:code:stabas:4224108-4224116" parentCodeId="urn:ssb:code:stabas:4224106-4224110">
      <CodeValue>03</CodeValue>
      <CodeTextGrp>
        <CodeText xml:lang="nn">Sør Amerika innland</CodeText>
        <CodeText xml:lang="nb">Sør Amerika innland</CodeText>
        <CodeText xml:lang="en">South America - inland waters</CodeText>
      </CodeTextGrp>
    </Code>
    <Code id="urn:ssb:code:stabas:4224108-4224118" parentCodeId="urn:ssb:code:stabas:4224106-4224110">
      <CodeValue>04</CodeValue>
      <CodeTextGrp>
        <CodeText xml:lang="nn">Asia innland</CodeText>
        <CodeText xml:lang="nb">Asia innland</CodeText>
        <CodeText xml:lang="en">Asia - inland waters</CodeText>
      </CodeTextGrp>
    </Code>
    <Code id="urn:ssb:code:stabas:4224108-4224120" parentCodeId="urn:ssb:code:stabas:4224106-4224110">
      <CodeValue>05</CodeValue>
      <CodeTextGrp>
        <CodeText xml:lang="nn">Europa innland</CodeText>
        <CodeText xml:lang="nb">Europa innland</CodeText>
        <CodeText xml:lang="en">Europe - inland waters</CodeText>
      </CodeTextGrp>
    </Code>
    <Code id="urn:ssb:code:stabas:4224108-4224122" parentCodeId="urn:ssb:code:stabas:4224106-4224110">
      <CodeValue>06</CodeValue>
      <CodeTextGrp>
        <CodeText xml:lang="nn">Oceania innland</CodeText>
        <CodeText xml:lang="nb">Oceania innland</CodeText>
        <CodeText xml:lang="en">Oceania - inland waters</CodeText>
      </CodeTextGrp>
    </Code>
    <Code id="urn:ssb:code:stabas:4224108-4224124" parentCodeId="urn:ssb:code:stabas:4224106-4224110">
      <CodeValue>07</CodeValue>
      <CodeTextGrp>
        <CodeText xml:lang="nn">Russland og tidlegare sovjetstatar</CodeText>
        <CodeText xml:lang="nb">Russland og tidligere sovjetstater</CodeText>
        <CodeText xml:lang="en">Former USSR</CodeText>
      </CodeTextGrp>
    </Code>
    <Code id="urn:ssb:code:stabas:4224108-4224126" parentCodeId="urn:ssb:code:stabas:4224106-4224110">
      <CodeValue>08</CodeValue>
      <CodeTextGrp>
        <CodeText xml:lang="nn">Antarktisk innland</CodeText>
        <CodeText xml:lang="nb">Antarktisk innland</CodeText>
        <CodeText xml:lang="en">Antartica inland waters</CodeText>
      </CodeTextGrp>
    </Code>
    <Code id="urn:ssb:code:stabas:4224108-4224130" parentCodeId="urn:ssb:code:stabas:4224106-4224128">
      <CodeValue>18</CodeValue>
      <CodeTextGrp>
        <CodeText xml:lang="nn">Arktiske sjø</CodeText>
        <CodeText xml:lang="nb">Arktiske sjø</CodeText>
        <CodeText xml:lang="en">Arctic Sea</CodeText>
      </CodeTextGrp>
    </Code>
    <Code id="urn:ssb:code:stabas:4224108-4224132" parentCodeId="urn:ssb:code:stabas:4224106-4224128">
      <CodeValue>21</CodeValue>
      <CodeTextGrp>
        <CodeText xml:lang="nn">Nordvestlege Atlanterhav</CodeText>
        <CodeText xml:lang="nb">Nordvestlige Atlanterhav</CodeText>
        <CodeText xml:lang="en">Northwest Atlantic</CodeText>
      </CodeTextGrp>
    </Code>
    <Code id="urn:ssb:code:stabas:4224108-4224134" parentCodeId="urn:ssb:code:stabas:4224106-4224128">
      <CodeValue>27</CodeValue>
      <CodeTextGrp>
        <CodeText xml:lang="nn">Nordaustlege Atlanterhav</CodeText>
        <CodeText xml:lang="nb">Nordøstlige Atlanterhav</CodeText>
        <CodeText xml:lang="en">Northeast Atlantic</CodeText>
      </CodeTextGrp>
    </Code>
    <Code id="urn:ssb:code:stabas:4224108-4224136" parentCodeId="urn:ssb:code:stabas:4224106-4224128">
      <CodeValue>31</CodeValue>
      <CodeTextGrp>
        <CodeText xml:lang="nn">Vestlege sentrale Atlanterhav</CodeText>
        <CodeText xml:lang="nb">Vestlige sentrale Atlanterhav</CodeText>
        <CodeText xml:lang="en">Western Central Atlantic</CodeText>
      </CodeTextGrp>
    </Code>
    <Code id="urn:ssb:code:stabas:4224108-4224138" parentCodeId="urn:ssb:code:stabas:4224106-4224128">
      <CodeValue>34</CodeValue>
      <CodeTextGrp>
        <CodeText xml:lang="nn">Austlege sentrale Atlanterhav</CodeText>
        <CodeText xml:lang="nb">Østlige sentrale Atlanterhav</CodeText>
        <CodeText xml:lang="en">Eastern Central Atlantic</CodeText>
      </CodeTextGrp>
    </Code>
    <Code id="urn:ssb:code:stabas:4224108-4224140" parentCodeId="urn:ssb:code:stabas:4224106-4224128">
      <CodeValue>37</CodeValue>
      <CodeTextGrp>
        <CodeText xml:lang="nn">Middelhavet og Svartehavet</CodeText>
        <CodeText xml:lang="nb">Middelhavet og Svartehavet</CodeText>
        <CodeText xml:lang="en">Mediterranean and Black Sea</CodeText>
      </CodeTextGrp>
    </Code>
    <Code id="urn:ssb:code:stabas:4224108-4224142" parentCodeId="urn:ssb:code:stabas:4224106-4224128">
      <CodeValue>41</CodeValue>
      <CodeTextGrp>
        <CodeText xml:lang="nn">Sørvestlege Atlanterhav</CodeText>
        <CodeText xml:lang="nb">Sørvestlige Atlanterhav</CodeText>
        <CodeText xml:lang="en">Southwest Atlantic</CodeText>
      </CodeTextGrp>
    </Code>
    <Code id="urn:ssb:code:stabas:4224108-4224144" parentCodeId="urn:ssb:code:stabas:4224106-4224128">
      <CodeValue>47</CodeValue>
      <CodeTextGrp>
        <CodeText xml:lang="nn">Søraustlege Atlanterhav</CodeText>
        <CodeText xml:lang="nb">Sørøstlige Atlanterhav</CodeText>
        <CodeText xml:lang="en">Southeast Atlantic</CodeText>
      </CodeTextGrp>
    </Code>
    <Code id="urn:ssb:code:stabas:4224108-4224146" parentCodeId="urn:ssb:code:stabas:4224106-4224128">
      <CodeValue>48</CodeValue>
      <CodeTextGrp>
        <CodeText xml:lang="nn">Antarktiske hav</CodeText>
        <CodeText xml:lang="nb">Antarktiske hav</CodeText>
        <CodeText xml:lang="en">Atlantic (Antarctic)</CodeText>
      </CodeTextGrp>
    </Code>
    <Code id="urn:ssb:code:stabas:4224108-4224148" parentCodeId="urn:ssb:code:stabas:4224106-4224128">
      <CodeValue>51</CodeValue>
      <CodeTextGrp>
        <CodeText xml:lang="nn">Vestlege Indiske hav</CodeText>
        <CodeText xml:lang="nb">Vestlige Indiske hav</CodeText>
        <CodeText xml:lang="en">Western Indian Ocean</CodeText>
      </CodeTextGrp>
    </Code>
    <Code id="urn:ssb:code:stabas:4224108-4224150" parentCodeId="urn:ssb:code:stabas:4224106-4224128">
      <CodeValue>57</CodeValue>
      <CodeTextGrp>
        <CodeText xml:lang="nn">Østlige Indiske hav</CodeText>
        <CodeText xml:lang="nb">Østlige Indiske hav</CodeText>
        <CodeText xml:lang="en">Eastern Indian Ocean</CodeText>
      </CodeTextGrp>
    </Code>
    <Code id="urn:ssb:code:stabas:4224108-4224152" parentCodeId="urn:ssb:code:stabas:4224106-4224128">
      <CodeValue>58</CodeValue>
      <CodeTextGrp>
        <CodeText xml:lang="nn">Indiske hav ved Antarktisk</CodeText>
        <CodeText xml:lang="nb">Indiske hav ved Antarktisk</CodeText>
        <CodeText xml:lang="en">Indian Ocean (Antarctic)</CodeText>
      </CodeTextGrp>
    </Code>
    <Code id="urn:ssb:code:stabas:4224108-4224154" parentCodeId="urn:ssb:code:stabas:4224106-4224128">
      <CodeValue>61</CodeValue>
      <CodeTextGrp>
        <CodeText xml:lang="nn">Nordvestlege Stillehav</CodeText>
        <CodeText xml:lang="nb">Nordvestlige Stillehav</CodeText>
        <CodeText xml:lang="en">Northwest Pacific</CodeText>
      </CodeTextGrp>
    </Code>
    <Code id="urn:ssb:code:stabas:4224108-4224156" parentCodeId="urn:ssb:code:stabas:4224106-4224128">
      <CodeValue>67</CodeValue>
      <CodeTextGrp>
        <CodeText xml:lang="nn">Nordaustlege Stillehav</CodeText>
        <CodeText xml:lang="nb">Nordøstlige Stillehav</CodeText>
        <CodeText xml:lang="en">Northeast Pacific</CodeText>
      </CodeTextGrp>
    </Code>
    <Code id="urn:ssb:code:stabas:4224108-4224158" parentCodeId="urn:ssb:code:stabas:4224106-4224128">
      <CodeValue>71</CodeValue>
      <CodeTextGrp>
        <CodeText xml:lang="nn">Vestlege sentrale Stillehav</CodeText>
        <CodeText xml:lang="nb">Vestlige sentrale Stillehav</CodeText>
        <CodeText xml:lang="en">Western Central Pacific</CodeText>
      </CodeTextGrp>
    </Code>
    <Code id="urn:ssb:code:stabas:4224108-4224160" parentCodeId="urn:ssb:code:stabas:4224106-4224128">
      <CodeValue>77</CodeValue>
      <CodeTextGrp>
        <CodeText xml:lang="nn">Østlege sentrale Stillehav</CodeText>
        <CodeText xml:lang="nb">Østlige sentrale Stillehav</CodeText>
        <CodeText xml:lang="en">Eastern Central Pacific</CodeText>
      </CodeTextGrp>
    </Code>
    <Code id="urn:ssb:code:stabas:4224108-4224162" parentCodeId="urn:ssb:code:stabas:4224106-4224128">
      <CodeValue>81</CodeValue>
      <CodeTextGrp>
        <CodeText xml:lang="nn">Sørvestlege Stillehav</CodeText>
        <CodeText xml:lang="nb">Sørvestlige Stillehav</CodeText>
        <CodeText xml:lang="en">Southwest Pacific</CodeText>
      </CodeTextGrp>
    </Code>
    <Code id="urn:ssb:code:stabas:4224108-4224164" parentCodeId="urn:ssb:code:stabas:4224106-4224128">
      <CodeValue>87</CodeValue>
      <CodeTextGrp>
        <CodeText xml:lang="nn">Søraustlege Stillehav</CodeText>
        <CodeText xml:lang="nb">Sørøstlige Stillehav</CodeText>
        <CodeText xml:lang="en">Southeast Pacific</CodeText>
      </CodeTextGrp>
    </Code>
    <Code id="urn:ssb:code:stabas:4224108-4224166" parentCodeId="urn:ssb:code:stabas:4224106-4224128">
      <CodeValue>88</CodeValue>
      <CodeTextGrp>
        <CodeText xml:lang="nn">Stillehavet ved Antarktisk</CodeText>
        <CodeText xml:lang="nb">Stillehavet ved Antarktisk</CodeText>
        <CodeText xml:lang="en">Pacific ( Antarctic)</CodeText>
      </CodeTextGrp>
    </Code>
  </Codes>
</Codelist>