<?xml version="1.0" encoding="utf-8"?>
<Codelist xmlns:xsi="http://www.w3.org/2001/XMLSchema-instance" xmlns:xsd="http://www.w3.org/2001/XMLSchema" id="urn:ssb:codelist:stabas:4226193" defaultValidFrom="1977-01-01" lastChangedDate="2011-11-28" parentCodelistId="urn:ssb:codelist:stabas:4226191" isCurrent="true" relationId="urn:ssb:classversion:stabas:4226187" xmlns="http://www.ssb.no/ns/meta/codelist">
  <CodelistMeta>
    <TitleGrp>
      <Title xml:lang="nn">Viktige norske fangstregionar 1977: Norsk område</Title>
      <Title xml:lang="nb">Viktige norske fangstregioner 1977: Norsk område</Title>
      <Title xml:lang="en">Important Norwegian fishing areas1977: Norwegian area</Title>
    </TitleGrp>
    <DescriptionGrp>
      <Description xml:lang="nn">Standarden er ei nøyare inndeling i viktige norske fangsregionar og er basert på standarden over alle dei store fangstområda i verda  - FNs matvareorganisasjon (FAO). I hovudsak gjeld det det nordaustlege Atlanterhavet og det nordvestlege Atlanterhavet.</Description>
      <Description xml:lang="nb">Standarden er en nøyere inndeling i viktige norske fangstregioner og er basert på standarden over alle de store fangstområdene i verden  - FNs matvareorganisasjon (FAO). Hovedsaklig gjelder dette det Nordøstlige Atlanterhav og det Nordvestlige Atlanterhav.</Description>
      <Description xml:lang="en">The standard outlines a more detailed divison of the most important Norwegian fishing-regions, based upon The Food and Agriculture Organization of the United Nations' (FAO's ) major fishing-areas. This is mainly in the North-East Atlantic and the North-West Atlantic.</Description>
    </DescriptionGrp>
    <ContactInformation>
      <Person xmlns="http://www.ssb.no/ns/meta/common">atf</Person>
      <Division xmlns="http://www.ssb.no/ns/meta/common">430</Division>
    </ContactInformation>
    <NoteGrp>
      <Note xml:lang="nn">Ikkje relevant</Note>
      <Note xml:lang="nb">Ikke relevant</Note>
      <Note xml:lang="en">Not relevant</Note>
    </NoteGrp>
  </CodelistMeta>
  <Codes>
    <Code id="urn:ssb:code:stabas:4226193-4226197" parentCodeId="urn:ssb:code:stabas:4226191-4226195">
      <CodeValue>00</CodeValue>
      <CodeTextGrp>
        <CodeText xml:lang="nn">Vestfjorden (Lofoten)</CodeText>
        <CodeText xml:lang="nb">Vestfjorden (Lofoten)</CodeText>
        <CodeText xml:lang="en">Westfjord (Lofoten)</CodeText>
      </CodeTextGrp>
    </Code>
    <Code id="urn:ssb:code:stabas:4226193-4226199" parentCodeId="urn:ssb:code:stabas:4226191-4226195">
      <CodeValue>01</CodeValue>
      <CodeTextGrp>
        <CodeText xml:lang="nn">Kaninbanken</CodeText>
        <CodeText xml:lang="nb">Kaninbanken</CodeText>
        <CodeText xml:lang="en">Kanin Bank</CodeText>
      </CodeTextGrp>
    </Code>
    <Code id="urn:ssb:code:stabas:4226193-4226301" parentCodeId="urn:ssb:code:stabas:4226191-4226195">
      <CodeValue>02</CodeValue>
      <CodeTextGrp>
        <CodeText xml:lang="nn">Murmanskkysten</CodeText>
        <CodeText xml:lang="nb">Murmanskkysten</CodeText>
        <CodeText xml:lang="en">Coast of Murmansk</CodeText>
      </CodeTextGrp>
    </Code>
    <Code id="urn:ssb:code:stabas:4226193-4226303" parentCodeId="urn:ssb:code:stabas:4226191-4226195">
      <CodeValue>03</CodeValue>
      <CodeTextGrp>
        <CodeText xml:lang="nn">Aust-Finnmark</CodeText>
        <CodeText xml:lang="nb">Øst-Finnmark</CodeText>
        <CodeText xml:lang="en">East-Finnmark</CodeText>
      </CodeTextGrp>
    </Code>
    <Code id="urn:ssb:code:stabas:4226193-4226305" parentCodeId="urn:ssb:code:stabas:4226191-4226195">
      <CodeValue>04</CodeValue>
      <CodeTextGrp>
        <CodeText xml:lang="nn">Vest-Finnmark</CodeText>
        <CodeText xml:lang="nb">Vest-Finnmark</CodeText>
        <CodeText xml:lang="en">West-Finnmark</CodeText>
      </CodeTextGrp>
    </Code>
    <Code id="urn:ssb:code:stabas:4226193-4226307" parentCodeId="urn:ssb:code:stabas:4226191-4226195">
      <CodeValue>05</CodeValue>
      <CodeTextGrp>
        <CodeText xml:lang="nn">Røstbanken til Malangsgrunnen</CodeText>
        <CodeText xml:lang="nb">Røstbanken til Malangsgrunnen</CodeText>
        <CodeText xml:lang="en">Røst-Bank to Malang Ground</CodeText>
      </CodeTextGrp>
    </Code>
    <Code id="urn:ssb:code:stabas:4226193-4226309" parentCodeId="urn:ssb:code:stabas:4226191-4226195">
      <CodeValue>06</CodeValue>
      <CodeTextGrp>
        <CodeText xml:lang="nn">Helgelandsbanken</CodeText>
        <CodeText xml:lang="nb">Helgelandsbanken</CodeText>
        <CodeText xml:lang="en">Helgeland Bank</CodeText>
      </CodeTextGrp>
    </Code>
    <Code id="urn:ssb:code:stabas:4226193-4226311" parentCodeId="urn:ssb:code:stabas:4226191-4226195">
      <CodeValue>07</CodeValue>
      <CodeTextGrp>
        <CodeText xml:lang="nn">Storegga-Frøyabanken</CodeText>
        <CodeText xml:lang="nb">Storegga-Frøyabanken</CodeText>
        <CodeText xml:lang="en">Storegga-Frøya Bank</CodeText>
      </CodeTextGrp>
    </Code>
    <Code id="urn:ssb:code:stabas:4226193-4226313" parentCodeId="urn:ssb:code:stabas:4226191-4226195">
      <CodeValue>08</CodeValue>
      <CodeTextGrp>
        <CodeText xml:lang="nn">Eigersundbanken</CodeText>
        <CodeText xml:lang="nb">Eigersundbanken</CodeText>
        <CodeText xml:lang="en">Eigersund Bank</CodeText>
      </CodeTextGrp>
    </Code>
    <Code id="urn:ssb:code:stabas:4226193-4226315" parentCodeId="urn:ssb:code:stabas:4226191-4226195">
      <CodeValue>09</CodeValue>
      <CodeTextGrp>
        <CodeText xml:lang="nn">Skagerrak</CodeText>
        <CodeText xml:lang="nb">Skagerrak</CodeText>
        <CodeText xml:lang="en">Skagerrak</CodeText>
      </CodeTextGrp>
    </Code>
    <Code id="urn:ssb:code:stabas:4226193-4226317" parentCodeId="urn:ssb:code:stabas:4226191-4226195">
      <CodeValue>10</CodeValue>
      <CodeTextGrp>
        <CodeText xml:lang="nn">Skolpenbanken</CodeText>
        <CodeText xml:lang="nb">Skolpenbanken</CodeText>
        <CodeText xml:lang="en">Skolpen Bank</CodeText>
      </CodeTextGrp>
    </Code>
    <Code id="urn:ssb:code:stabas:4226193-4226319" parentCodeId="urn:ssb:code:stabas:4226191-4226195">
      <CodeValue>11</CodeValue>
      <CodeTextGrp>
        <CodeText xml:lang="nn">Gåsebanken</CodeText>
        <CodeText xml:lang="nb">Gåsebanken</CodeText>
        <CodeText xml:lang="en">Gåse Bank</CodeText>
      </CodeTextGrp>
    </Code>
    <Code id="urn:ssb:code:stabas:4226193-4226321" parentCodeId="urn:ssb:code:stabas:4226191-4226195">
      <CodeValue>12</CodeValue>
      <CodeTextGrp>
        <CodeText xml:lang="nn">Nordkappbanken</CodeText>
        <CodeText xml:lang="nb">Nordkappbanken</CodeText>
        <CodeText xml:lang="en">Nordkapp Bank</CodeText>
      </CodeTextGrp>
    </Code>
    <Code id="urn:ssb:code:stabas:4226193-4226323" parentCodeId="urn:ssb:code:stabas:4226191-4226195">
      <CodeValue>13</CodeValue>
      <CodeTextGrp>
        <CodeText xml:lang="nn">Thor Iversens Bank</CodeText>
        <CodeText xml:lang="nb">Thor Iversens Bank</CodeText>
        <CodeText xml:lang="en">Thor Iversens Bank</CodeText>
      </CodeTextGrp>
    </Code>
    <Code id="urn:ssb:code:stabas:4226193-4226325" parentCodeId="urn:ssb:code:stabas:4226191-4226195">
      <CodeValue>14</CodeValue>
      <CodeTextGrp>
        <CodeText xml:lang="nn">Britvinfeltet</CodeText>
        <CodeText xml:lang="nb">Britvinfeltet</CodeText>
        <CodeText xml:lang="en">Britvin Ground</CodeText>
      </CodeTextGrp>
    </Code>
    <Code id="urn:ssb:code:stabas:4226193-4226327" parentCodeId="urn:ssb:code:stabas:4226191-4226195">
      <CodeValue>15</CodeValue>
      <CodeTextGrp>
        <CodeText xml:lang="nn">Sentralbanken</CodeText>
        <CodeText xml:lang="nb">Sentralbanken</CodeText>
        <CodeText xml:lang="en">Central Bank</CodeText>
      </CodeTextGrp>
    </Code>
    <Code id="urn:ssb:code:stabas:4226193-4226329" parentCodeId="urn:ssb:code:stabas:4226191-4226195">
      <CodeValue>16</CodeValue>
      <CodeTextGrp>
        <CodeText xml:lang="nn">Admiralityfeltet</CodeText>
        <CodeText xml:lang="nb">Admiralityfeltet</CodeText>
        <CodeText xml:lang="en">Admirality Ground</CodeText>
      </CodeTextGrp>
    </Code>
    <Code id="urn:ssb:code:stabas:4226193-4226331" parentCodeId="urn:ssb:code:stabas:4226191-4226195">
      <CodeValue>17</CodeValue>
      <CodeTextGrp>
        <CodeText xml:lang="nn">Nordaustområdet</CodeText>
        <CodeText xml:lang="nb">Nordøstområdet</CodeText>
        <CodeText xml:lang="en">Northeast Area</CodeText>
      </CodeTextGrp>
    </Code>
    <Code id="urn:ssb:code:stabas:4226193-4226333" parentCodeId="urn:ssb:code:stabas:4226191-4226195">
      <CodeValue>18</CodeValue>
      <CodeTextGrp>
        <CodeText xml:lang="nn">Nord av Novaja Semlja</CodeText>
        <CodeText xml:lang="nb">Nord av Novaja Semlja</CodeText>
        <CodeText xml:lang="en">North of Novaya Zemlya</CodeText>
      </CodeTextGrp>
    </Code>
    <Code id="urn:ssb:code:stabas:4226193-4226587" parentCodeId="urn:ssb:code:stabas:4226191-4226585">
      <CodeValue>19</CodeValue>
      <CodeTextGrp>
        <CodeText xml:lang="nn">Aust av Novaja Semlja</CodeText>
        <CodeText xml:lang="nb">Øst av Novaja Semlja</CodeText>
        <CodeText xml:lang="en">East of Novaya Zemlya</CodeText>
      </CodeTextGrp>
    </Code>
    <Code id="urn:ssb:code:stabas:4226193-4226335" parentCodeId="urn:ssb:code:stabas:4226191-4226195">
      <CodeValue>20</CodeValue>
      <CodeTextGrp>
        <CodeText xml:lang="nn">Bjørnøya</CodeText>
        <CodeText xml:lang="nb">Bjørnøya</CodeText>
        <CodeText xml:lang="en">Bear Island</CodeText>
      </CodeTextGrp>
    </Code>
    <Code id="urn:ssb:code:stabas:4226193-4226337" parentCodeId="urn:ssb:code:stabas:4226191-4226195">
      <CodeValue>21</CodeValue>
      <CodeTextGrp>
        <CodeText xml:lang="nn">Vest-Spitsbergen</CodeText>
        <CodeText xml:lang="nb">Vest-Spitsbergen</CodeText>
        <CodeText xml:lang="en">West Spitsbergen</CodeText>
      </CodeTextGrp>
    </Code>
    <Code id="urn:ssb:code:stabas:4226193-4226339" parentCodeId="urn:ssb:code:stabas:4226191-4226195">
      <CodeValue>22</CodeValue>
      <CodeTextGrp>
        <CodeText xml:lang="nn">Storfjord/Hinlopenstredet</CodeText>
        <CodeText xml:lang="nb">Storfjord/Hinlopenstredet</CodeText>
        <CodeText xml:lang="en">Storfjord/Hinlopen Strait</CodeText>
      </CodeTextGrp>
    </Code>
    <Code id="urn:ssb:code:stabas:4226193-4226341" parentCodeId="urn:ssb:code:stabas:4226191-4226195">
      <CodeValue>23</CodeValue>
      <CodeTextGrp>
        <CodeText xml:lang="nn">Hopen</CodeText>
        <CodeText xml:lang="nb">Hopen</CodeText>
        <CodeText xml:lang="en">Hopen</CodeText>
      </CodeTextGrp>
    </Code>
    <Code id="urn:ssb:code:stabas:4226193-4226343" parentCodeId="urn:ssb:code:stabas:4226191-4226195">
      <CodeValue>24</CodeValue>
      <CodeTextGrp>
        <CodeText xml:lang="nn">Storbanken</CodeText>
        <CodeText xml:lang="nb">Storbanken</CodeText>
        <CodeText xml:lang="en">Great Bank</CodeText>
      </CodeTextGrp>
    </Code>
    <Code id="urn:ssb:code:stabas:4226193-4226345" parentCodeId="urn:ssb:code:stabas:4226191-4226195">
      <CodeValue>25</CodeValue>
      <CodeTextGrp>
        <CodeText xml:lang="nn">Nordv.-Spitsbergen</CodeText>
        <CodeText xml:lang="nb">Nordv.-Spitsbergen</CodeText>
        <CodeText xml:lang="en">Northwest Spitsbergen</CodeText>
      </CodeTextGrp>
    </Code>
    <Code id="urn:ssb:code:stabas:4226193-4226347" parentCodeId="urn:ssb:code:stabas:4226191-4226195">
      <CodeValue>26</CodeValue>
      <CodeTextGrp>
        <CodeText xml:lang="nn">Grønlandshavet</CodeText>
        <CodeText xml:lang="nb">Grønlandshavet</CodeText>
        <CodeText xml:lang="en">Greenland Sea</CodeText>
      </CodeTextGrp>
    </Code>
    <Code id="urn:ssb:code:stabas:4226193-4226349" parentCodeId="urn:ssb:code:stabas:4226191-4226195">
      <CodeValue>27</CodeValue>
      <CodeTextGrp>
        <CodeText xml:lang="nn">Sørvest av Spitsbergen</CodeText>
        <CodeText xml:lang="nb">Sørvest av Spitsbergen</CodeText>
        <CodeText xml:lang="en">Southwest of Spitsbergen</CodeText>
      </CodeTextGrp>
    </Code>
    <Code id="urn:ssb:code:stabas:4226193-4226351" parentCodeId="urn:ssb:code:stabas:4226191-4226195">
      <CodeValue>28</CodeValue>
      <CodeTextGrp>
        <CodeText xml:lang="nn">Vikingbanken</CodeText>
        <CodeText xml:lang="nb">Vikingbanken</CodeText>
        <CodeText xml:lang="en">Viking Bank</CodeText>
      </CodeTextGrp>
    </Code>
    <Code id="urn:ssb:code:stabas:4226193-4226353" parentCodeId="urn:ssb:code:stabas:4226191-4226195">
      <CodeValue>29</CodeValue>
      <CodeTextGrp>
        <CodeText xml:lang="nn">Østersjøen</CodeText>
        <CodeText xml:lang="nb">Østersjøen</CodeText>
        <CodeText xml:lang="en">The Baltic</CodeText>
      </CodeTextGrp>
    </Code>
    <Code id="urn:ssb:code:stabas:4226193-4226355" parentCodeId="urn:ssb:code:stabas:4226191-4226195">
      <CodeValue>30</CodeValue>
      <CodeTextGrp>
        <CodeText xml:lang="nn">Sørlege Norskehav</CodeText>
        <CodeText xml:lang="nb">Sørlige Norskehav</CodeText>
        <CodeText xml:lang="en">Southern Norwegian Sea</CodeText>
      </CodeTextGrp>
    </Code>
    <Code id="urn:ssb:code:stabas:4226193-4226357" parentCodeId="urn:ssb:code:stabas:4226191-4226195">
      <CodeValue>31</CodeValue>
      <CodeTextGrp>
        <CodeText xml:lang="nn">Aust av Færøyane</CodeText>
        <CodeText xml:lang="nb">Øst av Færøyane</CodeText>
        <CodeText xml:lang="en">East of Faroe Islands</CodeText>
      </CodeTextGrp>
    </Code>
    <Code id="urn:ssb:code:stabas:4226193-4226589" parentCodeId="urn:ssb:code:stabas:4226191-4226585">
      <CodeValue>32</CodeValue>
      <CodeTextGrp>
        <CodeText xml:lang="nn">Det vestlege indiske hav</CodeText>
        <CodeText xml:lang="nb">Det vestlige indiske hav</CodeText>
        <CodeText xml:lang="en">Western Indian Ocean</CodeText>
      </CodeTextGrp>
    </Code>
    <Code id="urn:ssb:code:stabas:4226193-4226591" parentCodeId="urn:ssb:code:stabas:4226191-4226585">
      <CodeValue>33</CodeValue>
      <CodeTextGrp>
        <CodeText xml:lang="nn">Søraustlege Atlanterhav</CodeText>
        <CodeText xml:lang="nb">Sørøstlige Atlanterhav</CodeText>
        <CodeText xml:lang="en">Southeast Atlantic Ocean</CodeText>
      </CodeTextGrp>
    </Code>
    <Code id="urn:ssb:code:stabas:4226193-4226359" parentCodeId="urn:ssb:code:stabas:4226191-4226195">
      <CodeValue>34</CodeValue>
      <CodeTextGrp>
        <CodeText xml:lang="nn">Sentrale Norskehav</CodeText>
        <CodeText xml:lang="nb">Sentrale Norskehav</CodeText>
        <CodeText xml:lang="en">Central Norwegian Sea</CodeText>
      </CodeTextGrp>
    </Code>
    <Code id="urn:ssb:code:stabas:4226193-4226361" parentCodeId="urn:ssb:code:stabas:4226191-4226195">
      <CodeValue>35</CodeValue>
      <CodeTextGrp>
        <CodeText xml:lang="nn">Sør for Jan Mayen</CodeText>
        <CodeText xml:lang="nb">Sør for Jan Mayen</CodeText>
        <CodeText xml:lang="en">South of Jan Mayen</CodeText>
      </CodeTextGrp>
    </Code>
    <Code id="urn:ssb:code:stabas:4226193-4226363" parentCodeId="urn:ssb:code:stabas:4226191-4226195">
      <CodeValue>36</CodeValue>
      <CodeTextGrp>
        <CodeText xml:lang="nn">Vestlege Norskehav</CodeText>
        <CodeText xml:lang="nb">Vestlige Norskehav</CodeText>
        <CodeText xml:lang="en">Western Norwegian Sea</CodeText>
      </CodeTextGrp>
    </Code>
    <Code id="urn:ssb:code:stabas:4226193-4226365" parentCodeId="urn:ssb:code:stabas:4226191-4226195">
      <CodeValue>37</CodeValue>
      <CodeTextGrp>
        <CodeText xml:lang="nn">Austlege Norskehav</CodeText>
        <CodeText xml:lang="nb">Østlige Norskehav</CodeText>
        <CodeText xml:lang="en">Eastern Norwegian Sea</CodeText>
      </CodeTextGrp>
    </Code>
    <Code id="urn:ssb:code:stabas:4226193-4226367" parentCodeId="urn:ssb:code:stabas:4226191-4226195">
      <CodeValue>38</CodeValue>
      <CodeTextGrp>
        <CodeText xml:lang="nn">Nordvestlege Norskehav</CodeText>
        <CodeText xml:lang="nb">Nordvestlige Norskehav</CodeText>
        <CodeText xml:lang="en">Northwest Norwegian Sea</CodeText>
      </CodeTextGrp>
    </Code>
    <Code id="urn:ssb:code:stabas:4226193-4226369" parentCodeId="urn:ssb:code:stabas:4226191-4226195">
      <CodeValue>39</CodeValue>
      <CodeTextGrp>
        <CodeText xml:lang="nn">Vest av Tromsøflaket</CodeText>
        <CodeText xml:lang="nb">Vest av Tromsøflaket</CodeText>
        <CodeText xml:lang="en">West of Tromsø Bank</CodeText>
      </CodeTextGrp>
    </Code>
    <Code id="urn:ssb:code:stabas:4226193-4226371" parentCodeId="urn:ssb:code:stabas:4226191-4226195">
      <CodeValue>40</CodeValue>
      <CodeTextGrp>
        <CodeText xml:lang="nn">Sørlege Nordsjø</CodeText>
        <CodeText xml:lang="nb">Sørlige Nordsjø</CodeText>
        <CodeText xml:lang="en">Southern North Sea</CodeText>
      </CodeTextGrp>
    </Code>
    <Code id="urn:ssb:code:stabas:4226193-4226373" parentCodeId="urn:ssb:code:stabas:4226191-4226195">
      <CodeValue>41</CodeValue>
      <CodeTextGrp>
        <CodeText xml:lang="nn">Sentrale Nordsjø</CodeText>
        <CodeText xml:lang="nb">Sentrale Nordsjø</CodeText>
        <CodeText xml:lang="en">Central North Sea</CodeText>
      </CodeTextGrp>
    </Code>
    <Code id="urn:ssb:code:stabas:4226193-4226375" parentCodeId="urn:ssb:code:stabas:4226191-4226195">
      <CodeValue>42</CodeValue>
      <CodeTextGrp>
        <CodeText xml:lang="nn">Shetland</CodeText>
        <CodeText xml:lang="nb">Shetland</CodeText>
        <CodeText xml:lang="en">Shetland</CodeText>
      </CodeTextGrp>
    </Code>
    <Code id="urn:ssb:code:stabas:4226193-4226377" parentCodeId="urn:ssb:code:stabas:4226191-4226195">
      <CodeValue>43</CodeValue>
      <CodeTextGrp>
        <CodeText xml:lang="nn">Vest av Skottland (Hebridane)</CodeText>
        <CodeText xml:lang="nb">Vest av Skottland (Hebridene)</CodeText>
        <CodeText xml:lang="en">West of Scotland</CodeText>
      </CodeTextGrp>
    </Code>
    <Code id="urn:ssb:code:stabas:4226193-4226379" parentCodeId="urn:ssb:code:stabas:4226191-4226195">
      <CodeValue>44</CodeValue>
      <CodeTextGrp>
        <CodeText xml:lang="nn">Irskesjøen</CodeText>
        <CodeText xml:lang="nb">Irskesjøen</CodeText>
        <CodeText xml:lang="en">Irish Sea</CodeText>
      </CodeTextGrp>
    </Code>
    <Code id="urn:ssb:code:stabas:4226193-4226381" parentCodeId="urn:ssb:code:stabas:4226191-4226195">
      <CodeValue>45</CodeValue>
      <CodeTextGrp>
        <CodeText xml:lang="nn">Bristolkanalen</CodeText>
        <CodeText xml:lang="nb">Bristolkanalen</CodeText>
        <CodeText xml:lang="en">Bristol Channel</CodeText>
      </CodeTextGrp>
    </Code>
    <Code id="urn:ssb:code:stabas:4226193-4226383" parentCodeId="urn:ssb:code:stabas:4226191-4226195">
      <CodeValue>46</CodeValue>
      <CodeTextGrp>
        <CodeText xml:lang="nn">Utanfor Cornwall</CodeText>
        <CodeText xml:lang="nb">Utanfor Cornwall</CodeText>
        <CodeText xml:lang="en">Outside Cornwall</CodeText>
      </CodeTextGrp>
    </Code>
    <Code id="urn:ssb:code:stabas:4226193-4226385" parentCodeId="urn:ssb:code:stabas:4226191-4226195">
      <CodeValue>47</CodeValue>
      <CodeTextGrp>
        <CodeText xml:lang="nn">Rockall</CodeText>
        <CodeText xml:lang="nb">Rockall</CodeText>
        <CodeText xml:lang="en">Rockall</CodeText>
      </CodeTextGrp>
    </Code>
    <Code id="urn:ssb:code:stabas:4226193-4226387" parentCodeId="urn:ssb:code:stabas:4226191-4226195">
      <CodeValue>48</CodeValue>
      <CodeTextGrp>
        <CodeText xml:lang="nn">Vest av Irland</CodeText>
        <CodeText xml:lang="nb">Vest av Irland</CodeText>
        <CodeText xml:lang="en">West of Ireland</CodeText>
      </CodeTextGrp>
    </Code>
    <Code id="urn:ssb:code:stabas:4226193-4226389" parentCodeId="urn:ssb:code:stabas:4226191-4226195">
      <CodeValue>49</CodeValue>
      <CodeTextGrp>
        <CodeText xml:lang="nn">Sørvest av Irland</CodeText>
        <CodeText xml:lang="nb">Sørvest av Irland</CodeText>
        <CodeText xml:lang="en">Southwest of Ireland</CodeText>
      </CodeTextGrp>
    </Code>
    <Code id="urn:ssb:code:stabas:4226193-4226391" parentCodeId="urn:ssb:code:stabas:4226191-4226195">
      <CodeValue>50</CodeValue>
      <CodeTextGrp>
        <CodeText xml:lang="nn">Sørvestlege Norskehav</CodeText>
        <CodeText xml:lang="nb">Sørvestlige Norskehav</CodeText>
        <CodeText xml:lang="en">Southwest Norwegian Sea</CodeText>
      </CodeTextGrp>
    </Code>
    <Code id="urn:ssb:code:stabas:4226193-4226393" parentCodeId="urn:ssb:code:stabas:4226191-4226195">
      <CodeValue>51</CodeValue>
      <CodeTextGrp>
        <CodeText xml:lang="nn">Søraust av Island</CodeText>
        <CodeText xml:lang="nb">Sørøst av Island</CodeText>
        <CodeText xml:lang="en">Southeast of Iceland</CodeText>
      </CodeTextGrp>
    </Code>
    <Code id="urn:ssb:code:stabas:4226193-4226395" parentCodeId="urn:ssb:code:stabas:4226191-4226195">
      <CodeValue>52</CodeValue>
      <CodeTextGrp>
        <CodeText xml:lang="nn">Sørvest av Island</CodeText>
        <CodeText xml:lang="nb">Sørvest av Island</CodeText>
        <CodeText xml:lang="en">Southwest of Iceland</CodeText>
      </CodeTextGrp>
    </Code>
    <Code id="urn:ssb:code:stabas:4226193-4226397" parentCodeId="urn:ssb:code:stabas:4226191-4226195">
      <CodeValue>53</CodeValue>
      <CodeTextGrp>
        <CodeText xml:lang="nn">Nordvest av Island</CodeText>
        <CodeText xml:lang="nb">Nordvest av Island</CodeText>
        <CodeText xml:lang="en">Northwest of Iceland</CodeText>
      </CodeTextGrp>
    </Code>
    <Code id="urn:ssb:code:stabas:4226193-4226399" parentCodeId="urn:ssb:code:stabas:4226191-4226195">
      <CodeValue>54</CodeValue>
      <CodeTextGrp>
        <CodeText xml:lang="nn">Nord av Horn (Island)</CodeText>
        <CodeText xml:lang="nb">Nord av Horn (Island)</CodeText>
        <CodeText xml:lang="en">North of Horn (Iceland)</CodeText>
      </CodeTextGrp>
    </Code>
    <Code id="urn:ssb:code:stabas:4226193-4226501" parentCodeId="urn:ssb:code:stabas:4226191-4226195">
      <CodeValue>55</CodeValue>
      <CodeTextGrp>
        <CodeText xml:lang="nn">Nord av Island</CodeText>
        <CodeText xml:lang="nb">Nord av Island</CodeText>
        <CodeText xml:lang="en">North of Iceland</CodeText>
      </CodeTextGrp>
    </Code>
    <Code id="urn:ssb:code:stabas:4226193-4226503" parentCodeId="urn:ssb:code:stabas:4226191-4226195">
      <CodeValue>56</CodeValue>
      <CodeTextGrp>
        <CodeText xml:lang="nn">Nordaust av Island</CodeText>
        <CodeText xml:lang="nb">Nordøst av Island</CodeText>
        <CodeText xml:lang="en">Northeast of Iceland</CodeText>
      </CodeTextGrp>
    </Code>
    <Code id="urn:ssb:code:stabas:4226193-4226505" parentCodeId="urn:ssb:code:stabas:4226191-4226195">
      <CodeValue>57</CodeValue>
      <CodeTextGrp>
        <CodeText xml:lang="nn">Vest av Færøyane</CodeText>
        <CodeText xml:lang="nb">Vest av Færøyane</CodeText>
        <CodeText xml:lang="en">West of Faroe Islands</CodeText>
      </CodeTextGrp>
    </Code>
    <Code id="urn:ssb:code:stabas:4226193-4226507" parentCodeId="urn:ssb:code:stabas:4226191-4226195">
      <CodeValue>58</CodeValue>
      <CodeTextGrp>
        <CodeText xml:lang="nn">Færøybanken</CodeText>
        <CodeText xml:lang="nb">Færøybanken</CodeText>
        <CodeText xml:lang="en">Faroe Islands Bank</CodeText>
      </CodeTextGrp>
    </Code>
    <Code id="urn:ssb:code:stabas:4226193-4226509" parentCodeId="urn:ssb:code:stabas:4226191-4226195">
      <CodeValue>59</CodeValue>
      <CodeTextGrp>
        <CodeText xml:lang="nn">Aust av Island</CodeText>
        <CodeText xml:lang="nb">Øst av Island</CodeText>
        <CodeText xml:lang="en">East of Iceland</CodeText>
      </CodeTextGrp>
    </Code>
    <Code id="urn:ssb:code:stabas:4226193-4226511" parentCodeId="urn:ssb:code:stabas:4226191-4226195">
      <CodeValue>60</CodeValue>
      <CodeTextGrp>
        <CodeText xml:lang="nn">Skjoldungen</CodeText>
        <CodeText xml:lang="nb">Skjoldungen</CodeText>
        <CodeText xml:lang="en">Skjoldungen</CodeText>
      </CodeTextGrp>
    </Code>
    <Code id="urn:ssb:code:stabas:4226193-4226513" parentCodeId="urn:ssb:code:stabas:4226191-4226195">
      <CodeValue>61</CodeValue>
      <CodeTextGrp>
        <CodeText xml:lang="nn">Danmarkstredet</CodeText>
        <CodeText xml:lang="nb">Danmarkstredet</CodeText>
        <CodeText xml:lang="en">Denmark Strait</CodeText>
      </CodeTextGrp>
    </Code>
    <Code id="urn:ssb:code:stabas:4226193-4226515" parentCodeId="urn:ssb:code:stabas:4226191-4226195">
      <CodeValue>62</CodeValue>
      <CodeTextGrp>
        <CodeText xml:lang="nn">Gammelock</CodeText>
        <CodeText xml:lang="nb">Gammelock</CodeText>
        <CodeText xml:lang="en">Gammelock</CodeText>
      </CodeTextGrp>
    </Code>
    <Code id="urn:ssb:code:stabas:4226193-4226517" parentCodeId="urn:ssb:code:stabas:4226191-4226195">
      <CodeValue>63</CodeValue>
      <CodeTextGrp>
        <CodeText xml:lang="nn">Aust for Dronning Louise land</CodeText>
        <CodeText xml:lang="nb">Øst for Dronning Louise land</CodeText>
        <CodeText xml:lang="en">East of Queen Louise Land</CodeText>
      </CodeTextGrp>
    </Code>
    <Code id="urn:ssb:code:stabas:4226193-4226531" parentCodeId="urn:ssb:code:stabas:4226191-4226529">
      <CodeValue>64</CodeValue>
      <CodeTextGrp>
        <CodeText xml:lang="nn">Baffin Island</CodeText>
        <CodeText xml:lang="nb">Baffin Island</CodeText>
        <CodeText xml:lang="en">Baffin Island</CodeText>
      </CodeTextGrp>
    </Code>
    <Code id="urn:ssb:code:stabas:4226193-4226533" parentCodeId="urn:ssb:code:stabas:4226191-4226529">
      <CodeValue>65</CodeValue>
      <CodeTextGrp>
        <CodeText xml:lang="nn">Disko</CodeText>
        <CodeText xml:lang="nb">Disko</CodeText>
        <CodeText xml:lang="en">Disko</CodeText>
      </CodeTextGrp>
    </Code>
    <Code id="urn:ssb:code:stabas:4226193-4226535" parentCodeId="urn:ssb:code:stabas:4226191-4226529">
      <CodeValue>66</CodeValue>
      <CodeTextGrp>
        <CodeText xml:lang="nn">Hellefiskbanken</CodeText>
        <CodeText xml:lang="nb">Hellefiskbanken</CodeText>
        <CodeText xml:lang="en">Hellefisk Bank</CodeText>
      </CodeTextGrp>
    </Code>
    <Code id="urn:ssb:code:stabas:4226193-4226537" parentCodeId="urn:ssb:code:stabas:4226191-4226529">
      <CodeValue>67</CodeValue>
      <CodeTextGrp>
        <CodeText xml:lang="nn">Bananbanken</CodeText>
        <CodeText xml:lang="nb">Bananbanken</CodeText>
        <CodeText xml:lang="en">Banan Bank</CodeText>
      </CodeTextGrp>
    </Code>
    <Code id="urn:ssb:code:stabas:4226193-4226539" parentCodeId="urn:ssb:code:stabas:4226191-4226529">
      <CodeValue>68</CodeValue>
      <CodeTextGrp>
        <CodeText xml:lang="nn">Fyllas Bank</CodeText>
        <CodeText xml:lang="nb">Fyllas Bank</CodeText>
        <CodeText xml:lang="en">Fyllas Bank</CodeText>
      </CodeTextGrp>
    </Code>
    <Code id="urn:ssb:code:stabas:4226193-4226541" parentCodeId="urn:ssb:code:stabas:4226191-4226529">
      <CodeValue>69</CodeValue>
      <CodeTextGrp>
        <CodeText xml:lang="nn">Fredrikshaab Banken</CodeText>
        <CodeText xml:lang="nb">Fredrikshaab Banken</CodeText>
        <CodeText xml:lang="en">Fredrikshaab Bank</CodeText>
      </CodeTextGrp>
    </Code>
    <Code id="urn:ssb:code:stabas:4226193-4226519" parentCodeId="urn:ssb:code:stabas:4226191-4226195">
      <CodeValue>70</CodeValue>
      <CodeTextGrp>
        <CodeText xml:lang="nn">Reykjanesryggen</CodeText>
        <CodeText xml:lang="nb">Reykjanesryggen</CodeText>
        <CodeText xml:lang="en">Reykjanes Ridge</CodeText>
      </CodeTextGrp>
    </Code>
    <Code id="urn:ssb:code:stabas:4226193-4226521" parentCodeId="urn:ssb:code:stabas:4226191-4226195">
      <CodeValue>71</CodeValue>
      <CodeTextGrp>
        <CodeText xml:lang="nn">Azorerplatået</CodeText>
        <CodeText xml:lang="nb">Azorerplatået</CodeText>
        <CodeText xml:lang="en">Azores Plateau</CodeText>
      </CodeTextGrp>
    </Code>
    <Code id="urn:ssb:code:stabas:4226193-4226523" parentCodeId="urn:ssb:code:stabas:4226191-4226195">
      <CodeValue>72</CodeValue>
      <CodeTextGrp>
        <CodeText xml:lang="nn">Vesteuropeiske Basseng</CodeText>
        <CodeText xml:lang="nb">Vesteuropeiske Basseng</CodeText>
        <CodeText xml:lang="en">West European Basin</CodeText>
      </CodeTextGrp>
    </Code>
    <Code id="urn:ssb:code:stabas:4226193-4226525" parentCodeId="urn:ssb:code:stabas:4226191-4226195">
      <CodeValue>73</CodeValue>
      <CodeTextGrp>
        <CodeText xml:lang="nn">Biscayabukta</CodeText>
        <CodeText xml:lang="nb">Biscayabukta</CodeText>
        <CodeText xml:lang="en">Bay of Biscay</CodeText>
      </CodeTextGrp>
    </Code>
    <Code id="urn:ssb:code:stabas:4226193-4226527" parentCodeId="urn:ssb:code:stabas:4226191-4226195">
      <CodeValue>74</CodeValue>
      <CodeTextGrp>
        <CodeText xml:lang="nn">Iberiske Basseng</CodeText>
        <CodeText xml:lang="nb">Iberiske Basseng</CodeText>
        <CodeText xml:lang="en">Iberian Basin</CodeText>
      </CodeTextGrp>
    </Code>
    <Code id="urn:ssb:code:stabas:4226193-4226543" parentCodeId="urn:ssb:code:stabas:4226191-4226529">
      <CodeValue>75</CodeValue>
      <CodeTextGrp>
        <CodeText xml:lang="nn">Kap Farvel</CodeText>
        <CodeText xml:lang="nb">Kap Farvel</CodeText>
        <CodeText xml:lang="en">Cap Farewell</CodeText>
      </CodeTextGrp>
    </Code>
    <Code id="urn:ssb:code:stabas:4226193-4226545" parentCodeId="urn:ssb:code:stabas:4226191-4226529">
      <CodeValue>76</CodeValue>
      <CodeTextGrp>
        <CodeText xml:lang="nn">Labrador Nord</CodeText>
        <CodeText xml:lang="nb">Labrador Nord</CodeText>
        <CodeText xml:lang="en">Labrador North</CodeText>
      </CodeTextGrp>
    </Code>
    <Code id="urn:ssb:code:stabas:4226193-4226547" parentCodeId="urn:ssb:code:stabas:4226191-4226529">
      <CodeValue>77</CodeValue>
      <CodeTextGrp>
        <CodeText xml:lang="nn">Labrador Sør</CodeText>
        <CodeText xml:lang="nb">Labrador Sør</CodeText>
        <CodeText xml:lang="en">Labrador South</CodeText>
      </CodeTextGrp>
    </Code>
    <Code id="urn:ssb:code:stabas:4226193-4226549" parentCodeId="urn:ssb:code:stabas:4226191-4226529">
      <CodeValue>78</CodeValue>
      <CodeTextGrp>
        <CodeText xml:lang="nn">Hamilton Bank</CodeText>
        <CodeText xml:lang="nb">Hamilton Bank</CodeText>
        <CodeText xml:lang="en">Hamilton Bank</CodeText>
      </CodeTextGrp>
    </Code>
    <Code id="urn:ssb:code:stabas:4226193-4226551" parentCodeId="urn:ssb:code:stabas:4226191-4226529">
      <CodeValue>79</CodeValue>
      <CodeTextGrp>
        <CodeText xml:lang="nn">Ritu-bank</CodeText>
        <CodeText xml:lang="nb">Ritu-bank</CodeText>
        <CodeText xml:lang="en">Ritu Bank</CodeText>
      </CodeTextGrp>
    </Code>
    <Code id="urn:ssb:code:stabas:4226193-4226553" parentCodeId="urn:ssb:code:stabas:4226191-4226529">
      <CodeValue>80</CodeValue>
      <CodeTextGrp>
        <CodeText xml:lang="nn">Nordvestlege Grand Bank</CodeText>
        <CodeText xml:lang="nb">Nordvestlige Grand Bank</CodeText>
        <CodeText xml:lang="en">North Grand Bank</CodeText>
      </CodeTextGrp>
    </Code>
    <Code id="urn:ssb:code:stabas:4226193-4226555" parentCodeId="urn:ssb:code:stabas:4226191-4226529">
      <CodeValue>81</CodeValue>
      <CodeTextGrp>
        <CodeText xml:lang="nn">Flemish Cap</CodeText>
        <CodeText xml:lang="nb">Flemish Cap</CodeText>
        <CodeText xml:lang="en">Flemish Cap</CodeText>
      </CodeTextGrp>
    </Code>
    <Code id="urn:ssb:code:stabas:4226193-4226557" parentCodeId="urn:ssb:code:stabas:4226191-4226529">
      <CodeValue>82</CodeValue>
      <CodeTextGrp>
        <CodeText xml:lang="nn">Søraustlege Grand Bank</CodeText>
        <CodeText xml:lang="nb">Sørøstlige Grand Bank</CodeText>
        <CodeText xml:lang="en">Southeast Grand Bank</CodeText>
      </CodeTextGrp>
    </Code>
    <Code id="urn:ssb:code:stabas:4226193-4226559" parentCodeId="urn:ssb:code:stabas:4226191-4226529">
      <CodeValue>83</CodeValue>
      <CodeTextGrp>
        <CodeText xml:lang="nn">Sørvestlege Grand Bank</CodeText>
        <CodeText xml:lang="nb">Sørvestlige Grand Bank</CodeText>
        <CodeText xml:lang="en">Southwest Grand Bank</CodeText>
      </CodeTextGrp>
    </Code>
    <Code id="urn:ssb:code:stabas:4226193-4226561" parentCodeId="urn:ssb:code:stabas:4226191-4226529">
      <CodeValue>84</CodeValue>
      <CodeTextGrp>
        <CodeText xml:lang="nn">St. Pierre</CodeText>
        <CodeText xml:lang="nb">St. Pierre</CodeText>
        <CodeText xml:lang="en">St. Pierre</CodeText>
      </CodeTextGrp>
    </Code>
    <Code id="urn:ssb:code:stabas:4226193-4226563" parentCodeId="urn:ssb:code:stabas:4226191-4226529">
      <CodeValue>85</CodeValue>
      <CodeTextGrp>
        <CodeText xml:lang="nn">Cape Ray</CodeText>
        <CodeText xml:lang="nb">Cape Ray</CodeText>
        <CodeText xml:lang="en">Cape Ray</CodeText>
      </CodeTextGrp>
    </Code>
    <Code id="urn:ssb:code:stabas:4226193-4226565" parentCodeId="urn:ssb:code:stabas:4226191-4226529">
      <CodeValue>86</CodeValue>
      <CodeTextGrp>
        <CodeText xml:lang="nn">Newfoundland vest</CodeText>
        <CodeText xml:lang="nb">Newfoundland vest</CodeText>
        <CodeText xml:lang="en">Newfoundland West</CodeText>
      </CodeTextGrp>
    </Code>
    <Code id="urn:ssb:code:stabas:4226193-4226567" parentCodeId="urn:ssb:code:stabas:4226191-4226529">
      <CodeValue>87</CodeValue>
      <CodeTextGrp>
        <CodeText xml:lang="nn">Anticosti</CodeText>
        <CodeText xml:lang="nb">Anticosti</CodeText>
        <CodeText xml:lang="en">Anticosti</CodeText>
      </CodeTextGrp>
    </Code>
    <Code id="urn:ssb:code:stabas:4226193-4226569" parentCodeId="urn:ssb:code:stabas:4226191-4226529">
      <CodeValue>88</CodeValue>
      <CodeTextGrp>
        <CodeText xml:lang="nn">Prince Edward</CodeText>
        <CodeText xml:lang="nb">Prince Edward</CodeText>
        <CodeText xml:lang="en">Prince Edward</CodeText>
      </CodeTextGrp>
    </Code>
    <Code id="urn:ssb:code:stabas:4226193-4226571" parentCodeId="urn:ssb:code:stabas:4226191-4226529">
      <CodeValue>89</CodeValue>
      <CodeTextGrp>
        <CodeText xml:lang="nn">Nord-Sidney</CodeText>
        <CodeText xml:lang="nb">Nord-Sidney</CodeText>
        <CodeText xml:lang="en">North Sidney</CodeText>
      </CodeTextGrp>
    </Code>
    <Code id="urn:ssb:code:stabas:4226193-4226573" parentCodeId="urn:ssb:code:stabas:4226191-4226529">
      <CodeValue>90</CodeValue>
      <CodeTextGrp>
        <CodeText xml:lang="nn">Banquerau</CodeText>
        <CodeText xml:lang="nb">Banquerau</CodeText>
        <CodeText xml:lang="en">Banquerau</CodeText>
      </CodeTextGrp>
    </Code>
    <Code id="urn:ssb:code:stabas:4226193-4226575" parentCodeId="urn:ssb:code:stabas:4226191-4226529">
      <CodeValue>91</CodeValue>
      <CodeTextGrp>
        <CodeText xml:lang="nn">Sable Island</CodeText>
        <CodeText xml:lang="nb">Sable Island</CodeText>
        <CodeText xml:lang="en">Sable Island</CodeText>
      </CodeTextGrp>
    </Code>
    <Code id="urn:ssb:code:stabas:4226193-4226577" parentCodeId="urn:ssb:code:stabas:4226191-4226529">
      <CodeValue>92</CodeValue>
      <CodeTextGrp>
        <CodeText xml:lang="nn">Fundy-bukta</CodeText>
        <CodeText xml:lang="nb">Fundy-bukta</CodeText>
        <CodeText xml:lang="en">Bay of Fundy</CodeText>
      </CodeTextGrp>
    </Code>
    <Code id="urn:ssb:code:stabas:4226193-4226579" parentCodeId="urn:ssb:code:stabas:4226191-4226529">
      <CodeValue>93</CodeValue>
      <CodeTextGrp>
        <CodeText xml:lang="nn">Maine-gulfen</CodeText>
        <CodeText xml:lang="nb">Maine-gulfen</CodeText>
        <CodeText xml:lang="en">Gulf of Maine</CodeText>
      </CodeTextGrp>
    </Code>
    <Code id="urn:ssb:code:stabas:4226193-4226581" parentCodeId="urn:ssb:code:stabas:4226191-4226529">
      <CodeValue>94</CodeValue>
      <CodeTextGrp>
        <CodeText xml:lang="nn">Vest av Chesapeake-bukta</CodeText>
        <CodeText xml:lang="nb">Vest av Chesapeake-bukta</CodeText>
        <CodeText xml:lang="en">West of Chesapeake Bay</CodeText>
      </CodeTextGrp>
    </Code>
    <Code id="urn:ssb:code:stabas:4226193-4226583" parentCodeId="urn:ssb:code:stabas:4226191-4226529">
      <CodeValue>95</CodeValue>
      <CodeTextGrp>
        <CodeText xml:lang="nn">Nord for Bermuda</CodeText>
        <CodeText xml:lang="nb">Nord for Bermuda</CodeText>
        <CodeText xml:lang="en">North of Bermuda</CodeText>
      </CodeTextGrp>
    </Code>
    <Code id="urn:ssb:code:stabas:4226193-4226593" parentCodeId="urn:ssb:code:stabas:4226191-4226585">
      <CodeValue>96</CodeValue>
      <CodeTextGrp>
        <CodeText xml:lang="nn">Austl. sentrale Atlanterhav (Vest-Afrika)</CodeText>
        <CodeText xml:lang="nb">Østl. sentrale Atlanterhav (Vest-Afrika)</CodeText>
        <CodeText xml:lang="en">Eastern Central Atlantic Ocean (West-Africa)</CodeText>
      </CodeTextGrp>
    </Code>
    <Code id="urn:ssb:code:stabas:4226193-4226595" parentCodeId="urn:ssb:code:stabas:4226191-4226585">
      <CodeValue>97</CodeValue>
      <CodeTextGrp>
        <CodeText xml:lang="nn">Sørvestlege Stillehav (Australia/New Zealand)</CodeText>
        <CodeText xml:lang="nb">Sørvestlige Stillehav (Australia/New Zealand)</CodeText>
        <CodeText xml:lang="en">Southwest Pacific Ocean (Australia/New Zealand)</CodeText>
      </CodeTextGrp>
    </Code>
    <Code id="urn:ssb:code:stabas:4226193-4226597" parentCodeId="urn:ssb:code:stabas:4226191-4226585">
      <CodeValue>98</CodeValue>
      <CodeTextGrp>
        <CodeText xml:lang="nn">Sørvestlege Atlanterhav</CodeText>
        <CodeText xml:lang="nb">Sørvestlige Atlanterhav</CodeText>
        <CodeText xml:lang="en">Southwest Atlantic Ocean</CodeText>
      </CodeTextGrp>
    </Code>
  </Codes>
</Codelist>