<?xml version="1.0" encoding="utf-8"?>
<Codelist xmlns:xsi="http://www.w3.org/2001/XMLSchema-instance" xmlns:xsd="http://www.w3.org/2001/XMLSchema" id="urn:ssb:codelist:stabas:4320305" defaultValidFrom="2006-01-01" defaultValidTo="2006-06-30" lastChangedDate="2011-01-25" parentCodelistId="urn:ssb:codelist:stabas:4320303" isCurrent="false" relationId="urn:ssb:classversion:stabas:4320301" xmlns="http://www.ssb.no/ns/meta/codelist">
  <CodelistMeta>
    <TitleGrp>
      <Title xml:lang="nn">Norsk standard for utdanningsgruppering (NUS2000) 2006/1: Fagfelt</Title>
      <Title xml:lang="nb">Norsk standard for utdanningsgruppering (NUS2000) 2006/1: Fagfelt</Title>
    </TitleGrp>
    <DescriptionGrp>
      <Description xml:lang="nn">Norsk standard for utdanningsgruppering(NUS2000) blir brukt for å gruppere utdanningsaktivitetar og utdanningsbakgrunn til personar i SSBs utdanningsstatistikk og i andre statistikkar der utdanning er med som ein variabel. I tillegg blir standarden brukt i ekstern forsking og av ei rekkje bedrifter som nyttar han i sine personal-administrative system. For ei nærare beskriving av dei ulike nivåa i NUS2000, sjå pkt. 3.1.1. i NOS C 676 (under publikasjonar). </Description>
      <Description xml:lang="nb">Norsk standard for utdanningsgruppering (NUS2000) brukes for å gruppere personers utdanningsaktiviteter og personers utdanningsbakgrunn i SSBs utdanningsstatistikk og i andre statistikker der utdanning inngår som en variabel. I tillegg brukes standarden i ekstern forskning og av en rekke bedrifter i deres personal-administrative systemer. For nærmere beskrivelse av de ulike nivåene i NUS2000, se pkt. 3.1.1. i NOS C 617  (under publikasjoner) </Description>
    </DescriptionGrp>
    <ContactInformation>
      <Person xmlns="http://www.ssb.no/ns/meta/common">gki</Person>
      <Division xmlns="http://www.ssb.no/ns/meta/common">360</Division>
    </ContactInformation>
    <NoteGrp>
      <Note xml:lang="nn">Hovudendringane i høve til dei tidlegare standardane (NUS1970, NUS1973, NUS1989) er ei ny nivåinndeling, ei faginndeling som er lik på alle nivå, og ei presisering av kva fag kvar enkeltutdanning omfattar. Ei anna stor endring er innføring av grupperinga kodetype. For utdanningsaktivitetar fullførde innanfor det ordinære utdanningssystemet i Noreg, skal standarden vere fullstendig. Alle utdanningsaktivitar har eigne utdanningskodar. Konkret inneber dette mellom anna at gradar og fag under lov om vidaregåande opplæring har eigne kodar. Andre utdanningsaktivitetar blir òg klassifiserte gjennom standarden, men da med bruk av samlekodar som er spesifiserte anten på fagfelt, faggruppe eller utdanningsgruppe.</Note>
      <Note xml:lang="nb">Hovedendringene i forhold til de tidligere standardene (NUS1970, NUS1973, NUS1989) er en ny nivåinndeling, en faginndeling som er lik på alle nivåer, og en presisering av hvilke fag hver enkeltutdanning omfatter.En annen stor endring er innføring av grupperingen kodetype. For utdanningsaktiviteter fullført innenfor det ordinære utdanningssystemet i Norge skal standarden være fullstendig. Alle utdanningsaktiviteter har egne utdanningskoder. Konkret innebærer dette blant annet at grader og fag under lov om videregående opplæring har egne koder. Andre utdanningsaktiviteter klassifiseres også gjennom standarden, men da ved bruk av samlekoder spesifisert enten på fagfelt, faggruppe eller utdanningsgruppe</Note>
    </NoteGrp>
  </CodelistMeta>
  <Codes>
    <Code id="urn:ssb:code:stabas:4320305-4320315" parentCodeId="urn:ssb:code:stabas:4320303-4320313">
      <CodeValue>09</CodeValue>
      <CodeTextGrp>
        <CodeText xml:lang="nn">Uoppgitt fagfelt</CodeText>
        <CodeText xml:lang="nb">Uoppgitt fagfelt</CodeText>
      </CodeTextGrp>
    </Code>
    <Code id="urn:ssb:code:stabas:4320305-4320327" parentCodeId="urn:ssb:code:stabas:4320303-4320325">
      <CodeValue>10</CodeValue>
      <CodeTextGrp>
        <CodeText xml:lang="nn">Allmenne fag</CodeText>
        <CodeText xml:lang="nb">Allmenne fag</CodeText>
      </CodeTextGrp>
    </Code>
    <Code id="urn:ssb:code:stabas:4320305-4320335" parentCodeId="urn:ssb:code:stabas:4320303-4320325">
      <CodeValue>19</CodeValue>
      <CodeTextGrp>
        <CodeText xml:lang="nn">Uoppgitt fagfelt</CodeText>
        <CodeText xml:lang="nb">Uoppgitt fagfelt</CodeText>
      </CodeTextGrp>
    </Code>
    <Code id="urn:ssb:code:stabas:4320305-4320345" parentCodeId="urn:ssb:code:stabas:4320303-4320343">
      <CodeValue>20</CodeValue>
      <CodeTextGrp>
        <CodeText xml:lang="nn">Allmenne fag</CodeText>
        <CodeText xml:lang="nb">Allmenne fag</CodeText>
      </CodeTextGrp>
    </Code>
    <Code id="urn:ssb:code:stabas:4320305-4320365" parentCodeId="urn:ssb:code:stabas:4320303-4320343">
      <CodeValue>21</CodeValue>
      <CodeTextGrp>
        <CodeText xml:lang="nn">Humanistiske og estetiske fag</CodeText>
        <CodeText xml:lang="nb">Humanistiske og estetiske fag</CodeText>
      </CodeTextGrp>
    </Code>
    <Code id="urn:ssb:code:stabas:4320305-4320373" parentCodeId="urn:ssb:code:stabas:4320303-4320343">
      <CodeValue>22</CodeValue>
      <CodeTextGrp>
        <CodeText xml:lang="nn">Lærarutdanningar og utdanningar i pedagogikk</CodeText>
        <CodeText xml:lang="nb">Lærerutdanninger og utdanninger i pedagogikk</CodeText>
      </CodeTextGrp>
    </Code>
    <Code id="urn:ssb:code:stabas:4320305-4320381" parentCodeId="urn:ssb:code:stabas:4320303-4320343">
      <CodeValue>23</CodeValue>
      <CodeTextGrp>
        <CodeText xml:lang="nn">Samfunnsfag og juridiske fag</CodeText>
        <CodeText xml:lang="nb">Samfunnsfag og juridiske fag</CodeText>
      </CodeTextGrp>
    </Code>
    <Code id="urn:ssb:code:stabas:4320305-4320389" parentCodeId="urn:ssb:code:stabas:4320303-4320343">
      <CodeValue>24</CodeValue>
      <CodeTextGrp>
        <CodeText xml:lang="nn">Økonomiske og administrative fag</CodeText>
        <CodeText xml:lang="nb">Økonomiske og administrative fag</CodeText>
      </CodeTextGrp>
    </Code>
    <Code id="urn:ssb:code:stabas:4320305-4320397" parentCodeId="urn:ssb:code:stabas:4320303-4320343">
      <CodeValue>25</CodeValue>
      <CodeTextGrp>
        <CodeText xml:lang="nn">Naturvitskapelege fag, handverksfag og tekniske fag</CodeText>
        <CodeText xml:lang="nb">Naturvitenskapelige fag, håndverksfag og tekniske fag</CodeText>
      </CodeTextGrp>
    </Code>
    <Code id="urn:ssb:code:stabas:4320305-4320505" parentCodeId="urn:ssb:code:stabas:4320303-4320343">
      <CodeValue>26</CodeValue>
      <CodeTextGrp>
        <CodeText xml:lang="nn">Helse-, sosial- og idrettsfag</CodeText>
        <CodeText xml:lang="nb">Helse-, sosial- og idrettsfag</CodeText>
      </CodeTextGrp>
    </Code>
    <Code id="urn:ssb:code:stabas:4320305-4320513" parentCodeId="urn:ssb:code:stabas:4320303-4320343">
      <CodeValue>27</CodeValue>
      <CodeTextGrp>
        <CodeText xml:lang="nn">Primærnæringsfag</CodeText>
        <CodeText xml:lang="nb">Primærnæringsfag</CodeText>
      </CodeTextGrp>
    </Code>
    <Code id="urn:ssb:code:stabas:4320305-4320521" parentCodeId="urn:ssb:code:stabas:4320303-4320343">
      <CodeValue>28</CodeValue>
      <CodeTextGrp>
        <CodeText xml:lang="nn">Samferdsels- og tryggleiksfag og andre servicefag</CodeText>
        <CodeText xml:lang="nb">Samferdsels- og sikkerhetsfag og andre servicefag</CodeText>
      </CodeTextGrp>
    </Code>
    <Code id="urn:ssb:code:stabas:4320305-4320529" parentCodeId="urn:ssb:code:stabas:4320303-4320343">
      <CodeValue>29</CodeValue>
      <CodeTextGrp>
        <CodeText xml:lang="nn">Uoppgitt fagfelt</CodeText>
        <CodeText xml:lang="nb">Uoppgitt fagfelt</CodeText>
      </CodeTextGrp>
    </Code>
    <Code id="urn:ssb:code:stabas:4320305-4320539" parentCodeId="urn:ssb:code:stabas:4320303-4320537">
      <CodeValue>30</CodeValue>
      <CodeTextGrp>
        <CodeText xml:lang="nn">Allmenne fag</CodeText>
        <CodeText xml:lang="nb">Allmenne fag</CodeText>
      </CodeTextGrp>
    </Code>
    <Code id="urn:ssb:code:stabas:4320305-4320567" parentCodeId="urn:ssb:code:stabas:4320303-4320537">
      <CodeValue>31</CodeValue>
      <CodeTextGrp>
        <CodeText xml:lang="nn">Humanistiske og estetiske fag</CodeText>
        <CodeText xml:lang="nb">Humanistiske og estetiske fag</CodeText>
      </CodeTextGrp>
    </Code>
    <Code id="urn:ssb:code:stabas:4320305-4320999" parentCodeId="urn:ssb:code:stabas:4320303-4320537">
      <CodeValue>32</CodeValue>
      <CodeTextGrp>
        <CodeText xml:lang="nn">Lærarutdanningar og utdanningar i pedagogikk</CodeText>
        <CodeText xml:lang="nb">Lærerutdanninger og utdanninger i pedagogikk</CodeText>
      </CodeTextGrp>
    </Code>
    <Code id="urn:ssb:code:stabas:4320305-4321191" parentCodeId="urn:ssb:code:stabas:4320303-4320537">
      <CodeValue>33</CodeValue>
      <CodeTextGrp>
        <CodeText xml:lang="nn">Samfunnsfag og juridiske fag</CodeText>
        <CodeText xml:lang="nb">Samfunnsfag og juridiske fag</CodeText>
      </CodeTextGrp>
    </Code>
    <Code id="urn:ssb:code:stabas:4320305-4321399" parentCodeId="urn:ssb:code:stabas:4320303-4320537">
      <CodeValue>34</CodeValue>
      <CodeTextGrp>
        <CodeText xml:lang="nn">Økonomiske og administrative fag</CodeText>
        <CodeText xml:lang="nb">Økonomiske og administrative fag</CodeText>
      </CodeTextGrp>
    </Code>
    <Code id="urn:ssb:code:stabas:4320305-4321587" parentCodeId="urn:ssb:code:stabas:4320303-4320537">
      <CodeValue>35</CodeValue>
      <CodeTextGrp>
        <CodeText xml:lang="nn">Naturvitskapelege fag, handverksfag og tekniske fag</CodeText>
        <CodeText xml:lang="nb">Naturvitenskapelige fag, håndverksfag og tekniske fag</CodeText>
      </CodeTextGrp>
    </Code>
    <Code id="urn:ssb:code:stabas:4320305-4322325" parentCodeId="urn:ssb:code:stabas:4320303-4320537">
      <CodeValue>36</CodeValue>
      <CodeTextGrp>
        <CodeText xml:lang="nn">Helse-, sosial- og idrettsfag</CodeText>
        <CodeText xml:lang="nb">Helse-, sosial- og idrettsfag</CodeText>
      </CodeTextGrp>
    </Code>
    <Code id="urn:ssb:code:stabas:4320305-4322713" parentCodeId="urn:ssb:code:stabas:4320303-4320537">
      <CodeValue>37</CodeValue>
      <CodeTextGrp>
        <CodeText xml:lang="nn">Primærnæringsfag</CodeText>
        <CodeText xml:lang="nb">Primærnæringsfag</CodeText>
      </CodeTextGrp>
    </Code>
    <Code id="urn:ssb:code:stabas:4320305-4322903" parentCodeId="urn:ssb:code:stabas:4320303-4320537">
      <CodeValue>38</CodeValue>
      <CodeTextGrp>
        <CodeText xml:lang="nn">Samferdsels- og tryggleiksfag og andre servicefag</CodeText>
        <CodeText xml:lang="nb">Samferdsels- og sikkerhetsfag og andre servicefag</CodeText>
      </CodeTextGrp>
    </Code>
    <Code id="urn:ssb:code:stabas:4320305-4323131" parentCodeId="urn:ssb:code:stabas:4320303-4320537">
      <CodeValue>39</CodeValue>
      <CodeTextGrp>
        <CodeText xml:lang="nn">Uoppgitt fagfelt</CodeText>
        <CodeText xml:lang="nb">Uoppgitt fagfelt</CodeText>
      </CodeTextGrp>
    </Code>
    <Code id="urn:ssb:code:stabas:4320305-4323145" parentCodeId="urn:ssb:code:stabas:4320303-4323143">
      <CodeValue>40</CodeValue>
      <CodeTextGrp>
        <CodeText xml:lang="nn">Allmenne fag</CodeText>
        <CodeText xml:lang="nb">Allmenne fag</CodeText>
      </CodeTextGrp>
    </Code>
    <Code id="urn:ssb:code:stabas:4320305-4323173" parentCodeId="urn:ssb:code:stabas:4320303-4323143">
      <CodeValue>41</CodeValue>
      <CodeTextGrp>
        <CodeText xml:lang="nn">Humanistiske og estetiske fag</CodeText>
        <CodeText xml:lang="nb">Humanistiske og estetiske fag</CodeText>
      </CodeTextGrp>
    </Code>
    <Code id="urn:ssb:code:stabas:4320305-4323729" parentCodeId="urn:ssb:code:stabas:4320303-4323143">
      <CodeValue>42</CodeValue>
      <CodeTextGrp>
        <CodeText xml:lang="nn">Lærarutdanningar og utdanningar i pedagogikk</CodeText>
        <CodeText xml:lang="nb">Lærerutdanninger og utdanninger i pedagogikk</CodeText>
      </CodeTextGrp>
    </Code>
    <Code id="urn:ssb:code:stabas:4320305-4323921" parentCodeId="urn:ssb:code:stabas:4320303-4323143">
      <CodeValue>43</CodeValue>
      <CodeTextGrp>
        <CodeText xml:lang="nn">Samfunnsfag og juridiske fag</CodeText>
        <CodeText xml:lang="nb">Samfunnsfag og juridiske fag</CodeText>
      </CodeTextGrp>
    </Code>
    <Code id="urn:ssb:code:stabas:4320305-4324119" parentCodeId="urn:ssb:code:stabas:4320303-4323143">
      <CodeValue>44</CodeValue>
      <CodeTextGrp>
        <CodeText xml:lang="nn">Økonomiske og administrative fag</CodeText>
        <CodeText xml:lang="nb">Økonomiske og administrative fag</CodeText>
      </CodeTextGrp>
    </Code>
    <Code id="urn:ssb:code:stabas:4320305-4324309" parentCodeId="urn:ssb:code:stabas:4320303-4323143">
      <CodeValue>45</CodeValue>
      <CodeTextGrp>
        <CodeText xml:lang="nn">Naturvitskapelege fag, handverksfag og tekniske fag</CodeText>
        <CodeText xml:lang="nb">Naturvitenskapelige fag, håndverksfag og tekniske fag</CodeText>
      </CodeTextGrp>
    </Code>
    <Code id="urn:ssb:code:stabas:4320305-4325341" parentCodeId="urn:ssb:code:stabas:4320303-4323143">
      <CodeValue>46</CodeValue>
      <CodeTextGrp>
        <CodeText xml:lang="nn">Helse-, sosial- og idrettsfag</CodeText>
        <CodeText xml:lang="nb">Helse-, sosial- og idrettsfag</CodeText>
      </CodeTextGrp>
    </Code>
    <Code id="urn:ssb:code:stabas:4320305-4325713" parentCodeId="urn:ssb:code:stabas:4320303-4323143">
      <CodeValue>47</CodeValue>
      <CodeTextGrp>
        <CodeText xml:lang="nn">Primærnæringsfag</CodeText>
        <CodeText xml:lang="nb">Primærnæringsfag</CodeText>
      </CodeTextGrp>
    </Code>
    <Code id="urn:ssb:code:stabas:4320305-4325901" parentCodeId="urn:ssb:code:stabas:4320303-4323143">
      <CodeValue>48</CodeValue>
      <CodeTextGrp>
        <CodeText xml:lang="nn">Samferdsels- og tryggleiksfag og andre servicefag</CodeText>
        <CodeText xml:lang="nb">Samferdsels- og sikkerhetsfag og andre servicefag</CodeText>
      </CodeTextGrp>
    </Code>
    <Code id="urn:ssb:code:stabas:4320305-4326113" parentCodeId="urn:ssb:code:stabas:4320303-4323143">
      <CodeValue>49</CodeValue>
      <CodeTextGrp>
        <CodeText xml:lang="nn">Uoppgitt fagfelt</CodeText>
        <CodeText xml:lang="nb">Uoppgitt fagfelt</CodeText>
      </CodeTextGrp>
    </Code>
    <Code id="urn:ssb:code:stabas:4320305-4326123" parentCodeId="urn:ssb:code:stabas:4320303-4326121">
      <CodeValue>50</CodeValue>
      <CodeTextGrp>
        <CodeText xml:lang="nn">Allmenne fag</CodeText>
        <CodeText xml:lang="nb">Allmenne fag</CodeText>
      </CodeTextGrp>
    </Code>
    <Code id="urn:ssb:code:stabas:4320305-4326135" parentCodeId="urn:ssb:code:stabas:4320303-4326121">
      <CodeValue>51</CodeValue>
      <CodeTextGrp>
        <CodeText xml:lang="nn">Humanistiske og estetiske fag</CodeText>
        <CodeText xml:lang="nb">Humanistiske og estetiske fag</CodeText>
      </CodeTextGrp>
    </Code>
    <Code id="urn:ssb:code:stabas:4320305-4326515" parentCodeId="urn:ssb:code:stabas:4320303-4326121">
      <CodeValue>52</CodeValue>
      <CodeTextGrp>
        <CodeText xml:lang="nn">Lærarutdanningar og utdanningar i pedagogikk</CodeText>
        <CodeText xml:lang="nb">Lærerutdanninger og utdanninger i pedagogikk</CodeText>
      </CodeTextGrp>
    </Code>
    <Code id="urn:ssb:code:stabas:4320305-4326705" parentCodeId="urn:ssb:code:stabas:4320303-4326121">
      <CodeValue>53</CodeValue>
      <CodeTextGrp>
        <CodeText xml:lang="nn">Samfunnsfag og juridiske fag</CodeText>
        <CodeText xml:lang="nb">Samfunnsfag og juridiske fag</CodeText>
      </CodeTextGrp>
    </Code>
    <Code id="urn:ssb:code:stabas:4320305-4326907" parentCodeId="urn:ssb:code:stabas:4320303-4326121">
      <CodeValue>54</CodeValue>
      <CodeTextGrp>
        <CodeText xml:lang="nn">Økonomiske og administrative fag</CodeText>
        <CodeText xml:lang="nb">Økonomiske og administrative fag</CodeText>
      </CodeTextGrp>
    </Code>
    <Code id="urn:ssb:code:stabas:4320305-4327119" parentCodeId="urn:ssb:code:stabas:4320303-4326121">
      <CodeValue>55</CodeValue>
      <CodeTextGrp>
        <CodeText xml:lang="nn">Naturvitskapelege fag, handverksfag og tekniske fag</CodeText>
        <CodeText xml:lang="nb">Naturvitenskapelige fag, håndverksfag og tekniske fag</CodeText>
      </CodeTextGrp>
    </Code>
    <Code id="urn:ssb:code:stabas:4320305-4327529" parentCodeId="urn:ssb:code:stabas:4320303-4326121">
      <CodeValue>56</CodeValue>
      <CodeTextGrp>
        <CodeText xml:lang="nn">Helse-, sosial- og idrettsfag</CodeText>
        <CodeText xml:lang="nb">Helse-, sosial- og idrettsfag</CodeText>
      </CodeTextGrp>
    </Code>
    <Code id="urn:ssb:code:stabas:4320305-4327777" parentCodeId="urn:ssb:code:stabas:4320303-4326121">
      <CodeValue>57</CodeValue>
      <CodeTextGrp>
        <CodeText xml:lang="nn">Primærnæringsfag</CodeText>
        <CodeText xml:lang="nb">Primærnæringsfag</CodeText>
      </CodeTextGrp>
    </Code>
    <Code id="urn:ssb:code:stabas:4320305-4327931" parentCodeId="urn:ssb:code:stabas:4320303-4326121">
      <CodeValue>58</CodeValue>
      <CodeTextGrp>
        <CodeText xml:lang="nn">Samferdsels- og tryggleiksfag og andre servicefag</CodeText>
        <CodeText xml:lang="nb">Samferdsels- og sikkerhetsfag og andre servicefag</CodeText>
      </CodeTextGrp>
    </Code>
    <Code id="urn:ssb:code:stabas:4320305-4328133" parentCodeId="urn:ssb:code:stabas:4320303-4326121">
      <CodeValue>59</CodeValue>
      <CodeTextGrp>
        <CodeText xml:lang="nn">Uoppgitt fagfelt</CodeText>
        <CodeText xml:lang="nb">Uoppgitt fagfelt</CodeText>
      </CodeTextGrp>
    </Code>
    <Code id="urn:ssb:code:stabas:4320305-4328143" parentCodeId="urn:ssb:code:stabas:4320303-4328141">
      <CodeValue>60</CodeValue>
      <CodeTextGrp>
        <CodeText xml:lang="nn">Allmenne fag</CodeText>
        <CodeText xml:lang="nb">Allmenne fag</CodeText>
      </CodeTextGrp>
    </Code>
    <Code id="urn:ssb:code:stabas:4320305-4328151" parentCodeId="urn:ssb:code:stabas:4320303-4328141">
      <CodeValue>61</CodeValue>
      <CodeTextGrp>
        <CodeText xml:lang="nn">Humanistiske og estetiske fag</CodeText>
        <CodeText xml:lang="nb">Humanistiske og estetiske fag</CodeText>
      </CodeTextGrp>
    </Code>
    <Code id="urn:ssb:code:stabas:4320305-4329501" parentCodeId="urn:ssb:code:stabas:4320303-4328141">
      <CodeValue>62</CodeValue>
      <CodeTextGrp>
        <CodeText xml:lang="nn">Lærarutdanningar og utdanningar i pedagogikk</CodeText>
        <CodeText xml:lang="nb">Lærerutdanninger og utdanninger i pedagogikk</CodeText>
      </CodeTextGrp>
    </Code>
    <Code id="urn:ssb:code:stabas:4320305-4329967" parentCodeId="urn:ssb:code:stabas:4320303-4328141">
      <CodeValue>63</CodeValue>
      <CodeTextGrp>
        <CodeText xml:lang="nn">Samfunnsfag og juridiske fag</CodeText>
        <CodeText xml:lang="nb">Samfunnsfag og juridiske fag</CodeText>
      </CodeTextGrp>
    </Code>
    <Code id="urn:ssb:code:stabas:4320305-4330565" parentCodeId="urn:ssb:code:stabas:4320303-4328141">
      <CodeValue>64</CodeValue>
      <CodeTextGrp>
        <CodeText xml:lang="nn">Økonomiske og administrative fag</CodeText>
        <CodeText xml:lang="nb">Økonomiske og administrative fag</CodeText>
      </CodeTextGrp>
    </Code>
    <Code id="urn:ssb:code:stabas:4320305-4331163" parentCodeId="urn:ssb:code:stabas:4320303-4328141">
      <CodeValue>65</CodeValue>
      <CodeTextGrp>
        <CodeText xml:lang="nn">Naturvitskapelege fag, handverksfag og tekniske fag</CodeText>
        <CodeText xml:lang="nb">Naturvitenskapelige fag, håndverksfag og tekniske fag</CodeText>
      </CodeTextGrp>
    </Code>
    <Code id="urn:ssb:code:stabas:4320305-4332191" parentCodeId="urn:ssb:code:stabas:4320303-4328141">
      <CodeValue>66</CodeValue>
      <CodeTextGrp>
        <CodeText xml:lang="nn">Helse-, sosial- og idrettsfag</CodeText>
        <CodeText xml:lang="nb">Helse-, sosial- og idrettsfag</CodeText>
      </CodeTextGrp>
    </Code>
    <Code id="urn:ssb:code:stabas:4320305-4332961" parentCodeId="urn:ssb:code:stabas:4320303-4328141">
      <CodeValue>67</CodeValue>
      <CodeTextGrp>
        <CodeText xml:lang="nn">Primærnæringsfag</CodeText>
        <CodeText xml:lang="nb">Primærnæringsfag</CodeText>
      </CodeTextGrp>
    </Code>
    <Code id="urn:ssb:code:stabas:4320305-4333167" parentCodeId="urn:ssb:code:stabas:4320303-4328141">
      <CodeValue>68</CodeValue>
      <CodeTextGrp>
        <CodeText xml:lang="nn">Samferdsels- og tryggleiksfag og andre servicefag</CodeText>
        <CodeText xml:lang="nb">Samferdsels- og sikkerhetsfag og andre servicefag</CodeText>
      </CodeTextGrp>
    </Code>
    <Code id="urn:ssb:code:stabas:4320305-4333503" parentCodeId="urn:ssb:code:stabas:4320303-4328141">
      <CodeValue>69</CodeValue>
      <CodeTextGrp>
        <CodeText xml:lang="nn">Uoppgitt fagfelt</CodeText>
        <CodeText xml:lang="nb">Uoppgitt fagfelt</CodeText>
      </CodeTextGrp>
    </Code>
    <Code id="urn:ssb:code:stabas:4320305-4333521" parentCodeId="urn:ssb:code:stabas:4320303-4333519">
      <CodeValue>70</CodeValue>
      <CodeTextGrp>
        <CodeText xml:lang="nn">Allmenne fag</CodeText>
        <CodeText xml:lang="nb">Allmenne fag</CodeText>
      </CodeTextGrp>
    </Code>
    <Code id="urn:ssb:code:stabas:4320305-4333529" parentCodeId="urn:ssb:code:stabas:4320303-4333519">
      <CodeValue>71</CodeValue>
      <CodeTextGrp>
        <CodeText xml:lang="nn">Humanistiske og estetiske fag</CodeText>
        <CodeText xml:lang="nb">Humanistiske og estetiske fag</CodeText>
      </CodeTextGrp>
    </Code>
    <Code id="urn:ssb:code:stabas:4320305-4334909" parentCodeId="urn:ssb:code:stabas:4320303-4333519">
      <CodeValue>72</CodeValue>
      <CodeTextGrp>
        <CodeText xml:lang="nn">Lærarutdanningar og utdanningar i pedagogikk</CodeText>
        <CodeText xml:lang="nb">Lærerutdanninger og utdanninger i pedagogikk</CodeText>
      </CodeTextGrp>
    </Code>
    <Code id="urn:ssb:code:stabas:4320305-4335303" parentCodeId="urn:ssb:code:stabas:4320303-4333519">
      <CodeValue>73</CodeValue>
      <CodeTextGrp>
        <CodeText xml:lang="nn">Samfunnsfag og juridiske fag</CodeText>
        <CodeText xml:lang="nb">Samfunnsfag og juridiske fag</CodeText>
      </CodeTextGrp>
    </Code>
    <Code id="urn:ssb:code:stabas:4320305-4335929" parentCodeId="urn:ssb:code:stabas:4320303-4333519">
      <CodeValue>74</CodeValue>
      <CodeTextGrp>
        <CodeText xml:lang="nn">Økonomiske og administrative fag</CodeText>
        <CodeText xml:lang="nb">Økonomiske og administrative fag</CodeText>
      </CodeTextGrp>
    </Code>
    <Code id="urn:ssb:code:stabas:4320305-4336175" parentCodeId="urn:ssb:code:stabas:4320303-4333519">
      <CodeValue>75</CodeValue>
      <CodeTextGrp>
        <CodeText xml:lang="nn">Naturvitskapelege fag, handverksfag og tekniske fag</CodeText>
        <CodeText xml:lang="nb">Naturvitenskapelige fag, håndverksfag og tekniske fag</CodeText>
      </CodeTextGrp>
    </Code>
    <Code id="urn:ssb:code:stabas:4320305-4337521" parentCodeId="urn:ssb:code:stabas:4320303-4333519">
      <CodeValue>76</CodeValue>
      <CodeTextGrp>
        <CodeText xml:lang="nn">Helse-, sosial- og idrettsfag</CodeText>
        <CodeText xml:lang="nb">Helse-, sosial- og idrettsfag</CodeText>
      </CodeTextGrp>
    </Code>
    <Code id="urn:ssb:code:stabas:4320305-4338179" parentCodeId="urn:ssb:code:stabas:4320303-4333519">
      <CodeValue>77</CodeValue>
      <CodeTextGrp>
        <CodeText xml:lang="nn">Primærnæringsfag</CodeText>
        <CodeText xml:lang="nb">Primærnæringsfag</CodeText>
      </CodeTextGrp>
    </Code>
    <Code id="urn:ssb:code:stabas:4320305-4338379" parentCodeId="urn:ssb:code:stabas:4320303-4333519">
      <CodeValue>78</CodeValue>
      <CodeTextGrp>
        <CodeText xml:lang="nn">Samferdsels- og tryggleiksfag og andre servicefag</CodeText>
        <CodeText xml:lang="nb">Samferdsels- og sikkerhetsfag og andre servicefag</CodeText>
      </CodeTextGrp>
    </Code>
    <Code id="urn:ssb:code:stabas:4320305-4338567" parentCodeId="urn:ssb:code:stabas:4320303-4333519">
      <CodeValue>79</CodeValue>
      <CodeTextGrp>
        <CodeText xml:lang="nn">Uoppgitt fagfelt</CodeText>
        <CodeText xml:lang="nb">Uoppgitt fagfelt</CodeText>
      </CodeTextGrp>
    </Code>
    <Code id="urn:ssb:code:stabas:4320305-4338577" parentCodeId="urn:ssb:code:stabas:4320303-4338575">
      <CodeValue>80</CodeValue>
      <CodeTextGrp>
        <CodeText xml:lang="nn">Allmenne fag</CodeText>
        <CodeText xml:lang="nb">Allmenne fag</CodeText>
      </CodeTextGrp>
    </Code>
    <Code id="urn:ssb:code:stabas:4320305-4338585" parentCodeId="urn:ssb:code:stabas:4320303-4338575">
      <CodeValue>81</CodeValue>
      <CodeTextGrp>
        <CodeText xml:lang="nn">Humanistiske og estetiske fag</CodeText>
        <CodeText xml:lang="nb">Humanistiske og estetiske fag</CodeText>
      </CodeTextGrp>
    </Code>
    <Code id="urn:ssb:code:stabas:4320305-4339147" parentCodeId="urn:ssb:code:stabas:4320303-4338575">
      <CodeValue>82</CodeValue>
      <CodeTextGrp>
        <CodeText xml:lang="nn">Lærarutdanningar og utdanningar i pedagogikk</CodeText>
        <CodeText xml:lang="nb">Lærerutdanninger og utdanninger i pedagogikk</CodeText>
      </CodeTextGrp>
    </Code>
    <Code id="urn:ssb:code:stabas:4320305-4339361" parentCodeId="urn:ssb:code:stabas:4320303-4338575">
      <CodeValue>83</CodeValue>
      <CodeTextGrp>
        <CodeText xml:lang="nn">Samfunnsfag og juridiske fag</CodeText>
        <CodeText xml:lang="nb">Samfunnsfag og juridiske fag</CodeText>
      </CodeTextGrp>
    </Code>
    <Code id="urn:ssb:code:stabas:4320305-4339753" parentCodeId="urn:ssb:code:stabas:4320303-4338575">
      <CodeValue>84</CodeValue>
      <CodeTextGrp>
        <CodeText xml:lang="nn">Økonomiske og administrative fag</CodeText>
        <CodeText xml:lang="nb">Økonomiske og administrative fag</CodeText>
      </CodeTextGrp>
    </Code>
    <Code id="urn:ssb:code:stabas:4320305-4339921" parentCodeId="urn:ssb:code:stabas:4320303-4338575">
      <CodeValue>85</CodeValue>
      <CodeTextGrp>
        <CodeText xml:lang="nn">Naturvitskapelege fag, handverksfag og tekniske fag</CodeText>
        <CodeText xml:lang="nb">Naturvitenskapelige fag, håndverksfag og tekniske fag</CodeText>
      </CodeTextGrp>
    </Code>
    <Code id="urn:ssb:code:stabas:4320305-4340531" parentCodeId="urn:ssb:code:stabas:4320303-4338575">
      <CodeValue>86</CodeValue>
      <CodeTextGrp>
        <CodeText xml:lang="nn">Helse-, sosial- og idrettsfag</CodeText>
        <CodeText xml:lang="nb">Helse-, sosial- og idrettsfag</CodeText>
      </CodeTextGrp>
    </Code>
    <Code id="urn:ssb:code:stabas:4320305-4340913" parentCodeId="urn:ssb:code:stabas:4320303-4338575">
      <CodeValue>87</CodeValue>
      <CodeTextGrp>
        <CodeText xml:lang="nn">Primærnæringsfag</CodeText>
        <CodeText xml:lang="nb">Primærnæringsfag</CodeText>
      </CodeTextGrp>
    </Code>
    <Code id="urn:ssb:code:stabas:4320305-4340977" parentCodeId="urn:ssb:code:stabas:4320303-4338575">
      <CodeValue>88</CodeValue>
      <CodeTextGrp>
        <CodeText xml:lang="nn">Samferdsels- og tryggleiksfag og andre servicefag</CodeText>
        <CodeText xml:lang="nb">Samferdsels- og sikkerhetsfag og andre servicefag</CodeText>
      </CodeTextGrp>
    </Code>
    <Code id="urn:ssb:code:stabas:4320305-4341151" parentCodeId="urn:ssb:code:stabas:4320303-4338575">
      <CodeValue>89</CodeValue>
      <CodeTextGrp>
        <CodeText xml:lang="nn">Uoppgitt fagfelt</CodeText>
        <CodeText xml:lang="nb">Uoppgitt fagfelt</CodeText>
      </CodeTextGrp>
    </Code>
    <Code id="urn:ssb:code:stabas:4320305-4341167" parentCodeId="urn:ssb:code:stabas:4320303-4341165">
      <CodeValue>99</CodeValue>
      <CodeTextGrp>
        <CodeText xml:lang="nn">Uoppgitt fagfelt</CodeText>
        <CodeText xml:lang="nb">Uoppgitt fagfelt</CodeText>
      </CodeTextGrp>
    </Code>
  </Codes>
</Codelist>