<?xml version="1.0" encoding="utf-8"?>
<Codelist xmlns:xsi="http://www.w3.org/2001/XMLSchema-instance" xmlns:xsd="http://www.w3.org/2001/XMLSchema" id="urn:ssb:codelist:stabas:4356107" defaultValidFrom="1977-01-01" lastChangedDate="2011-11-28" parentCodelistId="urn:ssb:codelist:stabas:4356105" isCurrent="true" relationId="urn:ssb:classversion:stabas:4356101" xmlns="http://www.ssb.no/ns/meta/codelist">
  <CodelistMeta>
    <TitleGrp>
      <Title xml:lang="nn">Fangstartar i sjø 1977: Nivå 2</Title>
      <Title xml:lang="nb">Fangstarter i sjø 1977: Nivå 2</Title>
      <Title xml:lang="en">Target species in the sea 1977: Level 2</Title>
    </TitleGrp>
    <DescriptionGrp>
      <Description xml:lang="nn">Standarden er ei kodeliste for fiskeslag, skaldyr, blautdyr, pigghudar, sjøplanter og sjøpattedyr som blir fangsta i havet. Arter og sortar er grupperte etter biologisk inndeling. 
Under blå tekst kan ein finne latinske namn.</Description>
      <Description xml:lang="nb">Standarden er en kodeliste for fiskeslag, skalldyr, bløtdyr, pigghuder, sjøplanter og sjøpattedyr som fangstes i havet. Arter og sorter er gruppert etter biologisk inndeling.
Under blå tekst finnes latinske navn.</Description>
      <Description xml:lang="en">The standard is a set of codes for fishspecies, shellfish, molluscs, echinoderms, seaplants and seamammals that are catched in the sea. Species and varieties are classified by biological division.
The blue text indicates that there is a latin name.</Description>
    </DescriptionGrp>
    <ContactInformation>
      <Person xmlns="http://www.ssb.no/ns/meta/common">atf</Person>
      <Division xmlns="http://www.ssb.no/ns/meta/common">430</Division>
    </ContactInformation>
    <NoteGrp>
      <Note xml:lang="nn">Ikkje relevant</Note>
      <Note xml:lang="nb">Ikke relevant</Note>
      <Note xml:lang="en">Not relevant</Note>
    </NoteGrp>
  </CodelistMeta>
  <Codes>
    <Code id="urn:ssb:code:stabas:4356107-4356113" parentCodeId="urn:ssb:code:stabas:4356105-4356111">
      <CodeValue>1.01</CodeValue>
      <CodeTextGrp>
        <CodeText xml:lang="nn">Sildehaiar</CodeText>
        <CodeText xml:lang="nb">Sildehaier</CodeText>
        <CodeText xml:lang="en">Sildehaier (No translation found in English)</CodeText>
      </CodeTextGrp>
      <NoteGrp>
        <Note xml:lang="nn">LAMNOIDEI</Note>
        <Note xml:lang="nb">LAMNOIDEI</Note>
        <Note xml:lang="en">LAMNOIDEI</Note>
      </NoteGrp>
    </Code>
    <Code id="urn:ssb:code:stabas:4356107-4356121" parentCodeId="urn:ssb:code:stabas:4356105-4356111">
      <CodeValue>1.02</CodeValue>
      <CodeTextGrp>
        <CodeText xml:lang="nn">Håar</CodeText>
        <CodeText xml:lang="nb">Håer</CodeText>
        <CodeText xml:lang="en">Håer (No translation found in English)</CodeText>
      </CodeTextGrp>
      <NoteGrp>
        <Note xml:lang="nn">SQUALIFORMES</Note>
        <Note xml:lang="nb">SQUALIFORMES</Note>
        <Note xml:lang="en">SQUALIFORMES</Note>
      </NoteGrp>
    </Code>
    <Code id="urn:ssb:code:stabas:4356107-4356129" parentCodeId="urn:ssb:code:stabas:4356105-4356111">
      <CodeValue>1.03</CodeValue>
      <CodeTextGrp>
        <CodeText xml:lang="nn">Skater og rokker</CodeText>
        <CodeText xml:lang="nb">Skater og rokker</CodeText>
        <CodeText xml:lang="en">Skater og rokker (No translation found in English)</CodeText>
      </CodeTextGrp>
      <NoteGrp>
        <Note xml:lang="nn">RAJIFORMES</Note>
        <Note xml:lang="nb">RAJIFORMES</Note>
        <Note xml:lang="en">RAJIFORMES</Note>
      </NoteGrp>
    </Code>
    <Code id="urn:ssb:code:stabas:4356107-4356135" parentCodeId="urn:ssb:code:stabas:4356105-4356111">
      <CodeValue>1.04</CodeValue>
      <CodeTextGrp>
        <CodeText xml:lang="nn">Sildefiskar</CodeText>
        <CodeText xml:lang="nb">Sildefisker</CodeText>
        <CodeText xml:lang="en">Sildefisker (No translation found in English)</CodeText>
      </CodeTextGrp>
      <NoteGrp>
        <Note xml:lang="nn">CLUPEOIDEI</Note>
        <Note xml:lang="nb">CLUPEOIDEI</Note>
        <Note xml:lang="en">CLUPEOIDEI</Note>
      </NoteGrp>
    </Code>
    <Code id="urn:ssb:code:stabas:4356107-4356153" parentCodeId="urn:ssb:code:stabas:4356105-4356111">
      <CodeValue>1.05</CodeValue>
      <CodeTextGrp>
        <CodeText xml:lang="nn">Laksefiskar</CodeText>
        <CodeText xml:lang="nb">Laksefisker</CodeText>
        <CodeText xml:lang="en">Laksefisker (No translation found in English)</CodeText>
      </CodeTextGrp>
      <NoteGrp>
        <Note xml:lang="nn">SALMONOIDEI</Note>
        <Note xml:lang="nb">SALMONOIDEI</Note>
        <Note xml:lang="en">SALMONOIDEI</Note>
      </NoteGrp>
    </Code>
    <Code id="urn:ssb:code:stabas:4356107-4356171" parentCodeId="urn:ssb:code:stabas:4356105-4356111">
      <CodeValue>1.06</CodeValue>
      <CodeTextGrp>
        <CodeText xml:lang="nn">Ålefiskar</CodeText>
        <CodeText xml:lang="nb">Ålefisker</CodeText>
        <CodeText xml:lang="en">Ålefisker (No translation found in English)</CodeText>
      </CodeTextGrp>
      <NoteGrp>
        <Note xml:lang="nn">ANGUILLOIDEI</Note>
        <Note xml:lang="nb">ANGUILLOIDEI</Note>
        <Note xml:lang="en">ANGUILLOIDEI</Note>
      </NoteGrp>
    </Code>
    <Code id="urn:ssb:code:stabas:4356107-4356177" parentCodeId="urn:ssb:code:stabas:4356105-4356111">
      <CodeValue>1.07</CodeValue>
      <CodeTextGrp>
        <CodeText xml:lang="nn">Marulkar</CodeText>
        <CodeText xml:lang="nb">Marulker</CodeText>
        <CodeText xml:lang="en">Marulker (No translation found in English)</CodeText>
      </CodeTextGrp>
      <NoteGrp>
        <Note xml:lang="nn">BELONIFORMES</Note>
        <Note xml:lang="nb">BELONIFORMES</Note>
        <Note xml:lang="en">BELONIFORMES</Note>
      </NoteGrp>
    </Code>
    <Code id="urn:ssb:code:stabas:4356107-4356181" parentCodeId="urn:ssb:code:stabas:4356105-4356111">
      <CodeValue>1.08</CodeValue>
      <CodeTextGrp>
        <CodeText xml:lang="nn">Torskefiskar</CodeText>
        <CodeText xml:lang="nb">Torskefisker</CodeText>
        <CodeText xml:lang="en">Torskefisker (No translation found in English)</CodeText>
      </CodeTextGrp>
      <NoteGrp>
        <Note xml:lang="nn">GADIFORMES</Note>
        <Note xml:lang="nb">GADIFORMES</Note>
        <Note xml:lang="en">GADIFORMES</Note>
      </NoteGrp>
    </Code>
    <Code id="urn:ssb:code:stabas:4356107-4356317" parentCodeId="urn:ssb:code:stabas:4356105-4356111">
      <CodeValue>1.09</CodeValue>
      <CodeTextGrp>
        <CodeText xml:lang="nn">Piggfinnefiskar</CodeText>
        <CodeText xml:lang="nb">Piggfinnefisker</CodeText>
        <CodeText xml:lang="en">Piggfinnefisker (No translation found in English)</CodeText>
      </CodeTextGrp>
      <NoteGrp>
        <Note xml:lang="nn">PERCIFORMES</Note>
        <Note xml:lang="nb">PERCIFORMES</Note>
        <Note xml:lang="en">PERCIFORMES</Note>
      </NoteGrp>
    </Code>
    <Code id="urn:ssb:code:stabas:4356107-4356327" parentCodeId="urn:ssb:code:stabas:4356105-4356111">
      <CodeValue>1.10</CodeValue>
      <CodeTextGrp>
        <CodeText xml:lang="nn">Slimfiskar</CodeText>
        <CodeText xml:lang="nb">Slimfisker</CodeText>
        <CodeText xml:lang="en">Slimfisker (No translation found in English)</CodeText>
      </CodeTextGrp>
      <NoteGrp>
        <Note xml:lang="nn">BLENNOIDEI</Note>
        <Note xml:lang="nb">BLENNOIDEI</Note>
        <Note xml:lang="en">BLENNOIDEI</Note>
      </NoteGrp>
    </Code>
    <Code id="urn:ssb:code:stabas:4356107-4356337" parentCodeId="urn:ssb:code:stabas:4356105-4356111">
      <CodeValue>1.11</CodeValue>
      <CodeTextGrp>
        <CodeText xml:lang="nn">Ammodytoidei</CodeText>
        <CodeText xml:lang="nb">Ammodytoidei</CodeText>
        <CodeText xml:lang="en">Ammodytoidei (No translation found in English)</CodeText>
      </CodeTextGrp>
      <NoteGrp>
        <Note xml:lang="nn">AMMODYTOIDEI</Note>
        <Note xml:lang="nb">AMMODYTOIDEI</Note>
        <Note xml:lang="en">AMMODYTOIDEI</Note>
      </NoteGrp>
    </Code>
    <Code id="urn:ssb:code:stabas:4356107-4356341" parentCodeId="urn:ssb:code:stabas:4356105-4356111">
      <CodeValue>1.12</CodeValue>
      <CodeTextGrp>
        <CodeText xml:lang="nn">Makrellfiskar</CodeText>
        <CodeText xml:lang="nb">Makrellfisker</CodeText>
        <CodeText xml:lang="en">Makrellfisker (No translation found in English)</CodeText>
      </CodeTextGrp>
      <NoteGrp>
        <Note xml:lang="nn">SCOMBROIDEI</Note>
        <Note xml:lang="nb">SCOMBROIDEI</Note>
        <Note xml:lang="en">SCOMBROIDEI</Note>
      </NoteGrp>
    </Code>
    <Code id="urn:ssb:code:stabas:4356107-4356349" parentCodeId="urn:ssb:code:stabas:4356105-4356111">
      <CodeValue>1.13</CodeValue>
      <CodeTextGrp>
        <CodeText xml:lang="nn">Ulkefiskar</CodeText>
        <CodeText xml:lang="nb">Ulkefisker</CodeText>
        <CodeText xml:lang="en">Ulkefisker (No translation found in English)</CodeText>
      </CodeTextGrp>
      <NoteGrp>
        <Note xml:lang="nn">COTTOIDEI</Note>
        <Note xml:lang="nb">COTTOIDEI</Note>
        <Note xml:lang="en">COTTOIDEI</Note>
      </NoteGrp>
    </Code>
    <Code id="urn:ssb:code:stabas:4356107-4356365" parentCodeId="urn:ssb:code:stabas:4356105-4356111">
      <CodeValue>1.14</CodeValue>
      <CodeTextGrp>
        <CodeText xml:lang="nn">Flyndrefiskar</CodeText>
        <CodeText xml:lang="nb">Flyndrefisker</CodeText>
        <CodeText xml:lang="en">Flyndrefisker (No translation found in English)</CodeText>
      </CodeTextGrp>
      <NoteGrp>
        <Note xml:lang="nn">PLEURONECTOIDEI</Note>
        <Note xml:lang="nb">PLEURONECTOIDEI</Note>
        <Note xml:lang="en">PLEURONECTOIDEI</Note>
      </NoteGrp>
    </Code>
    <Code id="urn:ssb:code:stabas:4356107-4356393" parentCodeId="urn:ssb:code:stabas:4356105-4356111">
      <CodeValue>1.15</CodeValue>
      <CodeTextGrp>
        <CodeText xml:lang="nn">Breiflabbar</CodeText>
        <CodeText xml:lang="nb">Breiflabber</CodeText>
        <CodeText xml:lang="en">Breiflabber (No translation found in English)</CodeText>
      </CodeTextGrp>
      <NoteGrp>
        <Note xml:lang="nn">LOPHIOIDEI</Note>
        <Note xml:lang="nb">LOPHIOIDEI</Note>
        <Note xml:lang="en">LOPHIOIDEI</Note>
      </NoteGrp>
    </Code>
    <Code id="urn:ssb:code:stabas:4356107-4356397" parentCodeId="urn:ssb:code:stabas:4356105-4356111">
      <CodeValue>1.16</CodeValue>
      <CodeTextGrp>
        <CodeText xml:lang="nn">Annan fisk</CodeText>
        <CodeText xml:lang="nb">Annen fisk</CodeText>
        <CodeText xml:lang="en">Other fishes</CodeText>
      </CodeTextGrp>
    </Code>
    <Code id="urn:ssb:code:stabas:4356107-4356503" parentCodeId="urn:ssb:code:stabas:4356105-4356111">
      <CodeValue>1.17</CodeValue>
      <CodeTextGrp>
        <CodeText xml:lang="nn">Kimærer</CodeText>
        <CodeText xml:lang="nb">Kimærer</CodeText>
        <CodeText xml:lang="en">Kimærer (No translation found in English)</CodeText>
      </CodeTextGrp>
      <NoteGrp>
        <Note xml:lang="nn">CHIMAERIFORMES</Note>
        <Note xml:lang="nb">CHIMAERIFORMES</Note>
        <Note xml:lang="en">CHIMAERIFORMES</Note>
      </NoteGrp>
    </Code>
    <Code id="urn:ssb:code:stabas:4356107-4356507" parentCodeId="urn:ssb:code:stabas:4356105-4356111">
      <CodeValue>1.18</CodeValue>
      <CodeTextGrp>
        <CodeText xml:lang="nn">Båndfiskar</CodeText>
        <CodeText xml:lang="nb">Båndfisker</CodeText>
        <CodeText xml:lang="en">Båndfisker (No translation found in English)</CodeText>
      </CodeTextGrp>
      <NoteGrp>
        <Note xml:lang="nn">SYNGNATHIFORMES</Note>
        <Note xml:lang="nb">SYNGNATHIFORMES</Note>
        <Note xml:lang="en">SYNGNATHIFORMES</Note>
      </NoteGrp>
    </Code>
    <Code id="urn:ssb:code:stabas:4356107-4356513" parentCodeId="urn:ssb:code:stabas:4356105-4356511">
      <CodeValue>2.01</CodeValue>
      <CodeTextGrp>
        <CodeText xml:lang="nn">Krepsdyr</CodeText>
        <CodeText xml:lang="nb">Krepsdyr</CodeText>
        <CodeText xml:lang="en">Crustaceans</CodeText>
      </CodeTextGrp>
      <NoteGrp>
        <Note xml:lang="nn">CRUSTACEA</Note>
        <Note xml:lang="nb">CRUSTACEA</Note>
        <Note xml:lang="en">CRUSTACEA</Note>
      </NoteGrp>
    </Code>
    <Code id="urn:ssb:code:stabas:4356107-4356535" parentCodeId="urn:ssb:code:stabas:4356105-4356533">
      <CodeValue>3.01</CodeValue>
      <CodeTextGrp>
        <CodeText xml:lang="nn">Blautdyr</CodeText>
        <CodeText xml:lang="nb">Bløtdyr</CodeText>
        <CodeText xml:lang="en">Molluscs</CodeText>
      </CodeTextGrp>
      <NoteGrp>
        <Note xml:lang="nn">MOLLUSCA</Note>
        <Note xml:lang="nb">MOLLUSCA</Note>
        <Note xml:lang="en">MOLLUSCA</Note>
      </NoteGrp>
    </Code>
    <Code id="urn:ssb:code:stabas:4356107-4356563" parentCodeId="urn:ssb:code:stabas:4356105-4356561">
      <CodeValue>4.01</CodeValue>
      <CodeTextGrp>
        <CodeText xml:lang="nn">Pattedyr</CodeText>
        <CodeText xml:lang="nb">Pattedyr</CodeText>
        <CodeText xml:lang="en">Mammals</CodeText>
      </CodeTextGrp>
      <NoteGrp>
        <Note xml:lang="nn">MAMMALIA</Note>
        <Note xml:lang="nb">MAMMALIA</Note>
        <Note xml:lang="en">MAMMALIA</Note>
      </NoteGrp>
    </Code>
    <Code id="urn:ssb:code:stabas:4356107-4356721" parentCodeId="urn:ssb:code:stabas:4356105-4356719">
      <CodeValue>5.01</CodeValue>
      <CodeTextGrp>
        <CodeText xml:lang="nn">Alger</CodeText>
        <CodeText xml:lang="nb">Alger</CodeText>
        <CodeText xml:lang="en">Algae</CodeText>
      </CodeTextGrp>
      <NoteGrp>
        <Note xml:lang="nn">ALGAE</Note>
        <Note xml:lang="nb">ALGAE</Note>
        <Note xml:lang="en">ALGAE</Note>
      </NoteGrp>
    </Code>
  </Codes>
</Codelist>