<?xml version="1.0" encoding="utf-8"?>
<Codelist xmlns:xsi="http://www.w3.org/2001/XMLSchema-instance" xmlns:xsd="http://www.w3.org/2001/XMLSchema" id="urn:ssb:codelist:stabas:4360523" defaultValidFrom="2006-01-01" lastChangedDate="2009-11-11" isCurrent="true" relationId="urn:ssb:classversion:stabas:4360519" xmlns="http://www.ssb.no/ns/meta/codelist">
  <CodelistMeta>
    <TitleGrp>
      <Title xml:lang="nn">Variant - Tilleggsinndeling for hushald: Nivå 0</Title>
      <Title xml:lang="nb">Variant - Tilleggsinndeling for husholdninger: Nivå 1</Title>
      <Title xml:lang="en">Variant - Supplementary classification of households: Level 0</Title>
    </TitleGrp>
    <DescriptionGrp>
      <Description xml:lang="nn">I hovudstandarden grupperer vi i einfamilie- og fleirfamiliehushald på det grovaste nivået for deretter å grupper i hushald med og utan barn. Tilleggsinndelinga gjer ei alternativ gruppering der ein skil mellom hushald med og utan barn på det grovaste nivået.</Description>
      <Description xml:lang="nb">I hovedstandarden grupperer vi i enfamilie- og flerfamiliehusholdninger på det mest aggregerte nivået for deretter å grupper i husholdninger med og uten barn. Tilleggsinndelingen gir en alternativ gruppering der en skiller mellom husholdninger med og uten barn på det groveste nivået.</Description>
      <Description xml:lang="en">The standard classification of households classifies in one-family and two or more-family households at the most aggregated level, and in households with or without children at the more detailed level. The supplementary classification gives an alternative which classifies in households with or without children at the most aggregated level.</Description>
    </DescriptionGrp>
    <ContactInformation>
      <Person xmlns="http://www.ssb.no/ns/meta/common">hen</Person>
      <Division xmlns="http://www.ssb.no/ns/meta/common">810</Division>
    </ContactInformation>
    <NoteGrp>
      <Note xml:lang="nn">Ikkje relevant</Note>
      <Note xml:lang="nb">Not relevant</Note>
      <Note xml:lang="en">Not relevant</Note>
    </NoteGrp>
  </CodelistMeta>
  <Codes>
    <Code id="urn:ssb:code:stabas:4360523-4360528">
      <CodeValue>A</CodeValue>
      <CodeTextGrp>
        <CodeText xml:lang="nn">Åleinebuande</CodeText>
        <CodeText xml:lang="nb">Aleneboende</CodeText>
        <CodeText xml:lang="en">Living alone</CodeText>
      </CodeTextGrp>
    </Code>
    <Code id="urn:ssb:code:stabas:4360523-4360533">
      <CodeValue>B</CodeValue>
      <CodeTextGrp>
        <CodeText xml:lang="nn">Hushald med barn (yngste barn 0- 17 år)</CodeText>
        <CodeText xml:lang="nb">Husholdninger med barn (yngste barn 0- 17 år)</CodeText>
        <CodeText xml:lang="en">Households with children (youngest child 0-17 years)</CodeText>
      </CodeTextGrp>
    </Code>
    <Code id="urn:ssb:code:stabas:4360523-4360545">
      <CodeValue>C</CodeValue>
      <CodeTextGrp>
        <CodeText xml:lang="nn">Andre hushald</CodeText>
        <CodeText xml:lang="nb">Andre husholdninger</CodeText>
        <CodeText xml:lang="en">Other households</CodeText>
      </CodeTextGrp>
    </Code>
  </Codes>
</Codelist>