<?xml version="1.0" encoding="utf-8"?>
<Codelist xmlns:xsi="http://www.w3.org/2001/XMLSchema-instance" xmlns:xsd="http://www.w3.org/2001/XMLSchema" id="urn:ssb:codelist:stabas:4360109" defaultValidFrom="2006-01-01" lastChangedDate="2011-03-04" parentCodelistId="urn:ssb:codelist:stabas:4360107" isCurrent="true" relationId="urn:ssb:classversion:stabas:4360101" xmlns="http://www.ssb.no/ns/meta/codelist">
  <CodelistMeta>
    <TitleGrp>
      <Title xml:lang="nn">Gruppering av familiar 2006: Nivå 3</Title>
      <Title xml:lang="nb">Gruppering av familier 2006: Nivå 3</Title>
      <Title xml:lang="en">Classification of family type 2006: Level 3</Title>
    </TitleGrp>
    <DescriptionGrp>
      <Description xml:lang="nn">Standarden gjer greie for dei ulike familietypane som i dag vert nytta i SSB sin familiestatistikk</Description>
      <Description xml:lang="nb">Standarden beskriver de ulike familitypene som i dag brukes i SSBs familistatistikk</Description>
      <Description xml:lang="en">The classification describes the different types of families used in family statistics in Statistics Norway today.</Description>
    </DescriptionGrp>
    <ContactInformation>
      <Person xmlns="http://www.ssb.no/ns/meta/common">hen</Person>
      <Division xmlns="http://www.ssb.no/ns/meta/common">810</Division>
    </ContactInformation>
    <NoteGrp>
      <Note xml:lang="nn">Nytt kodesystem f.o.m 2006</Note>
      <Note xml:lang="nb">Nytt kodesystem f.o.m 2006</Note>
      <Note xml:lang="en">Change in coding system as from 2006</Note>
    </NoteGrp>
  </CodelistMeta>
  <Codes>
    <Code id="urn:ssb:code:stabas:4360109-4360115" parentCodeId="urn:ssb:code:stabas:4360107-4360113">
      <CodeValue>1.1.1</CodeValue>
      <CodeTextGrp>
        <CodeText xml:lang="nn">Einpersonfamilie, person under 30 år</CodeText>
        <CodeText xml:lang="nb">Enpersonfamilie, person under 30 år</CodeText>
        <CodeText xml:lang="en">One-person family, person under 30 years</CodeText>
      </CodeTextGrp>
    </Code>
    <Code id="urn:ssb:code:stabas:4360109-4360117" parentCodeId="urn:ssb:code:stabas:4360107-4360113">
      <CodeValue>1.1.2</CodeValue>
      <CodeTextGrp>
        <CodeText xml:lang="nn">Einpersonfamilie, person 30-44 år</CodeText>
        <CodeText xml:lang="nb">Enpersonfamilie, person 30-44 år</CodeText>
        <CodeText xml:lang="en">One-person family, person 30-44 years</CodeText>
      </CodeTextGrp>
    </Code>
    <Code id="urn:ssb:code:stabas:4360109-4360119" parentCodeId="urn:ssb:code:stabas:4360107-4360113">
      <CodeValue>1.1.3</CodeValue>
      <CodeTextGrp>
        <CodeText xml:lang="nn">Einpersonfamilie, person 45-66 år</CodeText>
        <CodeText xml:lang="nb">Enpersonfamilie, person 45-66 år</CodeText>
        <CodeText xml:lang="en">One-person family, person 45-66 years</CodeText>
      </CodeTextGrp>
    </Code>
    <Code id="urn:ssb:code:stabas:4360109-4360121" parentCodeId="urn:ssb:code:stabas:4360107-4360113">
      <CodeValue>1.1.4</CodeValue>
      <CodeTextGrp>
        <CodeText xml:lang="nn">Einpersonfamilie, person 67 år og over</CodeText>
        <CodeText xml:lang="nb">Enpersonfamilie, person 67 år og over</CodeText>
        <CodeText xml:lang="en">One-person family, person 67 years and over</CodeText>
      </CodeTextGrp>
    </Code>
    <Code id="urn:ssb:code:stabas:4360109-4360127" parentCodeId="urn:ssb:code:stabas:4360107-4360125">
      <CodeValue>2.1.1</CodeValue>
      <CodeTextGrp>
        <CodeText xml:lang="nn">Ektepar med små barn (yngste barn 0-5 år)</CodeText>
        <CodeText xml:lang="nb">Ektepar med små barn (yngste barn 0-5 år)</CodeText>
        <CodeText xml:lang="en">Married couple with small children (youngest child 0-5 years)</CodeText>
      </CodeTextGrp>
    </Code>
    <Code id="urn:ssb:code:stabas:4360109-4360129" parentCodeId="urn:ssb:code:stabas:4360107-4360125">
      <CodeValue>2.1.2</CodeValue>
      <CodeTextGrp>
        <CodeText xml:lang="nn">Sambuarpar med små barn (yngste barn 0-5 år)</CodeText>
        <CodeText xml:lang="nb">Samboerpar med små barn (yngste barn 0-5 år)</CodeText>
        <CodeText xml:lang="en">Cohabiting couple with small children (youngest child 0-5 years)</CodeText>
      </CodeTextGrp>
    </Code>
    <Code id="urn:ssb:code:stabas:4360109-4360133" parentCodeId="urn:ssb:code:stabas:4360107-4360131">
      <CodeValue>2.2.1</CodeValue>
      <CodeTextGrp>
        <CodeText xml:lang="nn">Ektepar med store barn (yngste barn 6-17 år)</CodeText>
        <CodeText xml:lang="nb">Ektepar med store barn (yngste barn 6-17 år)</CodeText>
        <CodeText xml:lang="en">Married couple with older children (youngest child 6-17 years)</CodeText>
      </CodeTextGrp>
    </Code>
    <Code id="urn:ssb:code:stabas:4360109-4360135" parentCodeId="urn:ssb:code:stabas:4360107-4360131">
      <CodeValue>2.2.2</CodeValue>
      <CodeTextGrp>
        <CodeText xml:lang="nn">Sambuarpar med store barn (yngste barn 6-17 år)</CodeText>
        <CodeText xml:lang="nb">Samboerpar med store barn (yngste barn 6-17 år)</CodeText>
        <CodeText xml:lang="en">Cohabiting couple with older children (youngest child 6-17 years)</CodeText>
      </CodeTextGrp>
    </Code>
    <Code id="urn:ssb:code:stabas:4360109-4360139" parentCodeId="urn:ssb:code:stabas:4360107-4360137">
      <CodeValue>2.3.1</CodeValue>
      <CodeTextGrp>
        <CodeText xml:lang="nn">Mor med små barn (yngste barn 0-5 år)</CodeText>
        <CodeText xml:lang="nb">Mor med små barn (yngste barn 0-5 år)</CodeText>
        <CodeText xml:lang="en">Lone mother with small children (youngest child 0-5 years)</CodeText>
      </CodeTextGrp>
    </Code>
    <Code id="urn:ssb:code:stabas:4360109-4360141" parentCodeId="urn:ssb:code:stabas:4360107-4360137">
      <CodeValue>2.3.2</CodeValue>
      <CodeTextGrp>
        <CodeText xml:lang="nn">Far med små barn (yngste barn 0-5 år)</CodeText>
        <CodeText xml:lang="nb">Far med små barn (yngste barn 0-5 år)</CodeText>
        <CodeText xml:lang="en">Lone father with small children (youngest child 0-5 years)</CodeText>
      </CodeTextGrp>
    </Code>
    <Code id="urn:ssb:code:stabas:4360109-4360145" parentCodeId="urn:ssb:code:stabas:4360107-4360143">
      <CodeValue>2.4.1</CodeValue>
      <CodeTextGrp>
        <CodeText xml:lang="nn">Mor med store barn (yngste barn 6-17 år)</CodeText>
        <CodeText xml:lang="nb">Mor med store barn (yngste barn 6-17 år)</CodeText>
        <CodeText xml:lang="en">Lone mother with older children (youngest child 6-17 years)</CodeText>
      </CodeTextGrp>
    </Code>
    <Code id="urn:ssb:code:stabas:4360109-4360147" parentCodeId="urn:ssb:code:stabas:4360107-4360143">
      <CodeValue>2.4.2</CodeValue>
      <CodeTextGrp>
        <CodeText xml:lang="nn">Far med store barn (yngste barn 6-17 år)</CodeText>
        <CodeText xml:lang="nb">Far med store barn (yngste barn 6-17 år)</CodeText>
        <CodeText xml:lang="en">Lone father with older children (youngest child 6-17 years)</CodeText>
      </CodeTextGrp>
    </Code>
    <Code id="urn:ssb:code:stabas:4360109-4360153" parentCodeId="urn:ssb:code:stabas:4360107-4360151">
      <CodeValue>3.1.1</CodeValue>
      <CodeTextGrp>
        <CodeText xml:lang="nn">Ektepar utan barn, eldste person under 30 år</CodeText>
        <CodeText xml:lang="nb">Ektepar uten barn, eldste person under 30 år</CodeText>
        <CodeText xml:lang="en">Married couple without children, oldest person below 30 years</CodeText>
      </CodeTextGrp>
    </Code>
    <Code id="urn:ssb:code:stabas:4360109-4360155" parentCodeId="urn:ssb:code:stabas:4360107-4360151">
      <CodeValue>3.1.2</CodeValue>
      <CodeTextGrp>
        <CodeText xml:lang="nn">Ektepar utan barn, eldste person 30-44 år</CodeText>
        <CodeText xml:lang="nb">Ektepar uten barn, eldste person 30-44 år</CodeText>
        <CodeText xml:lang="en">Married couple without children, oldest person 30-44 years</CodeText>
      </CodeTextGrp>
    </Code>
    <Code id="urn:ssb:code:stabas:4360109-4360157" parentCodeId="urn:ssb:code:stabas:4360107-4360151">
      <CodeValue>3.1.3</CodeValue>
      <CodeTextGrp>
        <CodeText xml:lang="nn">Ektepar utan barn, eldste person 45-66 år</CodeText>
        <CodeText xml:lang="nb">Ektepar uten barn, eldste person 45-66 år</CodeText>
        <CodeText xml:lang="en">Married couple without children, oldest person 45-66 years</CodeText>
      </CodeTextGrp>
    </Code>
    <Code id="urn:ssb:code:stabas:4360109-4360159" parentCodeId="urn:ssb:code:stabas:4360107-4360151">
      <CodeValue>3.1.4</CodeValue>
      <CodeTextGrp>
        <CodeText xml:lang="nn">Ektepar utan barn, eldste person 67 år og over</CodeText>
        <CodeText xml:lang="nb">Ektepar uten barn, eldste person 67 år og over</CodeText>
        <CodeText xml:lang="en">Married couple without children, oldest person 67 years and over</CodeText>
      </CodeTextGrp>
    </Code>
    <Code id="urn:ssb:code:stabas:4360109-4360161" parentCodeId="urn:ssb:code:stabas:4360107-4360151">
      <CodeValue>3.1.5</CodeValue>
      <CodeTextGrp>
        <CodeText xml:lang="nn">Sambuarpar utan barn, eldste person under 30 år</CodeText>
        <CodeText xml:lang="nb">Samboerpar uten barn, eldste person under 30 år</CodeText>
        <CodeText xml:lang="en">Cohabiting couple without children, oldest person under 30 years</CodeText>
      </CodeTextGrp>
    </Code>
    <Code id="urn:ssb:code:stabas:4360109-4360163" parentCodeId="urn:ssb:code:stabas:4360107-4360151">
      <CodeValue>3.1.6</CodeValue>
      <CodeTextGrp>
        <CodeText xml:lang="nn">Sambuarpar utan barn, eldste person 30-44 år</CodeText>
        <CodeText xml:lang="nb">Samboerpar uten barn, eldste person 30-44 år</CodeText>
        <CodeText xml:lang="en">Cohabiting couple without children, oldest person 30-44 years</CodeText>
      </CodeTextGrp>
    </Code>
    <Code id="urn:ssb:code:stabas:4360109-4360165" parentCodeId="urn:ssb:code:stabas:4360107-4360151">
      <CodeValue>3.1.7</CodeValue>
      <CodeTextGrp>
        <CodeText xml:lang="nn">Sambuarpar utan barn, eldste person 45-66 år</CodeText>
        <CodeText xml:lang="nb">Samboerpar uten barn, eldste person 45-66 år</CodeText>
        <CodeText xml:lang="en">Cohabiting couple without children, oldest person 45-66 years</CodeText>
      </CodeTextGrp>
    </Code>
    <Code id="urn:ssb:code:stabas:4360109-4360167" parentCodeId="urn:ssb:code:stabas:4360107-4360151">
      <CodeValue>3.1.8</CodeValue>
      <CodeTextGrp>
        <CodeText xml:lang="nn">Sambuarpar utan barn, eldste person 67 år og over</CodeText>
        <CodeText xml:lang="nb">Samboerpar uten barn, eldste person 67 år og over</CodeText>
        <CodeText xml:lang="en">Cohabiting couple without children, oldest person 67 years and over</CodeText>
      </CodeTextGrp>
    </Code>
    <Code id="urn:ssb:code:stabas:4360109-4360171" parentCodeId="urn:ssb:code:stabas:4360107-4360169">
      <CodeValue>3.2.1</CodeValue>
      <CodeTextGrp>
        <CodeText xml:lang="nn">Ektepar med vaksne barn (yngste barn 18 år og over)</CodeText>
        <CodeText xml:lang="nb">Ektepar med voksne barn (yngste barn 18 år og over)</CodeText>
        <CodeText xml:lang="en">Married couple with adult children (youngest child 18 years and over)</CodeText>
      </CodeTextGrp>
    </Code>
    <Code id="urn:ssb:code:stabas:4360109-4360173" parentCodeId="urn:ssb:code:stabas:4360107-4360169">
      <CodeValue>3.2.2</CodeValue>
      <CodeTextGrp>
        <CodeText xml:lang="nn">Sambuarpar med vaksne barn (yngste barn 18 år og over)</CodeText>
        <CodeText xml:lang="nb">Samboerpar med voksne barn (yngste barn 18 år og over)</CodeText>
        <CodeText xml:lang="en">Cohabiting couple with adult children (youngest child 18 years and over)</CodeText>
      </CodeTextGrp>
    </Code>
    <Code id="urn:ssb:code:stabas:4360109-4360177" parentCodeId="urn:ssb:code:stabas:4360107-4360175">
      <CodeValue>3.3.1</CodeValue>
      <CodeTextGrp>
        <CodeText xml:lang="nn">Mor med vaksne barn (yngste barn 18 år og over)</CodeText>
        <CodeText xml:lang="nb">Mor med voksne barn (yngste barn 18 år og over)</CodeText>
        <CodeText xml:lang="en">Lone mother with adult children (youngest child 18 years and over)</CodeText>
      </CodeTextGrp>
    </Code>
    <Code id="urn:ssb:code:stabas:4360109-4360179" parentCodeId="urn:ssb:code:stabas:4360107-4360175">
      <CodeValue>3.3.2</CodeValue>
      <CodeTextGrp>
        <CodeText xml:lang="nn">Far med vaksne barn (yngste barn 18 år og over)</CodeText>
        <CodeText xml:lang="nb">Far med voksne barn (yngste barn 18 år og over)</CodeText>
        <CodeText xml:lang="en">Lone father with adult children (youngest child 18 years and over)</CodeText>
      </CodeTextGrp>
    </Code>
    <Code id="urn:ssb:code:stabas:4360109-4360183" parentCodeId="urn:ssb:code:stabas:4360107-4360181">
      <CodeValue>3.4.1</CodeValue>
      <CodeTextGrp>
        <CodeText xml:lang="nn">Andre familiar</CodeText>
        <CodeText xml:lang="nb">Andre familier</CodeText>
        <CodeText xml:lang="en">Other families</CodeText>
      </CodeTextGrp>
    </Code>
  </Codes>
</Codelist>