<?xml version="1.0" encoding="utf-8"?>
<Codelist xmlns:xsi="http://www.w3.org/2001/XMLSchema-instance" xmlns:xsd="http://www.w3.org/2001/XMLSchema" id="urn:ssb:codelist:stabas:4360345" defaultValidFrom="2006-01-01" lastChangedDate="2009-11-11" isCurrent="true" relationId="urn:ssb:classversion:stabas:4360341" xmlns="http://www.ssb.no/ns/meta/codelist">
  <CodelistMeta>
    <TitleGrp>
      <Title xml:lang="nn">Gruppering av hushald 2006: Nivå 1</Title>
      <Title xml:lang="nb">Gruppering av husholdninger 2006: Nivå 1</Title>
      <Title xml:lang="en">Classification of households 2006: Level 1</Title>
    </TitleGrp>
    <DescriptionGrp>
      <Description xml:lang="nn">Standarden gjer greie for dei ulike typar av hushald som i dag vært nytta i SSB sin hushaldstatistikk.</Description>
      <Description xml:lang="nb">Standarden beskriver de ulike husholdningstypene som i dag brukes i SSBs husholdningsstatistikk</Description>
      <Description xml:lang="en">The classification describes the different types of families used in family statistics in Statistics Norway today.</Description>
    </DescriptionGrp>
    <ContactInformation>
      <Person xmlns="http://www.ssb.no/ns/meta/common">hen</Person>
      <Division xmlns="http://www.ssb.no/ns/meta/common">810</Division>
    </ContactInformation>
    <NoteGrp>
      <Note xml:lang="nn">Nytt kodesystem f.o.m 2006</Note>
      <Note xml:lang="nb">Nytt kodesystem f.o.m 2006</Note>
      <Note xml:lang="en">Change in coding systen as from 2006</Note>
    </NoteGrp>
  </CodelistMeta>
  <Codes>
    <Code id="urn:ssb:code:stabas:4360345-4360351">
      <CodeValue>1</CodeValue>
      <CodeTextGrp>
        <CodeText xml:lang="nn">Einfamiliehushald</CodeText>
        <CodeText xml:lang="nb">Enfamiliehusholdninger</CodeText>
        <CodeText xml:lang="en">One-family households</CodeText>
      </CodeTextGrp>
    </Code>
    <Code id="urn:ssb:code:stabas:4360345-4360507">
      <CodeValue>2</CodeValue>
      <CodeTextGrp>
        <CodeText xml:lang="nn">Fleirfamiliehushald</CodeText>
        <CodeText xml:lang="nb">Flerfamiliehusholdninger</CodeText>
        <CodeText xml:lang="en">Two or more-family households</CodeText>
      </CodeTextGrp>
    </Code>
  </Codes>
</Codelist>