<?xml version="1.0" encoding="utf-8"?>
<Codelist xmlns:xsi="http://www.w3.org/2001/XMLSchema-instance" xmlns:xsd="http://www.w3.org/2001/XMLSchema" id="urn:ssb:codelist:stabas:4424106" defaultValidFrom="2006-01-01" lastChangedDate="2013-10-18" isCurrent="false" relationId="urn:ssb:classversion:stabas:4424102" xmlns="http://www.ssb.no/ns/meta/codelist">
  <CodelistMeta>
    <TitleGrp>
      <Title xml:lang="nn">Institusjonell sektorgruppering 2006: Nivå 1  - hovedgrupper</Title>
      <Title xml:lang="nb">Institusjonell sektorgruppering 2006: Nivå 1  - hovedgrupper</Title>
      <Title xml:lang="en">Institutional sector classification 2006: Nivå 1  - hovedgrupper</Title>
    </TitleGrp>
    <DescriptionGrp>
      <Description xml:lang="nn">Institusjonell sektor er ein statistisk standard som hovudsakleg blir nytta av nasjonalrekneskapen. Han deler den norske økonomien i sektorar på basis av gruppering av einsarta institusjonelle einingar. I Noreg opererer vi med fem hovudsektorar: Offentleg forvaltning, finansielle føretak, ikkje-finansielle føretak, hushald og utlandet.</Description>
      <Description xml:lang="nb">Institusjonell sektor er en statistisk standard som benyttes først og fremst av nasjonalregnskapet. Den deler den norske økonomien i sektorer på basis av gruppering av ensartede institusjonelle enheter.  I Norge opererer vi med fem hovedsektorer; Offentlig forvaltning, finansielle foretak, ikke-finansielle foretak, husholdninger og utlandet.</Description>
      <Description xml:lang="en">The institutional sector is a statistical standard used mainly in National Accounts. It splits the Norwegian economy into sectors on the basis of groups of homogeneous institutional units. In Norway, we have five main sectors: General government, financial corporations, non-financial corporations, households and rest of the world.</Description>
    </DescriptionGrp>
    <ContactInformation>
      <Person xmlns="http://www.ssb.no/ns/meta/common">guh</Person>
      <Division xmlns="http://www.ssb.no/ns/meta/common">960</Division>
    </ContactInformation>
    <NoteGrp>
      <Note xml:lang="nn">Endringar eller revisjonar skjer sjeldan.</Note>
      <Note xml:lang="nb">Endringer eller revisjoner forekommer sjelden.</Note>
      <Note xml:lang="en">Changes or revisions are seldom.</Note>
    </NoteGrp>
  </CodelistMeta>
  <Codes>
    <Code id="urn:ssb:code:stabas:4424106-4444119">
      <CodeValue>ALLENO</CodeValue>
      <CodeTextGrp>
        <CodeText xml:lang="nn">Norske sektorar i alt</CodeText>
        <CodeText xml:lang="nb">Norske sektorer i alt</CodeText>
        <CodeText xml:lang="en">All norwegian sectors</CodeText>
      </CodeTextGrp>
    </Code>
    <Code id="urn:ssb:code:stabas:4424106-4424190">
      <CodeValue>UTL</CodeValue>
      <CodeTextGrp>
        <CodeText xml:lang="nn">Utlandet</CodeText>
        <CodeText xml:lang="nb">Utlandet</CodeText>
        <CodeText xml:lang="en">Rest of the world</CodeText>
      </CodeTextGrp>
    </Code>
  </Codes>
</Codelist>