<?xml version="1.0" encoding="utf-8"?>
<Codelist xmlns:xsi="http://www.w3.org/2001/XMLSchema-instance" xmlns:xsd="http://www.w3.org/2001/XMLSchema" id="urn:ssb:codelist:stabas:4426006" defaultValidFrom="1991-01-01" lastChangedDate="2015-11-10" isCurrent="true" relationId="urn:ssb:classversion:stabas:4426002" xmlns="http://www.ssb.no/ns/meta/codelist">
  <CodelistMeta>
    <TitleGrp>
      <Title xml:lang="nn">Bustadtypar -  Bustadprisindeks 1991: Bustadtypar</Title>
      <Title xml:lang="nb">Boligtyper -  Boligprisindeks 1991: Boligtyper</Title>
      <Title xml:lang="en">Types of dwellings  - House price index 1991: Types of dwellings</Title>
    </TitleGrp>
    <DescriptionGrp>
      <Description xml:lang="nn">Klassifiseringa omfattar bustadtypar som inngår i Boligprisindeksen</Description>
      <Description xml:lang="nb">Klassifiseringen omfatter boligtyper som inngår i Boligprisindeksen</Description>
      <Description xml:lang="en">The classification includes types of dwellings used in the house price index</Description>
    </DescriptionGrp>
    <ContactInformation>
      <Person xmlns="http://www.ssb.no/ns/meta/common">mta</Person>
      <Division xmlns="http://www.ssb.no/ns/meta/common">460</Division>
    </ContactInformation>
    <NoteGrp>
      <Note xml:lang="nn">Ikkje relevant</Note>
      <Note xml:lang="nb">Ikke relevant</Note>
      <Note xml:lang="en">Not relevant</Note>
    </NoteGrp>
  </CodelistMeta>
  <Codes>
    <Code id="urn:ssb:code:stabas:4426006-4426008">
      <CodeValue>1</CodeValue>
      <CodeTextGrp>
        <CodeText xml:lang="nn">Einebustader</CodeText>
        <CodeText xml:lang="nb">Eneboliger</CodeText>
        <CodeText xml:lang="en">Detached houses</CodeText>
      </CodeTextGrp>
    </Code>
    <Code id="urn:ssb:code:stabas:4426006-4426010">
      <CodeValue>2</CodeValue>
      <CodeTextGrp>
        <CodeText xml:lang="nn">Småhus</CodeText>
        <CodeText xml:lang="nb">Småhus</CodeText>
        <CodeText xml:lang="en">Small houses</CodeText>
      </CodeTextGrp>
      <DescriptionGrp>
        <Description xml:lang="nn">Småhus består av rekkehus, tomannsboligar og andre småhus.</Description>
        <Description xml:lang="nb">Småhus består av rekkehus, tomannsboliger og andre småhus.</Description>
        <Description xml:lang="en">Small houses consist of row houses, 2 dwellings and other small houses with 3 dwellings or more.</Description>
      </DescriptionGrp>
    </Code>
    <Code id="urn:ssb:code:stabas:4426006-4426012">
      <CodeValue>3</CodeValue>
      <CodeTextGrp>
        <CodeText xml:lang="nn">Blokkhusvære</CodeText>
        <CodeText xml:lang="nb">Blokkleiligheter</CodeText>
        <CodeText xml:lang="en">(Flats in ) Multi-dwelling houses</CodeText>
      </CodeTextGrp>
    </Code>
  </Codes>
</Codelist>