<?xml version="1.0" encoding="utf-8"?>
<Codelist xmlns:xsi="http://www.w3.org/2001/XMLSchema-instance" xmlns:xsd="http://www.w3.org/2001/XMLSchema" id="urn:ssb:codelist:stabas:4450107" defaultValidFrom="2006-01-01" defaultValidTo="2006-12-31" lastChangedDate="2008-10-03" parentCodelistId="urn:ssb:codelist:stabas:4450105" isCurrent="false" relationId="urn:ssb:classversion:stabas:4450101" xmlns="http://www.ssb.no/ns/meta/codelist">
  <CodelistMeta>
    <TitleGrp>
      <Title xml:lang="nn">Arbeidsgivaravgiftssonar 2006: Vanleg/overgang</Title>
      <Title xml:lang="nb">Arbeidsgiveravgiftssoner 2006: Vanlig/overgang</Title>
      <Title xml:lang="en">Zones of employer's contribution to the National Insurance 2006: Ordinary/transitional rate</Title>
    </TitleGrp>
    <DescriptionGrp>
      <Description xml:lang="nn">Soneinndeling for arbeidsgivaravgifta. Presenterer kommunanes sonetilhøring og avgiftssatsane tilhørande dei ulike sonene.</Description>
      <Description xml:lang="nb">Arbeidsgiveravgiftens soneinndeling. Presenterer kommunenes sonetilhørighet og avgiftssatsene tilhørende de ulike sonene.</Description>
      <Description xml:lang="en">Classification of zones of employer's contribution to the National Insurance. Presentation of zones and the municipalities belonging to the different zones.</Description>
    </DescriptionGrp>
    <ContactInformation>
      <Person xmlns="http://www.ssb.no/ns/meta/common">tha</Person>
      <Division xmlns="http://www.ssb.no/ns/meta/common">225</Division>
    </ContactInformation>
    <NoteGrp>
      <Note xml:lang="nn">Arbeidsgjevarar i sone 2-4 betaler framleis avgift etter vanleg sats. Dersom føretaket har oppnådd ein fordel tilsvarande fribeløpet på 270 000 kroner, må føretaket betale avgift etter overgangssatsar.Overgangsordninga inneber at avgiftssatsen i 2006 vart auka med 1,9 prosentpoeng i sone 3 og 2,2 prosentpoeng i sone 4.Særreglar for mellom anna landbruk og fiske, sjå dokumentet som standarden er basert på. For informasjon om transportføretak, vises det til same dokument. Det gjelder framleis ikkje noko fribeløp for føretak som driv transportverksemd. Den ekstra arbeidsgjevaravgifta, "kakseskatten", fell bort frå 1. januar 2006. "Kakseskatt" måtte betalast på den del av avgiftspliktige ytingar frå same arbeidsgjevar som for den enkelte mottakar overstig 16 gangar folketrygda sitt gjennomsnittlege grunnbeløp.</Note>
      <Note xml:lang="nb">Arbeidsgivere i sone 2-4 betaler fremdeles avgift etter vanlig sats. Dersom foretaket har oppnådd en fordel tilsvarende fribeløpet på 270 000 kroner, må foretaket betale avgift etter overgangssatser.Overgangsordningen innebærer at avgiftssatsen i 2006 ble økt med 1,9 prosentpoeng i sone 3 og 2,2 prosentpoeng i sone 4.Særregler for blant annet landbruk og fiske, se dokumentet som standarden er basert på. For informasjon om transportforetak, vises det til samme dokument. Det gjelder fremdeles ikke noe fribeløp for foretak som driver transportvirksomhet.	 Den ekstra arbeidsgiveravgifta, "kakseskatten", bortfalt fra 1. januar 2006. "Kakseskatt" måtte betales på den del av avgiftspliktige ytelser fra samme arbeidsgiver som for den enkelte mottaker overstiger 16 ganger folketrygda sitt gjennomsnittlige grunnbeløp.</Note>
      <Note xml:lang="en">A gradually escalation of the Employer's contribution to the National Insurance is passed by an act of parliament. This implies that the rate increases once a year by 1.9 per cent in zone 3 and 2.2 per cent in zone 4, except from in 2007 when rate in zone 3 will increase with 2 per cent and rate in zone 4 with 2.4 per cent. Tax-free allowance: The tax-free allowance for the differentiated Employer's contribution to the National Insurance is NOK 270.000 in 2006. This means that employers in the zones 2-4 is still paying the today's rate until the difference between what the concern really pays and what the concern should have paid with full rate is the same as the tax-free allowance. Most enterprises in Norway will not exceed their exemption limit, and can thus use the ordinary rates. Additional employer¿s contributions ceased to exist from 1. January 2006. Additional employer¿s contributions became payable when the pay of an individual recipient whose pay was liable for contributions exceeded 16 times the National Insurance basic amount.</Note>
    </NoteGrp>
  </CodelistMeta>
  <Codes>
    <Code id="urn:ssb:code:stabas:4450107-4450115" parentCodeId="urn:ssb:code:stabas:4450105-4450113">
      <CodeValue>1.1</CodeValue>
      <CodeTextGrp>
        <CodeText xml:lang="nn">Vanleg sats</CodeText>
        <CodeText xml:lang="nb">Vanlig sats</CodeText>
        <CodeText xml:lang="en">Ordinary rate</CodeText>
      </CodeTextGrp>
    </Code>
    <Code id="urn:ssb:code:stabas:4450107-4450125" parentCodeId="urn:ssb:code:stabas:4450105-4450113">
      <CodeValue>1.2</CodeValue>
      <CodeTextGrp>
        <CodeText xml:lang="nn">Overgangssats</CodeText>
        <CodeText xml:lang="nb">Overgangssats</CodeText>
        <CodeText xml:lang="en">Transitional rate</CodeText>
      </CodeTextGrp>
    </Code>
    <Code id="urn:ssb:code:stabas:4450107-4450137" parentCodeId="urn:ssb:code:stabas:4450105-4450135">
      <CodeValue>2.1</CodeValue>
      <CodeTextGrp>
        <CodeText xml:lang="nn">Vanleg sats</CodeText>
        <CodeText xml:lang="nb">Vanlig sats</CodeText>
        <CodeText xml:lang="en">Ordinary rate</CodeText>
      </CodeTextGrp>
    </Code>
    <Code id="urn:ssb:code:stabas:4450107-4450147" parentCodeId="urn:ssb:code:stabas:4450105-4450135">
      <CodeValue>2.2</CodeValue>
      <CodeTextGrp>
        <CodeText xml:lang="nn">Overgangssats</CodeText>
        <CodeText xml:lang="nb">Overgangssats</CodeText>
        <CodeText xml:lang="en">Transitional rate</CodeText>
      </CodeTextGrp>
    </Code>
    <Code id="urn:ssb:code:stabas:4450107-4450159" parentCodeId="urn:ssb:code:stabas:4450105-4450157">
      <CodeValue>3.1</CodeValue>
      <CodeTextGrp>
        <CodeText xml:lang="nn">Vanleg sats</CodeText>
        <CodeText xml:lang="nb">Vanlig sats</CodeText>
        <CodeText xml:lang="en">Ordinary rate</CodeText>
      </CodeTextGrp>
    </Code>
    <Code id="urn:ssb:code:stabas:4450107-4450169" parentCodeId="urn:ssb:code:stabas:4450105-4450157">
      <CodeValue>3.2</CodeValue>
      <CodeTextGrp>
        <CodeText xml:lang="nn">Overgangssats</CodeText>
        <CodeText xml:lang="nb">Overgangssats</CodeText>
        <CodeText xml:lang="en">Transitional rate</CodeText>
      </CodeTextGrp>
    </Code>
    <Code id="urn:ssb:code:stabas:4450107-4450181" parentCodeId="urn:ssb:code:stabas:4450105-4450179">
      <CodeValue>4.1</CodeValue>
      <CodeTextGrp>
        <CodeText xml:lang="nn">Vanleg sats</CodeText>
        <CodeText xml:lang="nb">Vanlig sats</CodeText>
        <CodeText xml:lang="en">Ordinary rate</CodeText>
      </CodeTextGrp>
    </Code>
    <Code id="urn:ssb:code:stabas:4450107-4450191" parentCodeId="urn:ssb:code:stabas:4450105-4450179">
      <CodeValue>4.2</CodeValue>
      <CodeTextGrp>
        <CodeText xml:lang="nn">Overgangssats</CodeText>
        <CodeText xml:lang="nb">Overgangssats</CodeText>
        <CodeText xml:lang="en">Transitional rate</CodeText>
      </CodeTextGrp>
    </Code>
    <Code id="urn:ssb:code:stabas:4450107-4450303" parentCodeId="urn:ssb:code:stabas:4450105-4450301">
      <CodeValue>5.1</CodeValue>
      <CodeTextGrp>
        <CodeText xml:lang="nn">Vanleg sats</CodeText>
        <CodeText xml:lang="nb">Vanlig sats</CodeText>
        <CodeText xml:lang="en">Ordinary rate</CodeText>
      </CodeTextGrp>
    </Code>
    <Code id="urn:ssb:code:stabas:4450107-4450313" parentCodeId="urn:ssb:code:stabas:4450105-4450301">
      <CodeValue>5.2</CodeValue>
      <CodeTextGrp>
        <CodeText xml:lang="nn">Overgangssats</CodeText>
        <CodeText xml:lang="nb">Overgangssats</CodeText>
        <CodeText xml:lang="en">Transitional rate</CodeText>
      </CodeTextGrp>
    </Code>
  </Codes>
</Codelist>