<?xml version="1.0" encoding="utf-8"?>
<Codelist xmlns:xsi="http://www.w3.org/2001/XMLSchema-instance" xmlns:xsd="http://www.w3.org/2001/XMLSchema" id="urn:ssb:codelist:stabas:4452008" defaultValidFrom="1992-01-01" lastChangedDate="2006-11-29" parentCodelistId="urn:ssb:codelist:stabas:4452006" isCurrent="true" relationId="urn:ssb:classversion:stabas:4452002" xmlns="http://www.ssb.no/ns/meta/codelist">
  <CodelistMeta>
    <TitleGrp>
      <Title xml:lang="nn">Klassifisering av byggje- og anleggsprosjekt 1992: Nivå 2</Title>
      <Title xml:lang="nb">Klassifisering av bygge- og anleggsprosjekter 1992: Nivå 2</Title>
      <Title xml:lang="en">Classification of construction projects 1992: Level 2</Title>
    </TitleGrp>
    <DescriptionGrp>
      <Description xml:lang="nn">Klassifiseringa omfattar inndelinga av prosjekt i byggje- og anleggsnæringa som blir brukt i ordrestatistikk og i produksjonsindeksen for byggje- og anleggsverksemd. I produksjonsindeksen blir det ikkje skilt mellom bustadbygg og andre bygg.</Description>
      <Description xml:lang="nb">Klassifiseringen omfatter inndelingen av prosjekter i bygge- og anleggsnæringen som brukes i ordrestatistikk og i produksjonsindeks for bygge- og anleggsvirksomhet. I produksjonsindeksen blir det ikke skilt mellom boligbygg og andre bygg.</Description>
      <Description xml:lang="en">The classifications purpose is to divide the construction activity into projects groups. The classification is used in the order statistics and in the production index for construction. In the production index it is not distinguished between residential buildings and other buildings.</Description>
    </DescriptionGrp>
    <ContactInformation>
      <Person xmlns="http://www.ssb.no/ns/meta/common">hcj</Person>
      <Division xmlns="http://www.ssb.no/ns/meta/common">460</Division>
    </ContactInformation>
    <NoteGrp>
      <Note xml:lang="nn">Ikkje relevant</Note>
      <Note xml:lang="nb">Ikke relevant</Note>
      <Note xml:lang="en">Not relevant</Note>
    </NoteGrp>
  </CodelistMeta>
  <Codes>
    <Code id="urn:ssb:code:stabas:4452008-4452014" parentCodeId="urn:ssb:code:stabas:4452006-4452012">
      <CodeValue>1.1</CodeValue>
      <CodeTextGrp>
        <CodeText xml:lang="nn">Bustadbygg</CodeText>
        <CodeText xml:lang="nb">Boligbygg</CodeText>
        <CodeText xml:lang="en">Residential buildings</CodeText>
      </CodeTextGrp>
      <DescriptionGrp>
        <Description xml:lang="nn">Omfattar bustadbygg og garasje og uthus knytt til bustad. Omfattar og omsorgsbustader.</Description>
        <Description xml:lang="nb">Omfatter boligbygg og garasje og uthus knyttet til bolig. Omfatter også omsorgsboliger.</Description>
        <Description xml:lang="en">This group also includes garages, outbuildings and other small houses in connection with dwellings.</Description>
      </DescriptionGrp>
    </Code>
    <Code id="urn:ssb:code:stabas:4452008-4452020" parentCodeId="urn:ssb:code:stabas:4452006-4452012">
      <CodeValue>1.2</CodeValue>
      <CodeTextGrp>
        <CodeText xml:lang="nn">Andre bygg</CodeText>
        <CodeText xml:lang="nb">Andre bygg</CodeText>
        <CodeText xml:lang="en">Other buildings</CodeText>
      </CodeTextGrp>
      <DescriptionGrp>
        <Description xml:lang="nn">Omfattar næringsbygg, fritidsbustader, alders-/sjukeheim m.m..</Description>
        <Description xml:lang="nb">Omfatter næringsbygg, fritidsboliger, alders-/sykehjem m.m..</Description>
        <Description xml:lang="en">Includes holiday homes and old people&amp;#39;s homes/nursing homes.</Description>
      </DescriptionGrp>
    </Code>
  </Codes>
</Codelist>