<?xml version="1.0" encoding="utf-8"?>
<Codelist xmlns:xsi="http://www.w3.org/2001/XMLSchema-instance" xmlns:xsd="http://www.w3.org/2001/XMLSchema" id="urn:ssb:codelist:stabas:4452006" defaultValidFrom="1992-01-01" lastChangedDate="2006-11-29" isCurrent="true" relationId="urn:ssb:classversion:stabas:4452002" xmlns="http://www.ssb.no/ns/meta/codelist">
  <CodelistMeta>
    <TitleGrp>
      <Title xml:lang="nn">Klassifisering av byggje- og anleggsprosjekt 1992: Nivå 1</Title>
      <Title xml:lang="nb">Klassifisering av bygge- og anleggsprosjekter 1992: Nivå 1</Title>
      <Title xml:lang="en">Classification of construction projects 1992: Level 1</Title>
    </TitleGrp>
    <DescriptionGrp>
      <Description xml:lang="nn">Klassifiseringa omfattar inndelinga av prosjekt i byggje- og anleggsnæringa som blir brukt i ordrestatistikk og i produksjonsindeksen for byggje- og anleggsverksemd. I produksjonsindeksen blir det ikkje skilt mellom bustadbygg og andre bygg.</Description>
      <Description xml:lang="nb">Klassifiseringen omfatter inndelingen av prosjekter i bygge- og anleggsnæringen som brukes i ordrestatistikk og i produksjonsindeks for bygge- og anleggsvirksomhet. I produksjonsindeksen blir det ikke skilt mellom boligbygg og andre bygg.</Description>
      <Description xml:lang="en">The classifications purpose is to divide the construction activity into projects groups. The classification is used in the order statistics and in the production index for construction. In the production index it is not distinguished between residential buildings and other buildings.</Description>
    </DescriptionGrp>
    <ContactInformation>
      <Person xmlns="http://www.ssb.no/ns/meta/common">hcj</Person>
      <Division xmlns="http://www.ssb.no/ns/meta/common">460</Division>
    </ContactInformation>
    <NoteGrp>
      <Note xml:lang="nn">Ikkje relevant</Note>
      <Note xml:lang="nb">Ikke relevant</Note>
      <Note xml:lang="en">Not relevant</Note>
    </NoteGrp>
  </CodelistMeta>
  <Codes>
    <Code id="urn:ssb:code:stabas:4452006-4452012">
      <CodeValue>1</CodeValue>
      <CodeTextGrp>
        <CodeText xml:lang="nn">Bygg</CodeText>
        <CodeText xml:lang="nb">Bygg</CodeText>
        <CodeText xml:lang="en">Buildings</CodeText>
      </CodeTextGrp>
    </Code>
    <Code id="urn:ssb:code:stabas:4452006-4452026">
      <CodeValue>2</CodeValue>
      <CodeTextGrp>
        <CodeText xml:lang="nn">Anlegg</CodeText>
        <CodeText xml:lang="nb">Anlegg</CodeText>
        <CodeText xml:lang="en">Civil engineering works</CodeText>
      </CodeTextGrp>
      <DescriptionGrp>
        <Description xml:lang="nn">Veg, bru, tunnel, kai-, vatn- og kloakkanlegg, kommunikasjons- og kraftlinjer m.m.. Omfattar både nye prosjekt og reparasjon og vedlikehald.</Description>
        <Description xml:lang="nb">Vei, bro, tunnel, kai-, vann- og kloakkanlegg, kommunikasjons- og kraftlinjer o.l.. Omfatter både nye prosjekter og reparasjon og vedlikehold.</Description>
        <Description xml:lang="en">Also include common systems (road, water and sewer, cables etc.) in connection with the development of large housing estates or industrial areas.</Description>
      </DescriptionGrp>
    </Code>
  </Codes>
</Codelist>