<?xml version="1.0" encoding="utf-8"?>
<Codelist xmlns:xsi="http://www.w3.org/2001/XMLSchema-instance" xmlns:xsd="http://www.w3.org/2001/XMLSchema" id="urn:ssb:codelist:stabas:4452010" defaultValidFrom="1992-01-01" lastChangedDate="2006-11-29" parentCodelistId="urn:ssb:codelist:stabas:4452008" isCurrent="true" relationId="urn:ssb:classversion:stabas:4452002" xmlns="http://www.ssb.no/ns/meta/codelist">
  <CodelistMeta>
    <TitleGrp>
      <Title xml:lang="nn">Klassifisering av byggje- og anleggsprosjekt 1992: Nivå 3</Title>
      <Title xml:lang="nb">Klassifisering av bygge- og anleggsprosjekter 1992: Nivå 3</Title>
      <Title xml:lang="en">Classification of construction projects 1992: Level 3</Title>
    </TitleGrp>
    <DescriptionGrp>
      <Description xml:lang="nn">Klassifiseringa omfattar inndelinga av prosjekt i byggje- og anleggsnæringa som blir brukt i ordrestatistikk og i produksjonsindeksen for byggje- og anleggsverksemd. I produksjonsindeksen blir det ikkje skilt mellom bustadbygg og andre bygg.</Description>
      <Description xml:lang="nb">Klassifiseringen omfatter inndelingen av prosjekter i bygge- og anleggsnæringen som brukes i ordrestatistikk og i produksjonsindeks for bygge- og anleggsvirksomhet. I produksjonsindeksen blir det ikke skilt mellom boligbygg og andre bygg.</Description>
      <Description xml:lang="en">The classifications purpose is to divide the construction activity into projects groups. The classification is used in the order statistics and in the production index for construction. In the production index it is not distinguished between residential buildings and other buildings.</Description>
    </DescriptionGrp>
    <ContactInformation>
      <Person xmlns="http://www.ssb.no/ns/meta/common">hcj</Person>
      <Division xmlns="http://www.ssb.no/ns/meta/common">460</Division>
    </ContactInformation>
    <NoteGrp>
      <Note xml:lang="nn">Ikkje relevant</Note>
      <Note xml:lang="nb">Ikke relevant</Note>
      <Note xml:lang="en">Not relevant</Note>
    </NoteGrp>
  </CodelistMeta>
  <Codes>
    <Code id="urn:ssb:code:stabas:4452010-4452016" parentCodeId="urn:ssb:code:stabas:4452008-4452014">
      <CodeValue>1.1.1</CodeValue>
      <CodeTextGrp>
        <CodeText xml:lang="nn">Nybygg</CodeText>
        <CodeText xml:lang="nb">Nybygg</CodeText>
        <CodeText xml:lang="en">New buildings</CodeText>
      </CodeTextGrp>
      <DescriptionGrp>
        <Description xml:lang="nn">Oppføring, grunnarbeid, installasjonar og sluttføring.</Description>
        <Description xml:lang="nb">Oppføring, grunnarbeid, installasjoner og ferdiggjøring.</Description>
        <Description xml:lang="en">Includes erection of new buildings, site preparation, installations and completion.</Description>
      </DescriptionGrp>
    </Code>
    <Code id="urn:ssb:code:stabas:4452010-4452018" parentCodeId="urn:ssb:code:stabas:4452008-4452014">
      <CodeValue>1.1.2</CodeValue>
      <CodeTextGrp>
        <CodeText xml:lang="nn">Rehabilitering</CodeText>
        <CodeText xml:lang="nb">Rehabilitering</CodeText>
        <CodeText xml:lang="en">Rehabilitation</CodeText>
      </CodeTextGrp>
      <DescriptionGrp>
        <Description xml:lang="nn">Utbetring, ombygging, reparasjon, grunnarbeid og vedlikehald.</Description>
        <Description xml:lang="nb">Utbedring, ombygging, reparasjon, grunnarbeid og vedlikehold.</Description>
        <Description xml:lang="en">Includes repair, improvement and maintenance.</Description>
      </DescriptionGrp>
    </Code>
    <Code id="urn:ssb:code:stabas:4452010-4452022" parentCodeId="urn:ssb:code:stabas:4452008-4452020">
      <CodeValue>1.2.1</CodeValue>
      <CodeTextGrp>
        <CodeText xml:lang="nn">Nybygg</CodeText>
        <CodeText xml:lang="nb">Nybygg</CodeText>
        <CodeText xml:lang="en">New buildings</CodeText>
      </CodeTextGrp>
      <DescriptionGrp>
        <Description xml:lang="nn">Oppføring, grunnarbeid, installasjonar og sluttføring.</Description>
        <Description xml:lang="nb">Oppføring, grunnarbeid, installasjoner og ferdiggjøring.</Description>
        <Description xml:lang="en">Includes erection of new buildings, site preparation, installations and completion.</Description>
      </DescriptionGrp>
    </Code>
    <Code id="urn:ssb:code:stabas:4452010-4452024" parentCodeId="urn:ssb:code:stabas:4452008-4452020">
      <CodeValue>1.2.2</CodeValue>
      <CodeTextGrp>
        <CodeText xml:lang="nn">Rehabilitering</CodeText>
        <CodeText xml:lang="nb">Rehabilitering</CodeText>
        <CodeText xml:lang="en">Rehabilitation</CodeText>
      </CodeTextGrp>
      <DescriptionGrp>
        <Description xml:lang="nn">Utbetring, ombygging, reparasjon, grunnarbeid og vedlikehald.</Description>
        <Description xml:lang="nb">Utbedring, ombygging, reparasjon, grunnarbeid og vedlikehold.</Description>
        <Description xml:lang="en">Includes repair, improvement and maintenance.</Description>
      </DescriptionGrp>
    </Code>
  </Codes>
</Codelist>