<?xml version="1.0" encoding="utf-8"?>
<Codelist xmlns:xsi="http://www.w3.org/2001/XMLSchema-instance" xmlns:xsd="http://www.w3.org/2001/XMLSchema" id="urn:ssb:codelist:stabas:4456006" defaultValidFrom="1939-01-01" lastChangedDate="2012-10-25" isCurrent="true" relationId="urn:ssb:classversion:stabas:4456002" xmlns="http://www.ssb.no/ns/meta/codelist">
  <CodelistMeta>
    <TitleGrp>
      <Title xml:lang="nn">Trafikkeiningar innblanda i vegtrafikkulukker 1939: Trafikkeiningar</Title>
      <Title xml:lang="nb">Trafikkenheter innblandet i veitrafikkulykker 1939: Trafikkenheter</Title>
      <Title xml:lang="en">Traffic units involved in road traffic accidents 1939: Traffic units</Title>
    </TitleGrp>
    <DescriptionGrp>
      <Description xml:lang="nn">Kjøretøy, som omfattar både sivile og militære motorkjøretøy, skinnegåande kjøretøy og ikkje-motordrevne kjøretøy, som er innblanda i eit veitrafikkuhell.</Description>
      <Description xml:lang="nb">Kjøretøy, som omfatter både sivile og militære motorkjøretøyer, skinnegående kjøretøyer og ikke-motordrevne kjøretøyer, som er innblandet i et veitrafikkuhell.</Description>
      <Description xml:lang="en">Vehicles, which comprise both cvilian and military vehicles, vehicles on rail and non-motorized vehicles, involved in a road traffic accident.</Description>
    </DescriptionGrp>
    <ContactInformation>
      <Person xmlns="http://www.ssb.no/ns/meta/common">hel</Person>
      <Division xmlns="http://www.ssb.no/ns/meta/common">440</Division>
    </ContactInformation>
    <NoteGrp>
      <Note xml:lang="nn">Ikkje relevant</Note>
      <Note xml:lang="nb">Ikke relevant</Note>
      <Note xml:lang="en">Not relevant</Note>
    </NoteGrp>
  </CodelistMeta>
  <Codes>
    <Code id="urn:ssb:code:stabas:4456006-4456008">
      <CodeValue>01</CodeValue>
      <CodeTextGrp>
        <CodeText xml:lang="nn">Jernbanetog</CodeText>
        <CodeText xml:lang="nb">Jernbanetog</CodeText>
        <CodeText xml:lang="en">Train</CodeText>
      </CodeTextGrp>
    </Code>
    <Code id="urn:ssb:code:stabas:4456006-4456010">
      <CodeValue>02</CodeValue>
      <CodeTextGrp>
        <CodeText xml:lang="nn">Sporvogn</CodeText>
        <CodeText xml:lang="nb">Sporvogn</CodeText>
        <CodeText xml:lang="en">Tramcar</CodeText>
      </CodeTextGrp>
    </Code>
    <Code id="urn:ssb:code:stabas:4456006-4456012">
      <CodeValue>03</CodeValue>
      <CodeTextGrp>
        <CodeText xml:lang="nn">Buss</CodeText>
        <CodeText xml:lang="nb">Buss</CodeText>
        <CodeText xml:lang="en">Bus</CodeText>
      </CodeTextGrp>
    </Code>
    <Code id="urn:ssb:code:stabas:4456006-4456014">
      <CodeValue>04</CodeValue>
      <CodeTextGrp>
        <CodeText xml:lang="nn">Drosje</CodeText>
        <CodeText xml:lang="nb">Drosje</CodeText>
        <CodeText xml:lang="en">Taxi</CodeText>
      </CodeTextGrp>
    </Code>
    <Code id="urn:ssb:code:stabas:4456006-4456016">
      <CodeValue>05</CodeValue>
      <CodeTextGrp>
        <CodeText xml:lang="nn">Personbil</CodeText>
        <CodeText xml:lang="nb">Personbil</CodeText>
        <CodeText xml:lang="en">Passenger car</CodeText>
      </CodeTextGrp>
    </Code>
    <Code id="urn:ssb:code:stabas:4456006-4456018">
      <CodeValue>06</CodeValue>
      <CodeTextGrp>
        <CodeText xml:lang="nn">Varebil</CodeText>
        <CodeText xml:lang="nb">Varebil</CodeText>
        <CodeText xml:lang="en">Van</CodeText>
      </CodeTextGrp>
    </Code>
    <Code id="urn:ssb:code:stabas:4456006-4456020">
      <CodeValue>07</CodeValue>
      <CodeTextGrp>
        <CodeText xml:lang="nn">Kombinert bil</CodeText>
        <CodeText xml:lang="nb">Kombinert bil</CodeText>
        <CodeText xml:lang="en">Combi car</CodeText>
      </CodeTextGrp>
    </Code>
    <Code id="urn:ssb:code:stabas:4456006-4456022">
      <CodeValue>08</CodeValue>
      <CodeTextGrp>
        <CodeText xml:lang="nn">Lastebil</CodeText>
        <CodeText xml:lang="nb">Lastebil</CodeText>
        <CodeText xml:lang="en">Lorry</CodeText>
      </CodeTextGrp>
    </Code>
    <Code id="urn:ssb:code:stabas:4456006-4456024">
      <CodeValue>09</CodeValue>
      <CodeTextGrp>
        <CodeText xml:lang="nn">Annan bil</CodeText>
        <CodeText xml:lang="nb">Annen bil</CodeText>
        <CodeText xml:lang="en">Other automobile</CodeText>
      </CodeTextGrp>
    </Code>
    <Code id="urn:ssb:code:stabas:4456006-4456026">
      <CodeValue>10</CodeValue>
      <CodeTextGrp>
        <CodeText xml:lang="nn">Lett motorsykkel</CodeText>
        <CodeText xml:lang="nb">Lett motorsykkel</CodeText>
        <CodeText xml:lang="en">Light motor cycle</CodeText>
      </CodeTextGrp>
    </Code>
    <Code id="urn:ssb:code:stabas:4456006-4456028">
      <CodeValue>11</CodeValue>
      <CodeTextGrp>
        <CodeText xml:lang="nn">Annan motorsykkel</CodeText>
        <CodeText xml:lang="nb">Annen motorsykkel</CodeText>
        <CodeText xml:lang="en">Other motor cycle</CodeText>
      </CodeTextGrp>
    </Code>
    <Code id="urn:ssb:code:stabas:4456006-4456030">
      <CodeValue>12</CodeValue>
      <CodeTextGrp>
        <CodeText xml:lang="nn">Moped</CodeText>
        <CodeText xml:lang="nb">Moped</CodeText>
        <CodeText xml:lang="en">Moped</CodeText>
      </CodeTextGrp>
    </Code>
    <Code id="urn:ssb:code:stabas:4456006-4456032">
      <CodeValue>13</CodeValue>
      <CodeTextGrp>
        <CodeText xml:lang="nn">Sykkel</CodeText>
        <CodeText xml:lang="nb">Sykkel</CodeText>
        <CodeText xml:lang="en">Cycle</CodeText>
      </CodeTextGrp>
    </Code>
    <Code id="urn:ssb:code:stabas:4456006-4456034">
      <CodeValue>14</CodeValue>
      <CodeTextGrp>
        <CodeText xml:lang="nn">Fotgjengar</CodeText>
        <CodeText xml:lang="nb">Fotgjenger</CodeText>
        <CodeText xml:lang="en">Pedestrian</CodeText>
      </CodeTextGrp>
    </Code>
    <Code id="urn:ssb:code:stabas:4456006-4456036">
      <CodeValue>15</CodeValue>
      <CodeTextGrp>
        <CodeText xml:lang="nn">Akande</CodeText>
        <CodeText xml:lang="nb">Akende</CodeText>
        <CodeText xml:lang="en">Person sledging</CodeText>
      </CodeTextGrp>
    </Code>
  </Codes>
</Codelist>