<?xml version="1.0" encoding="utf-8"?>
<Codelist xmlns:xsi="http://www.w3.org/2001/XMLSchema-instance" xmlns:xsd="http://www.w3.org/2001/XMLSchema" id="urn:ssb:codelist:stabas:4496104" defaultValidFrom="1991-01-01" lastChangedDate="2015-12-03" isCurrent="true" relationId="urn:ssb:classversion:stabas:4496102" xmlns="http://www.ssb.no/ns/meta/codelist">
  <CodelistMeta>
    <TitleGrp>
      <Title xml:lang="nn">Grunnbeløpet i folketrygda 1991 (gjennomsnitt pr. år)</Title>
      <Title xml:lang="nb">Grunnbeløpet i folketrygden 1991 (gjennomsnitt pr. år): Grunnbeløp</Title>
      <Title xml:lang="en">Basic amount of the National Insurance Scheme (B.a)  - average 1991</Title>
    </TitleGrp>
    <DescriptionGrp>
      <Description xml:lang="nn">Mange av folketrygda sine ytelser er knytte til grunnbeløpet (G) som Stortinget regulerer kvart år pr 1.5. Grunnbeløpet vert lagd til grunn både for berekning av grunnpensjon, særtillegg, tilleggspensjon og forsørgingstillegg.  Grunnbeløpet som vert gjeve her, er gjennomsnittet for året X, dvs.1/3* G(X-1) + 2/3 G(X)

Det er lagt inn grunnbeløp f.o.m. 1991 då reguleringstidspunktet vart flytta til 1.5</Description>
      <Description xml:lang="nb">Mange av folketrygdens ytelser er knyttet til grunnbeløpet (G) som Stortinget regulerer hvert år pr 1.5. Grunnbeløpet legges til grunn både for beregning av grunnpensjon, særtillegg, tilleggspensjon og forsørgingstillegg.  Grunnbeløpet som oppgis her, er gjennomsnittet for året X, dvs.1/3* G(X-1) + 2/3 G(X)

Det er lagt inn grunnbeløp f.o.m. 1991 da reguleringstidspunktet ble flyttet til 1.5</Description>
      <Description xml:lang="en">Most of the benefits from the National Insurance Scheme are related to the basic amount (B.a) adjusted by the Parliament 1 May each year. The basic amount is used as a basis for calculation of basic benefit, supplementary pension and supplement for Spouse and Children. The basic amount given here, is the average for year X, i.e.1/3* G(X-1) + 2/3 G(X).

The starting point is 1991 when the date of adjustment where moved to the 1 of May.
</Description>
    </DescriptionGrp>
    <ContactInformation>
      <Person xmlns="http://www.ssb.no/ns/meta/common">ugr</Person>
      <Division xmlns="http://www.ssb.no/ns/meta/common">350</Division>
    </ContactInformation>
    <NoteGrp>
      <Note xml:lang="nn">Ikkje relevant</Note>
      <Note xml:lang="nb">Ikke relevant</Note>
      <Note xml:lang="en">Not relevant</Note>
    </NoteGrp>
  </CodelistMeta>
  <Codes>
    <Code id="urn:ssb:code:stabas:4496104-4496108">
      <CodeValue>1991</CodeValue>
      <CodeTextGrp>
        <CodeText xml:lang="nb">     35 033 kroner</CodeText>
        <CodeText xml:lang="en">35 033 NOK</CodeText>
      </CodeTextGrp>
    </Code>
    <Code id="urn:ssb:code:stabas:4496104-4496110">
      <CodeValue>1992</CodeValue>
      <CodeTextGrp>
        <CodeText xml:lang="nb">     36 167 kroner</CodeText>
        <CodeText xml:lang="en">36 167 NOK</CodeText>
      </CodeTextGrp>
    </Code>
    <Code id="urn:ssb:code:stabas:4496104-4496112">
      <CodeValue>1993</CodeValue>
      <CodeTextGrp>
        <CodeText xml:lang="nb">     37 033 kroner</CodeText>
        <CodeText xml:lang="en">37 033 NOK</CodeText>
      </CodeTextGrp>
    </Code>
    <Code id="urn:ssb:code:stabas:4496104-4496114">
      <CodeValue>1994</CodeValue>
      <CodeTextGrp>
        <CodeText xml:lang="nb">     37 820 kroner</CodeText>
        <CodeText xml:lang="en">37 820 NOK</CodeText>
      </CodeTextGrp>
    </Code>
    <Code id="urn:ssb:code:stabas:4496104-4496116">
      <CodeValue>1995</CodeValue>
      <CodeTextGrp>
        <CodeText xml:lang="nb">     38 847 kroner</CodeText>
        <CodeText xml:lang="en">38 847 NOK</CodeText>
      </CodeTextGrp>
    </Code>
    <Code id="urn:ssb:code:stabas:4496104-4496118">
      <CodeValue>1996</CodeValue>
      <CodeTextGrp>
        <CodeText xml:lang="nb">     40 410 kroner</CodeText>
        <CodeText xml:lang="en">40 410 NOK</CodeText>
      </CodeTextGrp>
    </Code>
    <Code id="urn:ssb:code:stabas:4496104-4496120">
      <CodeValue>1997</CodeValue>
      <CodeTextGrp>
        <CodeText xml:lang="nb">     42 000 kroner</CodeText>
        <CodeText xml:lang="en">42 000 NOK</CodeText>
      </CodeTextGrp>
    </Code>
    <Code id="urn:ssb:code:stabas:4496104-4496122">
      <CodeValue>1998</CodeValue>
      <CodeTextGrp>
        <CodeText xml:lang="nb">     44 413 kroner</CodeText>
        <CodeText xml:lang="en">44 413 NOK</CodeText>
      </CodeTextGrp>
    </Code>
    <Code id="urn:ssb:code:stabas:4496104-4496124">
      <CodeValue>1999</CodeValue>
      <CodeTextGrp>
        <CodeText xml:lang="nb">     46 423 kroner</CodeText>
        <CodeText xml:lang="en">46 423 NOK</CodeText>
      </CodeTextGrp>
    </Code>
    <Code id="urn:ssb:code:stabas:4496104-4496126">
      <CodeValue>2000</CodeValue>
      <CodeTextGrp>
        <CodeText xml:lang="nb">     48 377 kroner</CodeText>
        <CodeText xml:lang="en">48 377 NOK</CodeText>
      </CodeTextGrp>
    </Code>
    <Code id="urn:ssb:code:stabas:4496104-4496128">
      <CodeValue>2001</CodeValue>
      <CodeTextGrp>
        <CodeText xml:lang="nb">     50 603 kroner</CodeText>
        <CodeText xml:lang="en">50 603 NOK</CodeText>
      </CodeTextGrp>
    </Code>
    <Code id="urn:ssb:code:stabas:4496104-4496130">
      <CodeValue>2002</CodeValue>
      <CodeTextGrp>
        <CodeText xml:lang="nb">     53 233 kroner</CodeText>
        <CodeText xml:lang="en">53 233 NOK</CodeText>
      </CodeTextGrp>
    </Code>
    <Code id="urn:ssb:code:stabas:4496104-4496132">
      <CodeValue>2003</CodeValue>
      <CodeTextGrp>
        <CodeText xml:lang="nb">     55 964 kroner</CodeText>
        <CodeText xml:lang="en">55 964 NOK</CodeText>
      </CodeTextGrp>
    </Code>
    <Code id="urn:ssb:code:stabas:4496104-4496134">
      <CodeValue>2004</CodeValue>
      <CodeTextGrp>
        <CodeText xml:lang="nb">     58 139 kroner</CodeText>
        <CodeText xml:lang="en">58 139 NOK</CodeText>
      </CodeTextGrp>
    </Code>
    <Code id="urn:ssb:code:stabas:4496104-4496136">
      <CodeValue>2005</CodeValue>
      <CodeTextGrp>
        <CodeText xml:lang="nb">     60 059 kroner</CodeText>
        <CodeText xml:lang="en">60 059 NOK</CodeText>
      </CodeTextGrp>
    </Code>
    <Code id="urn:ssb:code:stabas:4496104-4496138">
      <CodeValue>2006</CodeValue>
      <CodeTextGrp>
        <CodeText xml:lang="nb">     62 161 kroner</CodeText>
        <CodeText xml:lang="en">62 161 NOK</CodeText>
      </CodeTextGrp>
    </Code>
    <Code id="urn:ssb:code:stabas:4496104-4832001">
      <CodeValue>2007</CodeValue>
      <CodeTextGrp>
        <CodeText xml:lang="nb">     65 505 kroner</CodeText>
        <CodeText xml:lang="en">65 505 NOK</CodeText>
      </CodeTextGrp>
    </Code>
    <Code id="urn:ssb:code:stabas:4496104-5530101">
      <CodeValue>2008</CodeValue>
      <CodeTextGrp>
        <CodeText xml:lang="nn">     69 108 kroner</CodeText>
        <CodeText xml:lang="nb">     69 108 kroner</CodeText>
        <CodeText xml:lang="en">69 108 NOK</CodeText>
      </CodeTextGrp>
    </Code>
    <Code id="urn:ssb:code:stabas:4496104-6100003">
      <CodeValue>2009</CodeValue>
      <CodeTextGrp>
        <CodeText xml:lang="nb">     72 006 kroner</CodeText>
        <CodeText xml:lang="en">72 006 NOK</CodeText>
      </CodeTextGrp>
    </Code>
    <Code id="urn:ssb:code:stabas:4496104-6954003">
      <CodeValue>2010</CodeValue>
      <CodeTextGrp>
        <CodeText xml:lang="nb">     74 721 kroner</CodeText>
        <CodeText xml:lang="en">74 721 NOK</CodeText>
      </CodeTextGrp>
    </Code>
    <Code id="urn:ssb:code:stabas:4496104-8102003">
      <CodeValue>2011</CodeValue>
      <CodeTextGrp>
        <CodeText xml:lang="nb">     78 024 kroner</CodeText>
        <CodeText xml:lang="en">78 024 NOK</CodeText>
      </CodeTextGrp>
    </Code>
    <Code id="urn:ssb:code:stabas:4496104-8492003">
      <CodeValue>2012</CodeValue>
      <CodeTextGrp>
        <CodeText xml:lang="nb">     81 153 kroner</CodeText>
        <CodeText xml:lang="en">81 153 NOK</CodeText>
      </CodeTextGrp>
    </Code>
    <Code id="urn:ssb:code:stabas:4496104-8740103">
      <CodeValue>2013</CodeValue>
      <CodeTextGrp>
        <CodeText xml:lang="nb">     84 204 kroner</CodeText>
        <CodeText xml:lang="en">84 204 NOK</CodeText>
      </CodeTextGrp>
    </Code>
    <Code id="urn:ssb:code:stabas:4496104-9108203">
      <CodeValue>2014</CodeValue>
      <CodeTextGrp>
        <CodeText xml:lang="nb">     87 328 kroner</CodeText>
        <CodeText xml:lang="en">87 328 NOK</CodeText>
      </CodeTextGrp>
    </Code>
    <Code id="urn:ssb:code:stabas:4496104-9350607">
      <CodeValue>2015</CodeValue>
      <CodeTextGrp>
        <CodeText xml:lang="nn">89 502 kroner </CodeText>
        <CodeText xml:lang="nb">     89 502 kroner</CodeText>
        <CodeText xml:lang="en">89 502 NOK</CodeText>
      </CodeTextGrp>
    </Code>
  </Codes>
</Codelist>