<?xml version="1.0" encoding="utf-8"?>
<Codelist xmlns:xsi="http://www.w3.org/2001/XMLSchema-instance" xmlns:xsd="http://www.w3.org/2001/XMLSchema" id="urn:ssb:codelist:stabas:4511402" defaultValidFrom="2000-01-01" lastChangedDate="2007-11-01" isCurrent="true" relationId="urn:ssb:classversion:stabas:4510001" xmlns="http://www.ssb.no/ns/meta/codelist">
  <CodelistMeta>
    <TitleGrp>
      <Title xml:lang="nn">Informasjonssektoren 2000 : IKT- /Innhalds- sektor nivå 1</Title>
      <Title xml:lang="nb">Informasjonssektoren 2000: IKT- /Innholds- sektor nivå 1</Title>
      <Title xml:lang="en">The Information sector 2000: ICT- /content sector level 1</Title>
    </TitleGrp>
    <DescriptionGrp>
      <Description xml:lang="nn">Informasjonssektoren består av IKT-sektoren og Innhaldssektoren. IKT-sektoren er avgrensa med utgangspunkt i ein definisjon anbefalt av OECD. Innhaldssektoren er basert på ei nasjonal avgrensing sidan det ikkje eksisterar ei internasjonal avgrensing. Grunnleggande definisjonar er på den andre sida henta frå notat som er utgitt av FN og OECD. Det er også tatt omsyn til innspel frå nasjonale brukarar av statistikken. Denne avgrensinga av innhaldssektoren må sjåas på som førebels i påvente av ei internasjonal avgrensing. Statistikken for informasjonssektoren femner de oppgitte næringsgrupper i Standard for næringsgruppering (SN94).</Description>
      <Description xml:lang="nb">Informasjonssektoren består av IKT-sektoren og Innholdssektoren. IKT-sektoren er avgrenset med utgangspunkt i en definisjon anbefalt av OECD. Innholdssektoren er basert på en nasjonal avgrensning siden det ikke eksisterer en omforent internasjonal avgrensning. Grunnleggende definisjoner er imidlertid hentet fra notater som er publisert av FN og OECD. Det er også tatt hensyn til innspill fra nasjonale brukere av statistikken. Denne avgrensningen av innholdssektoren må ses på som foreløpig i påvente av en internasjonal avgrensning. Statistikken for innformasjonssektoren omfatter de angitte næringsgrupper i Standard for næringsgruppering (SN94).</Description>
      <Description xml:lang="en">The Information sector contain of the ICT sector and the content sector. The ICT sector is delimited on the basis of a definition recommended by the OECD. An international delimitation of the content sector is no existence, so the content sector is delimitated on the basis of national definitions. The foundation of these definitions has been copied from notes that are published of UN and OECD. Viewpoints from national users are considered. The delimitation of the content sector is preliminary. The statistics for the information sector covers the following industrial groups in the Standard Industrial Classification (SN94).</Description>
    </DescriptionGrp>
    <ContactInformation>
      <Person xmlns="http://www.ssb.no/ns/meta/common">mhm</Person>
      <Division xmlns="http://www.ssb.no/ns/meta/common">440</Division>
    </ContactInformation>
    <NoteGrp>
      <Note xml:lang="nn">Ikkje relevant</Note>
      <Note xml:lang="nb">Ikke relevant</Note>
      <Note xml:lang="en">Not relevant</Note>
    </NoteGrp>
  </CodelistMeta>
  <Codes>
    <Code id="urn:ssb:code:stabas:4511402-4511408">
      <CodeValue>1A</CodeValue>
      <CodeTextGrp>
        <CodeText xml:lang="nn">IKT-sektoren </CodeText>
        <CodeText xml:lang="nb">IKT-sektoren</CodeText>
        <CodeText xml:lang="en">The ICT sector</CodeText>
      </CodeTextGrp>
    </Code>
    <Code id="urn:ssb:code:stabas:4511402-4511412">
      <CodeValue>1B</CodeValue>
      <CodeTextGrp>
        <CodeText xml:lang="nn">Innhaldssektoren</CodeText>
        <CodeText xml:lang="nb">Innholdssektoren</CodeText>
        <CodeText xml:lang="en">The content sector</CodeText>
      </CodeTextGrp>
    </Code>
  </Codes>
</Codelist>