<?xml version="1.0" encoding="utf-8"?>
<Codelist xmlns:xsi="http://www.w3.org/2001/XMLSchema-instance" xmlns:xsd="http://www.w3.org/2001/XMLSchema" id="urn:ssb:codelist:stabas:4516004" defaultValidFrom="2006-01-01" lastChangedDate="2011-01-25" isCurrent="true" relationId="urn:ssb:classversion:stabas:4516001" xmlns="http://www.ssb.no/ns/meta/codelist">
  <CodelistMeta>
    <TitleGrp>
      <Title xml:lang="nn">Standard for SSBs emneinndeling 2006 : Nivå 1 </Title>
      <Title xml:lang="nb">Standard for SSBs emneinndeling 2006: Nivå 1</Title>
      <Title xml:lang="en">Classification of Statistics Norways topic codes 2006: Level 1</Title>
    </TitleGrp>
    <DescriptionGrp>
      <Description xml:lang="nn">Emneinndelinga er utarbeidd ut frå desse vilkåra: Statistikk og analyser skal delast i emne etter kva område av samfunnet eller type samfunnssektorar som blir beskrive, og vere mest mogleg tenleg og informativ for eksterne miljø. Den skal så langt råd er byggje på NACE. Det gjeld spesielt næringane, men også andre samfunnsområde.
</Description>
      <Description xml:lang="nb">Emneinndelingen er utarbeidet ut fra disse forutsetningene: Statistikk og analyser skal deles i emner etter hvilket område av samfunnet eller type samfunnssektorer som beskrives, og være mest mulig tjenlig og informativ for eksterne miljøer. Den skal så vidt mulig bygge på NACE. Det gjelder spesielt næringene, men også andre samfunnsområder.</Description>
      <Description xml:lang="en">Statistics organized by subjects</Description>
    </DescriptionGrp>
    <ContactInformation>
      <Person xmlns="http://www.ssb.no/ns/meta/common">jbr</Person>
      <Division xmlns="http://www.ssb.no/ns/meta/common">610</Division>
    </ContactInformation>
    <NoteGrp>
      <Note xml:lang="nn">Endringar i emnegruppa 08 Prisar, prisindeksar og konjunkturindikatorar. Under nivå 2 er 08.04 Produksjonsindeksar slått saman med 08.03 Verdi- og volumindeksar. Lite tidsriktig med skilje mellom ulike typar volumindikatorar - to produksjonsindikatorar og mange implisitte volumindikatorar. Emnekode 08.04 er teken ut av bruk. I tillegg er det gjort justeringar i nemninga for undergrupper (nivå 3), oppretting av enkelte nye undergrupper og fjerning av nokre slike undergrupper. Undergruppene under 08.05 Konjunkturoversikter, konjunkturbarometer, er fjerna.
</Note>
      <Note xml:lang="nb">Endringer i emnegruppen 08 Priser, prisindekser og konjunkturindikatorer. Under nivå 2 er 08.04 Produksjonsindekser slått sammen med 08.03 Verdi- og volumindekser. Lite tidsriktig med skille mellom ulike typer volumindikatorer - to produksjonsindikator og mange implisitte volumindikator. Emnekode 08.04 er tatt ut av bruk. I tillegg er det foretatt justeringer i betegnelser for undergrupper (nivå 3), oppretting av enkelte nye undergrupper og fjerning av noen slike undergrupper. Undergruppene under 08.05 Konjunkturoversikter, konjunkturbarometer, er fjernet.</Note>
      <Note xml:lang="en">Changes in subject group 08 Price indices and economic indicators. Under level 2, 08.04 Production indices have been merged with 08.03 Value and volume indices. It is no longer relevant to distinguish between different type of volume indices - two production indices and several implied volume indices. Subject code 08.04 is no longer in use. In addition, sub-groups (level 3) have been adjusted, some new sub-groups have been created and some have been removed. The sub-groups under 08.05 Economic surveys, general business tendency survey have been removed.
</Note>
    </NoteGrp>
  </CodelistMeta>
  <Codes>
    <Code id="urn:ssb:code:stabas:4516004-4516010">
      <CodeValue>00</CodeValue>
      <CodeTextGrp>
        <CodeText xml:lang="nn">Generelt </CodeText>
        <CodeText xml:lang="nb">Generelt</CodeText>
        <CodeText xml:lang="en">General</CodeText>
      </CodeTextGrp>
    </Code>
    <Code id="urn:ssb:code:stabas:4516004-4516040">
      <CodeValue>01</CodeValue>
      <CodeTextGrp>
        <CodeText xml:lang="nn">Naturressursar og naturmiljø</CodeText>
        <CodeText xml:lang="nb">Naturressurser og naturmiljø</CodeText>
        <CodeText xml:lang="en">Natural resources and the environment</CodeText>
      </CodeTextGrp>
    </Code>
    <Code id="urn:ssb:code:stabas:4516004-4516088">
      <CodeValue>02</CodeValue>
      <CodeTextGrp>
        <CodeText xml:lang="nn">Folkesetnad</CodeText>
        <CodeText xml:lang="nb">Befolkning</CodeText>
        <CodeText xml:lang="en">Population</CodeText>
      </CodeTextGrp>
    </Code>
    <Code id="urn:ssb:code:stabas:4516004-4516110">
      <CodeValue>03</CodeValue>
      <CodeTextGrp>
        <CodeText xml:lang="nn">Helse, sosiale forhold og kriminalitet </CodeText>
        <CodeText xml:lang="nb">Helse, sosiale forhold og kriminalitet</CodeText>
        <CodeText xml:lang="en">Health, social conditions, social services and crime</CodeText>
      </CodeTextGrp>
    </Code>
    <Code id="urn:ssb:code:stabas:4516004-4516146">
      <CodeValue>04</CodeValue>
      <CodeTextGrp>
        <CodeText xml:lang="nn">Utdanning </CodeText>
        <CodeText xml:lang="nb">Utdanning</CodeText>
        <CodeText xml:lang="en">Education</CodeText>
      </CodeTextGrp>
    </Code>
    <Code id="urn:ssb:code:stabas:4516004-4516166">
      <CodeValue>05</CodeValue>
      <CodeTextGrp>
        <CodeText xml:lang="nn">Personleg økonomi og butilhøve</CodeText>
        <CodeText xml:lang="nb">Personlig økonomi og boforhold</CodeText>
        <CodeText xml:lang="en">Personal economy and housing conditions</CodeText>
      </CodeTextGrp>
    </Code>
    <Code id="urn:ssb:code:stabas:4516004-4516182">
      <CodeValue>06</CodeValue>
      <CodeTextGrp>
        <CodeText xml:lang="nn">Arbeidsliv, yrkesdeltaking og lønn </CodeText>
        <CodeText xml:lang="nb">Arbeidsliv, yrkesdeltaking og lønn</CodeText>
        <CodeText xml:lang="en">Labour market, wages</CodeText>
      </CodeTextGrp>
    </Code>
    <Code id="urn:ssb:code:stabas:4516004-4516196">
      <CodeValue>07</CodeValue>
      <CodeTextGrp>
        <CodeText xml:lang="nn">Fritidsverksemd, kulturell tenesteyting og sport</CodeText>
        <CodeText xml:lang="nb">Fritidsvirksomhet, kulturell tjenesteyting og sport</CodeText>
        <CodeText xml:lang="en">Recreational, cultural and sporting activities</CodeText>
      </CodeTextGrp>
    </Code>
    <Code id="urn:ssb:code:stabas:4516004-4516228">
      <CodeValue>08</CodeValue>
      <CodeTextGrp>
        <CodeText xml:lang="nn">Prisar, prisindeksar og konjunkturindikatorar</CodeText>
        <CodeText xml:lang="nb">Priser, prisindekser og konjunkturindikatorer</CodeText>
        <CodeText xml:lang="en">Prices, price indices and economic indicators</CodeText>
      </CodeTextGrp>
    </Code>
    <Code id="urn:ssb:code:stabas:4516004-4516264">
      <CodeValue>09</CodeValue>
      <CodeTextGrp>
        <CodeText xml:lang="nn">Nasjonalrekneskap og utanrikshandel</CodeText>
        <CodeText xml:lang="nb">Nasjonalregnskap og utenrikshandel</CodeText>
        <CodeText xml:lang="en">National economy and external trade</CodeText>
      </CodeTextGrp>
    </Code>
    <Code id="urn:ssb:code:stabas:4516004-4516278">
      <CodeValue>10</CodeValue>
      <CodeTextGrp>
        <CodeText xml:lang="nn">Næringsverksemd</CodeText>
        <CodeText xml:lang="nb">Næringsvirksomhet</CodeText>
        <CodeText xml:lang="en">Industrial activities</CodeText>
      </CodeTextGrp>
    </Code>
    <Code id="urn:ssb:code:stabas:4516004-4516380">
      <CodeValue>11</CodeValue>
      <CodeTextGrp>
        <CodeText xml:lang="nn">Finansmarknader og konkursar</CodeText>
        <CodeText xml:lang="nb">Finansmarkeder og konkurser</CodeText>
        <CodeText xml:lang="en">Financial markets</CodeText>
      </CodeTextGrp>
    </Code>
    <Code id="urn:ssb:code:stabas:4516004-4516388">
      <CodeValue>12</CodeValue>
      <CodeTextGrp>
        <CodeText xml:lang="nn">Offentlege finansar</CodeText>
        <CodeText xml:lang="nb">Offentlige finanser</CodeText>
        <CodeText xml:lang="en">Public finances</CodeText>
      </CodeTextGrp>
    </Code>
  </Codes>
</Codelist>