<?xml version="1.0" encoding="utf-8"?>
<Codelist xmlns:xsi="http://www.w3.org/2001/XMLSchema-instance" xmlns:xsd="http://www.w3.org/2001/XMLSchema" id="urn:ssb:codelist:stabas:4522051" defaultValidFrom="2007-01-01" lastChangedDate="2014-06-27" isCurrent="true" relationId="urn:ssb:classversion:stabas:4522047" xmlns="http://www.ssb.no/ns/meta/codelist">
  <CodelistMeta>
    <TitleGrp>
      <Title xml:lang="nn">Fylkeskommunar 2007: Fylkeskommune</Title>
      <Title xml:lang="nb">Fylkeskommuner 2007: Fylkeskommune</Title>
      <Title xml:lang="en">County municipality 2007: County municipality</Title>
    </TitleGrp>
    <DescriptionGrp>
      <Description xml:lang="nn">Fylkeskommune er eit politisk og administrativt nivå innanfor offentleg forvaltning. Geografisk tilsvarer fylkeskommunane fylkene med unntak av fylkene Akershus og Oslo som utgjer ein fylkeskommune.</Description>
      <Description xml:lang="nb">Fylkeskommune er et politisk og administrativt nivå innenfor offentlig forvaltning. Geografisk tilsvarer fylkeskommunene fylkene med unntak av fylkene Akershus og Oslo som utgjør en fylkeskommune.</Description>
      <Description xml:lang="en">A county municipality is a political and administrative level in public administration. County municipalities are geographically equivalent to the counties with the exception of the counties of Akershus and Oslo which represent one county municipality.</Description>
    </DescriptionGrp>
    <ContactInformation>
      <Person xmlns="http://www.ssb.no/ns/meta/common">hhe</Person>
      <Division xmlns="http://www.ssb.no/ns/meta/common">320</Division>
    </ContactInformation>
    <NoteGrp>
      <Note xml:lang="nn">Frå 1. juli  2006: To språkleg navn på Troms fylkeskommune (norsk) og  Romsa fylkagielda (samisk)</Note>
      <Note xml:lang="nb">Fra 1. juli 2006 brukes to språklig navn på Troms fylkeskommune (norsk) og  Romsa fylkagielda (samisk)</Note>
      <Note xml:lang="en">From 1. July 2006: Troms county municipality (Norwegian) and  Romsa county municipality (Lapp)</Note>
    </NoteGrp>
  </CodelistMeta>
  <Codes>
    <Code id="urn:ssb:code:stabas:4522051-4522053">
      <CodeValue>0100</CodeValue>
      <CodeTextGrp>
        <CodeText xml:lang="nn">Østfold fylkeskommune</CodeText>
        <CodeText xml:lang="nb">Østfold fylkeskommune</CodeText>
        <CodeText xml:lang="en">Østfold county municipality</CodeText>
      </CodeTextGrp>
    </Code>
    <Code id="urn:ssb:code:stabas:4522051-4522055">
      <CodeValue>0200</CodeValue>
      <CodeTextGrp>
        <CodeText xml:lang="nn">Akershus fylkeskommune</CodeText>
        <CodeText xml:lang="nb">Akershus fylkeskommune</CodeText>
        <CodeText xml:lang="en">Akershus county municipality</CodeText>
      </CodeTextGrp>
    </Code>
    <Code id="urn:ssb:code:stabas:4522051-4522057">
      <CodeValue>0400</CodeValue>
      <CodeTextGrp>
        <CodeText xml:lang="nn">Hedmark fylkeskommune</CodeText>
        <CodeText xml:lang="nb">Hedmark fylkeskommune</CodeText>
        <CodeText xml:lang="en">Hedmark county municipality</CodeText>
      </CodeTextGrp>
    </Code>
    <Code id="urn:ssb:code:stabas:4522051-4522059">
      <CodeValue>0500</CodeValue>
      <CodeTextGrp>
        <CodeText xml:lang="nn">Oppland fylkeskommune</CodeText>
        <CodeText xml:lang="nb">Oppland fylkeskommune</CodeText>
        <CodeText xml:lang="en">Oppland county municipality</CodeText>
      </CodeTextGrp>
    </Code>
    <Code id="urn:ssb:code:stabas:4522051-4522061">
      <CodeValue>0600</CodeValue>
      <CodeTextGrp>
        <CodeText xml:lang="nn">Buskerud fylkeskommune</CodeText>
        <CodeText xml:lang="nb">Buskerud fylkeskommune</CodeText>
        <CodeText xml:lang="en">Buskerud county municipality</CodeText>
      </CodeTextGrp>
    </Code>
    <Code id="urn:ssb:code:stabas:4522051-4522063">
      <CodeValue>0700</CodeValue>
      <CodeTextGrp>
        <CodeText xml:lang="nn">Vestfold fylkeskommune</CodeText>
        <CodeText xml:lang="nb">Vestfold fylkeskommune</CodeText>
        <CodeText xml:lang="en">Vestfold county municipality</CodeText>
      </CodeTextGrp>
    </Code>
    <Code id="urn:ssb:code:stabas:4522051-4522065">
      <CodeValue>0800</CodeValue>
      <CodeTextGrp>
        <CodeText xml:lang="nn">Telemark fylkeskommune</CodeText>
        <CodeText xml:lang="nb">Telemark fylkeskommune</CodeText>
        <CodeText xml:lang="en">Telemark county municipality</CodeText>
      </CodeTextGrp>
    </Code>
    <Code id="urn:ssb:code:stabas:4522051-4522067">
      <CodeValue>0900</CodeValue>
      <CodeTextGrp>
        <CodeText xml:lang="nn">Aust-Agder fylkeskommune</CodeText>
        <CodeText xml:lang="nb">Aust-Agder fylkeskommune</CodeText>
        <CodeText xml:lang="en">Aust-Agder county municipality</CodeText>
      </CodeTextGrp>
    </Code>
    <Code id="urn:ssb:code:stabas:4522051-4522069">
      <CodeValue>1000</CodeValue>
      <CodeTextGrp>
        <CodeText xml:lang="nn">Vest-Agder fylkeskommune</CodeText>
        <CodeText xml:lang="nb">Vest-Agder fylkeskommune</CodeText>
        <CodeText xml:lang="en">Vest-Agder county municipality</CodeText>
      </CodeTextGrp>
    </Code>
    <Code id="urn:ssb:code:stabas:4522051-4522071">
      <CodeValue>1100</CodeValue>
      <CodeTextGrp>
        <CodeText xml:lang="nn">Rogaland fylkeskommune</CodeText>
        <CodeText xml:lang="nb">Rogaland fylkeskommune</CodeText>
        <CodeText xml:lang="en">Rogaland county municipality</CodeText>
      </CodeTextGrp>
      <NoteGrp>
        <Note xml:lang="nn">Kommunen 1214 Ølen blei den 1. januar 2002 førte over i frå Hordaland til Rogaland fylke kor kommunen fekk kommunenummer 1159.</Note>
        <Note xml:lang="nb">Kommunen 1214 Ølen ble den 1. januar 2002 overført i fra Hordaland til Rogaland fylke hvor kommunen fikk kommunenummer 1159.</Note>
        <Note xml:lang="en">1 January 2002 the municipality of Ølen was transferred from the county of Hordaland to the county of Rogaland.</Note>
      </NoteGrp>
    </Code>
    <Code id="urn:ssb:code:stabas:4522051-4522073">
      <CodeValue>1200</CodeValue>
      <CodeTextGrp>
        <CodeText xml:lang="nn">Hordaland fylkeskommune</CodeText>
        <CodeText xml:lang="nb">Hordaland fylkeskommune</CodeText>
        <CodeText xml:lang="en">Hordaland county municipality</CodeText>
      </CodeTextGrp>
    </Code>
    <Code id="urn:ssb:code:stabas:4522051-4522075">
      <CodeValue>1400</CodeValue>
      <CodeTextGrp>
        <CodeText xml:lang="nn">Sogn og Fjordane fylkeskommune</CodeText>
        <CodeText xml:lang="nb">Sogn og Fjordane fylkeskommune</CodeText>
        <CodeText xml:lang="en">Sogn og Fjordane county municipality</CodeText>
      </CodeTextGrp>
    </Code>
    <Code id="urn:ssb:code:stabas:4522051-4522077">
      <CodeValue>1500</CodeValue>
      <CodeTextGrp>
        <CodeText xml:lang="nn">Møre og Romsdal fylkeskommune</CodeText>
        <CodeText xml:lang="nb">Møre og Romsdal fylkeskommune</CodeText>
        <CodeText xml:lang="en">Møre og Romsdal county municipality</CodeText>
      </CodeTextGrp>
    </Code>
    <Code id="urn:ssb:code:stabas:4522051-4522079">
      <CodeValue>1600</CodeValue>
      <CodeTextGrp>
        <CodeText xml:lang="nn">Sør-Trøndelag fylkeskommune</CodeText>
        <CodeText xml:lang="nb">Sør-Trøndelag fylkeskommune</CodeText>
        <CodeText xml:lang="en">Sør-Trøndelag county municipality</CodeText>
      </CodeTextGrp>
    </Code>
    <Code id="urn:ssb:code:stabas:4522051-4522081">
      <CodeValue>1700</CodeValue>
      <CodeTextGrp>
        <CodeText xml:lang="nn">Nord-Trøndelag fylkeskommune</CodeText>
        <CodeText xml:lang="nb">Nord-Trøndelag fylkeskommune</CodeText>
        <CodeText xml:lang="en">Nord-Trøndelag county municipality</CodeText>
      </CodeTextGrp>
    </Code>
    <Code id="urn:ssb:code:stabas:4522051-4522083">
      <CodeValue>1800</CodeValue>
      <CodeTextGrp>
        <CodeText xml:lang="nn">Nordland fylkeskommune</CodeText>
        <CodeText xml:lang="nb">Nordland fylkeskommune</CodeText>
        <CodeText xml:lang="en">Nordland county municipality</CodeText>
      </CodeTextGrp>
    </Code>
    <Code id="urn:ssb:code:stabas:4522051-4522085">
      <CodeValue>1900</CodeValue>
      <CodeTextGrp>
        <CodeText xml:lang="nn">Troms fylkeskommune Romsa fylkagielda</CodeText>
        <CodeText xml:lang="nb">Troms fylkeskommune Romsa fylkagielda</CodeText>
        <CodeText xml:lang="en">Troms county municipality Romsa county municipality</CodeText>
      </CodeTextGrp>
      <NoteGrp>
        <Note xml:lang="nn">Frå 1. juli  2006: To språkleg navn på Troms fylkeskommune (norsk) og  Romsa fylkagielda (samisk)</Note>
        <Note xml:lang="nb">Fra 1. juli 2006: To språklig navn på Troms fylkeskommune (norsk) og  Romsa fylkagielda (samisk)</Note>
        <Note xml:lang="en">From 1. july 2006: Troms county municipality (Norwegian) and  Romsa county municipality (Lapp)</Note>
      </NoteGrp>
    </Code>
    <Code id="urn:ssb:code:stabas:4522051-4522087">
      <CodeValue>2000</CodeValue>
      <CodeTextGrp>
        <CodeText xml:lang="nn">Finnmark fylkeskommune Finnmárkku fylkagielda</CodeText>
        <CodeText xml:lang="nb">Finnmark fylkeskommune Finnmárkku fylkagielda</CodeText>
        <CodeText xml:lang="en">Finnmark county municipality</CodeText>
      </CodeTextGrp>
    </Code>
    <Code id="urn:ssb:code:stabas:4522051-4522089">
      <CodeValue>9999</CodeValue>
      <CodeTextGrp>
        <CodeText xml:lang="nn">Ikkje spesifisert fylkeskommune</CodeText>
        <CodeText xml:lang="nb">Uoppgitt fylkeskommune</CodeText>
        <CodeText xml:lang="en">Unknown county municipality</CodeText>
      </CodeTextGrp>
    </Code>
  </Codes>
</Codelist>