<?xml version="1.0" encoding="utf-8"?>
<Codelist xmlns:xsi="http://www.w3.org/2001/XMLSchema-instance" xmlns:xsd="http://www.w3.org/2001/XMLSchema" id="urn:ssb:codelist:stabas:4528106" defaultValidFrom="1999-01-01" lastChangedDate="2011-02-23" parentCodelistId="urn:ssb:codelist:stabas:4528104" isCurrent="true" relationId="urn:ssb:classversion:stabas:4528102" xmlns="http://www.ssb.no/ns/meta/codelist">
  <CodelistMeta>
    <TitleGrp>
      <Title xml:lang="nb">Standard for COFOG 1999: Gruppe (3-siffer nivå)</Title>
    </TitleGrp>
    <DescriptionGrp>
      <Description xml:lang="nb">Klassifikasjon av offentlig forvaltnings utgifter etter hovedformålet med utgiften. Klassifikasjonen har tre detaljeringsnivå - kategori, gruppe og klasse.</Description>
    </DescriptionGrp>
    <ContactInformation>
      <Person xmlns="http://www.ssb.no/ns/meta/common">kur</Person>
      <Division xmlns="http://www.ssb.no/ns/meta/common">950</Division>
    </ContactInformation>
    <NoteGrp>
      <Note xml:lang="nb">Ikke relevant</Note>
    </NoteGrp>
  </CodelistMeta>
  <Codes>
    <Code id="urn:ssb:code:stabas:4528106-4528112" parentCodeId="urn:ssb:code:stabas:4528104-4528110">
      <CodeValue>011</CodeValue>
      <CodeTextGrp>
        <CodeText xml:lang="nb">Utøvende og lovgivende organer, finansielle og fiskale formål, utenrikssaker</CodeText>
      </CodeTextGrp>
    </Code>
    <Code id="urn:ssb:code:stabas:4528106-4528120" parentCodeId="urn:ssb:code:stabas:4528104-4528110">
      <CodeValue>012</CodeValue>
      <CodeTextGrp>
        <CodeText xml:lang="nb">Internasjonal økonomisk bistand</CodeText>
      </CodeTextGrp>
    </Code>
    <Code id="urn:ssb:code:stabas:4528106-4528126" parentCodeId="urn:ssb:code:stabas:4528104-4528110">
      <CodeValue>013</CodeValue>
      <CodeTextGrp>
        <CodeText xml:lang="nb">Generell tjenesteyting</CodeText>
      </CodeTextGrp>
    </Code>
    <Code id="urn:ssb:code:stabas:4528106-4528134" parentCodeId="urn:ssb:code:stabas:4528104-4528110">
      <CodeValue>014</CodeValue>
      <CodeTextGrp>
        <CodeText xml:lang="nb">Grunnforskning</CodeText>
      </CodeTextGrp>
    </Code>
    <Code id="urn:ssb:code:stabas:4528106-4528138" parentCodeId="urn:ssb:code:stabas:4528104-4528110">
      <CodeValue>015</CodeValue>
      <CodeTextGrp>
        <CodeText xml:lang="nb">FoU Alminnelig tjenesteyting</CodeText>
      </CodeTextGrp>
    </Code>
    <Code id="urn:ssb:code:stabas:4528106-4528142" parentCodeId="urn:ssb:code:stabas:4528104-4528110">
      <CodeValue>016</CodeValue>
      <CodeTextGrp>
        <CodeText xml:lang="nb">Alminnelig tjenesteyting ellers</CodeText>
      </CodeTextGrp>
    </Code>
    <Code id="urn:ssb:code:stabas:4528106-4528146" parentCodeId="urn:ssb:code:stabas:4528104-4528110">
      <CodeValue>017</CodeValue>
      <CodeTextGrp>
        <CodeText xml:lang="nb">Offentlige gjeldstransaksjoner</CodeText>
      </CodeTextGrp>
    </Code>
    <Code id="urn:ssb:code:stabas:4528106-4528150" parentCodeId="urn:ssb:code:stabas:4528104-4528110">
      <CodeValue>018</CodeValue>
      <CodeTextGrp>
        <CodeText xml:lang="nb">Overføringer av generell karakter mellom forvaltningsnivåene</CodeText>
      </CodeTextGrp>
    </Code>
    <Code id="urn:ssb:code:stabas:4528106-4528156" parentCodeId="urn:ssb:code:stabas:4528104-4528154">
      <CodeValue>021</CodeValue>
      <CodeTextGrp>
        <CodeText xml:lang="nb">Militært forsvar</CodeText>
      </CodeTextGrp>
    </Code>
    <Code id="urn:ssb:code:stabas:4528106-4528160" parentCodeId="urn:ssb:code:stabas:4528104-4528154">
      <CodeValue>022</CodeValue>
      <CodeTextGrp>
        <CodeText xml:lang="nb">Sivilforsvar</CodeText>
      </CodeTextGrp>
    </Code>
    <Code id="urn:ssb:code:stabas:4528106-4528164" parentCodeId="urn:ssb:code:stabas:4528104-4528154">
      <CodeValue>023</CodeValue>
      <CodeTextGrp>
        <CodeText xml:lang="nb">Utenlandsk militær bistand</CodeText>
      </CodeTextGrp>
    </Code>
    <Code id="urn:ssb:code:stabas:4528106-4528168" parentCodeId="urn:ssb:code:stabas:4528104-4528154">
      <CodeValue>024</CodeValue>
      <CodeTextGrp>
        <CodeText xml:lang="nb">FoU Forsvar</CodeText>
      </CodeTextGrp>
    </Code>
    <Code id="urn:ssb:code:stabas:4528106-4528172" parentCodeId="urn:ssb:code:stabas:4528104-4528154">
      <CodeValue>025</CodeValue>
      <CodeTextGrp>
        <CodeText xml:lang="nb">Forsvar ellers</CodeText>
      </CodeTextGrp>
    </Code>
    <Code id="urn:ssb:code:stabas:4528106-4528178" parentCodeId="urn:ssb:code:stabas:4528104-4528176">
      <CodeValue>031</CodeValue>
      <CodeTextGrp>
        <CodeText xml:lang="nb">Politi</CodeText>
      </CodeTextGrp>
    </Code>
    <Code id="urn:ssb:code:stabas:4528106-4528182" parentCodeId="urn:ssb:code:stabas:4528104-4528176">
      <CodeValue>032</CodeValue>
      <CodeTextGrp>
        <CodeText xml:lang="nb">Brannvern og redningstjenester</CodeText>
      </CodeTextGrp>
    </Code>
    <Code id="urn:ssb:code:stabas:4528106-4528186" parentCodeId="urn:ssb:code:stabas:4528104-4528176">
      <CodeValue>033</CodeValue>
      <CodeTextGrp>
        <CodeText xml:lang="nb">Domstoler</CodeText>
      </CodeTextGrp>
    </Code>
    <Code id="urn:ssb:code:stabas:4528106-4528190" parentCodeId="urn:ssb:code:stabas:4528104-4528176">
      <CodeValue>034</CodeValue>
      <CodeTextGrp>
        <CodeText xml:lang="nb">Fengsler</CodeText>
      </CodeTextGrp>
    </Code>
    <Code id="urn:ssb:code:stabas:4528106-4528194" parentCodeId="urn:ssb:code:stabas:4528104-4528176">
      <CodeValue>035</CodeValue>
      <CodeTextGrp>
        <CodeText xml:lang="nb">FoU offentlig orden og trygghet</CodeText>
      </CodeTextGrp>
    </Code>
    <Code id="urn:ssb:code:stabas:4528106-4528198" parentCodeId="urn:ssb:code:stabas:4528104-4528176">
      <CodeValue>036</CodeValue>
      <CodeTextGrp>
        <CodeText xml:lang="nb">Offentlig orden og trygghet ellers</CodeText>
      </CodeTextGrp>
    </Code>
    <Code id="urn:ssb:code:stabas:4528106-4528304" parentCodeId="urn:ssb:code:stabas:4528104-4528302">
      <CodeValue>041</CodeValue>
      <CodeTextGrp>
        <CodeText xml:lang="nb">Generelle næringsøkonomiske formål og arbeidsmarkedformål</CodeText>
      </CodeTextGrp>
    </Code>
    <Code id="urn:ssb:code:stabas:4528106-4528310" parentCodeId="urn:ssb:code:stabas:4528104-4528302">
      <CodeValue>042</CodeValue>
      <CodeTextGrp>
        <CodeText xml:lang="nb">Jordbruk, skogbruk, fiske og fangst</CodeText>
      </CodeTextGrp>
    </Code>
    <Code id="urn:ssb:code:stabas:4528106-4528318" parentCodeId="urn:ssb:code:stabas:4528104-4528302">
      <CodeValue>043</CodeValue>
      <CodeTextGrp>
        <CodeText xml:lang="nb">Brensel og energi</CodeText>
      </CodeTextGrp>
    </Code>
    <Code id="urn:ssb:code:stabas:4528106-4528332" parentCodeId="urn:ssb:code:stabas:4528104-4528302">
      <CodeValue>044</CodeValue>
      <CodeTextGrp>
        <CodeText xml:lang="nb">Bergverksdrift, industri og bygge- og anleggsvirksomhet</CodeText>
      </CodeTextGrp>
    </Code>
    <Code id="urn:ssb:code:stabas:4528106-4528340" parentCodeId="urn:ssb:code:stabas:4528104-4528302">
      <CodeValue>045</CodeValue>
      <CodeTextGrp>
        <CodeText xml:lang="nb">Transport</CodeText>
      </CodeTextGrp>
    </Code>
    <Code id="urn:ssb:code:stabas:4528106-4528352" parentCodeId="urn:ssb:code:stabas:4528104-4528302">
      <CodeValue>046</CodeValue>
      <CodeTextGrp>
        <CodeText xml:lang="nb">Post og telekommunikasjoner</CodeText>
      </CodeTextGrp>
    </Code>
    <Code id="urn:ssb:code:stabas:4528106-4528356" parentCodeId="urn:ssb:code:stabas:4528104-4528302">
      <CodeValue>047</CodeValue>
      <CodeTextGrp>
        <CodeText xml:lang="nb">Andre næringer</CodeText>
      </CodeTextGrp>
    </Code>
    <Code id="urn:ssb:code:stabas:4528106-4528366" parentCodeId="urn:ssb:code:stabas:4528104-4528302">
      <CodeValue>048</CodeValue>
      <CodeTextGrp>
        <CodeText xml:lang="nb">FoU Næringsøkonomiske formål</CodeText>
      </CodeTextGrp>
    </Code>
    <Code id="urn:ssb:code:stabas:4528106-4528382" parentCodeId="urn:ssb:code:stabas:4528104-4528302">
      <CodeValue>049</CodeValue>
      <CodeTextGrp>
        <CodeText xml:lang="nb">Næringsøkonomiske formål ellers</CodeText>
      </CodeTextGrp>
    </Code>
    <Code id="urn:ssb:code:stabas:4528106-4528388" parentCodeId="urn:ssb:code:stabas:4528104-4528386">
      <CodeValue>051</CodeValue>
      <CodeTextGrp>
        <CodeText xml:lang="nb">Avfallshåndtering</CodeText>
      </CodeTextGrp>
    </Code>
    <Code id="urn:ssb:code:stabas:4528106-4528392" parentCodeId="urn:ssb:code:stabas:4528104-4528386">
      <CodeValue>052</CodeValue>
      <CodeTextGrp>
        <CodeText xml:lang="nb">Avløp og spillvann</CodeText>
      </CodeTextGrp>
    </Code>
    <Code id="urn:ssb:code:stabas:4528106-4528396" parentCodeId="urn:ssb:code:stabas:4528104-4528386">
      <CodeValue>053</CodeValue>
      <CodeTextGrp>
        <CodeText xml:lang="nb">Forurensningsbekjempelse</CodeText>
      </CodeTextGrp>
    </Code>
    <Code id="urn:ssb:code:stabas:4528106-4528400" parentCodeId="urn:ssb:code:stabas:4528104-4528386">
      <CodeValue>054</CodeValue>
      <CodeTextGrp>
        <CodeText xml:lang="nb">Landskapsvern og biologisk mangfold</CodeText>
      </CodeTextGrp>
    </Code>
    <Code id="urn:ssb:code:stabas:4528106-4528504" parentCodeId="urn:ssb:code:stabas:4528104-4528386">
      <CodeValue>055</CodeValue>
      <CodeTextGrp>
        <CodeText xml:lang="nb">FoU Miljøvern</CodeText>
      </CodeTextGrp>
    </Code>
    <Code id="urn:ssb:code:stabas:4528106-4528508" parentCodeId="urn:ssb:code:stabas:4528104-4528386">
      <CodeValue>056</CodeValue>
      <CodeTextGrp>
        <CodeText xml:lang="nb">Miljøvern ellers</CodeText>
      </CodeTextGrp>
    </Code>
    <Code id="urn:ssb:code:stabas:4528106-4528514" parentCodeId="urn:ssb:code:stabas:4528104-4528512">
      <CodeValue>061</CodeValue>
      <CodeTextGrp>
        <CodeText xml:lang="nb">Boligutvikling</CodeText>
      </CodeTextGrp>
    </Code>
    <Code id="urn:ssb:code:stabas:4528106-4528518" parentCodeId="urn:ssb:code:stabas:4528104-4528512">
      <CodeValue>062</CodeValue>
      <CodeTextGrp>
        <CodeText xml:lang="nb">Nærmiljøutvikling</CodeText>
      </CodeTextGrp>
    </Code>
    <Code id="urn:ssb:code:stabas:4528106-4528522" parentCodeId="urn:ssb:code:stabas:4528104-4528512">
      <CodeValue>063</CodeValue>
      <CodeTextGrp>
        <CodeText xml:lang="nb">Vannforsyning</CodeText>
      </CodeTextGrp>
    </Code>
    <Code id="urn:ssb:code:stabas:4528106-4528526" parentCodeId="urn:ssb:code:stabas:4528104-4528512">
      <CodeValue>064</CodeValue>
      <CodeTextGrp>
        <CodeText xml:lang="nb">Gatebelysning</CodeText>
      </CodeTextGrp>
    </Code>
    <Code id="urn:ssb:code:stabas:4528106-4528530" parentCodeId="urn:ssb:code:stabas:4528104-4528512">
      <CodeValue>065</CodeValue>
      <CodeTextGrp>
        <CodeText xml:lang="nb">FoU Bolig og nærmiljø</CodeText>
      </CodeTextGrp>
    </Code>
    <Code id="urn:ssb:code:stabas:4528106-4528534" parentCodeId="urn:ssb:code:stabas:4528104-4528512">
      <CodeValue>066</CodeValue>
      <CodeTextGrp>
        <CodeText xml:lang="nb">Bolig og nærmiljø ellers</CodeText>
      </CodeTextGrp>
    </Code>
    <Code id="urn:ssb:code:stabas:4528106-4528540" parentCodeId="urn:ssb:code:stabas:4528104-4528538">
      <CodeValue>071</CodeValue>
      <CodeTextGrp>
        <CodeText xml:lang="nb">Legemidler, hjelpemidler og utstyr</CodeText>
      </CodeTextGrp>
    </Code>
    <Code id="urn:ssb:code:stabas:4528106-4528548" parentCodeId="urn:ssb:code:stabas:4528104-4528538">
      <CodeValue>072</CodeValue>
      <CodeTextGrp>
        <CodeText xml:lang="nb">Legetjenester mv.</CodeText>
      </CodeTextGrp>
    </Code>
    <Code id="urn:ssb:code:stabas:4528106-4528558" parentCodeId="urn:ssb:code:stabas:4528104-4528538">
      <CodeValue>073</CodeValue>
      <CodeTextGrp>
        <CodeText xml:lang="nb">Sykehustjenester</CodeText>
      </CodeTextGrp>
    </Code>
    <Code id="urn:ssb:code:stabas:4528106-4528568" parentCodeId="urn:ssb:code:stabas:4528104-4528538">
      <CodeValue>074</CodeValue>
      <CodeTextGrp>
        <CodeText xml:lang="nb">Forebyggende helsearbeid</CodeText>
      </CodeTextGrp>
    </Code>
    <Code id="urn:ssb:code:stabas:4528106-4528572" parentCodeId="urn:ssb:code:stabas:4528104-4528538">
      <CodeValue>075</CodeValue>
      <CodeTextGrp>
        <CodeText xml:lang="nb">FoU Helse</CodeText>
      </CodeTextGrp>
    </Code>
    <Code id="urn:ssb:code:stabas:4528106-4528576" parentCodeId="urn:ssb:code:stabas:4528104-4528538">
      <CodeValue>076</CodeValue>
      <CodeTextGrp>
        <CodeText xml:lang="nb">Helse ellers</CodeText>
      </CodeTextGrp>
    </Code>
    <Code id="urn:ssb:code:stabas:4528106-4528582" parentCodeId="urn:ssb:code:stabas:4528104-4528580">
      <CodeValue>081</CodeValue>
      <CodeTextGrp>
        <CodeText xml:lang="nb">Fritid og sport</CodeText>
      </CodeTextGrp>
    </Code>
    <Code id="urn:ssb:code:stabas:4528106-4528586" parentCodeId="urn:ssb:code:stabas:4528104-4528580">
      <CodeValue>082</CodeValue>
      <CodeTextGrp>
        <CodeText xml:lang="nb">Kultur</CodeText>
      </CodeTextGrp>
    </Code>
    <Code id="urn:ssb:code:stabas:4528106-4528590" parentCodeId="urn:ssb:code:stabas:4528104-4528580">
      <CodeValue>083</CodeValue>
      <CodeTextGrp>
        <CodeText xml:lang="nb">Kringkasting og forlagsvirksomhet</CodeText>
      </CodeTextGrp>
    </Code>
    <Code id="urn:ssb:code:stabas:4528106-4528594" parentCodeId="urn:ssb:code:stabas:4528104-4528580">
      <CodeValue>084</CodeValue>
      <CodeTextGrp>
        <CodeText xml:lang="nb">Religiøse og fellesskapsaktiviteter</CodeText>
      </CodeTextGrp>
    </Code>
    <Code id="urn:ssb:code:stabas:4528106-4528598" parentCodeId="urn:ssb:code:stabas:4528104-4528580">
      <CodeValue>085</CodeValue>
      <CodeTextGrp>
        <CodeText xml:lang="nb">FoU Ffritid, kultur og religion</CodeText>
      </CodeTextGrp>
    </Code>
    <Code id="urn:ssb:code:stabas:4528106-4528702" parentCodeId="urn:ssb:code:stabas:4528104-4528580">
      <CodeValue>086</CodeValue>
      <CodeTextGrp>
        <CodeText xml:lang="nb">Fritid, kultur og religion ellers</CodeText>
      </CodeTextGrp>
    </Code>
    <Code id="urn:ssb:code:stabas:4528106-4528708" parentCodeId="urn:ssb:code:stabas:4528104-4528706">
      <CodeValue>091</CodeValue>
      <CodeTextGrp>
        <CodeText xml:lang="nb">Førskole og barneskole</CodeText>
      </CodeTextGrp>
    </Code>
    <Code id="urn:ssb:code:stabas:4528106-4528714" parentCodeId="urn:ssb:code:stabas:4528104-4528706">
      <CodeValue>092</CodeValue>
      <CodeTextGrp>
        <CodeText xml:lang="nb">Ungdomsskole og videregående skole</CodeText>
      </CodeTextGrp>
    </Code>
    <Code id="urn:ssb:code:stabas:4528106-4528720" parentCodeId="urn:ssb:code:stabas:4528104-4528706">
      <CodeValue>093</CodeValue>
      <CodeTextGrp>
        <CodeText xml:lang="nb">Påbygging til utdanning på videregående nivå</CodeText>
      </CodeTextGrp>
    </Code>
    <Code id="urn:ssb:code:stabas:4528106-4528724" parentCodeId="urn:ssb:code:stabas:4528104-4528706">
      <CodeValue>094</CodeValue>
      <CodeTextGrp>
        <CodeText xml:lang="nb">Universitets- og høgskoleutdanning</CodeText>
      </CodeTextGrp>
    </Code>
    <Code id="urn:ssb:code:stabas:4528106-4528730" parentCodeId="urn:ssb:code:stabas:4528104-4528706">
      <CodeValue>095</CodeValue>
      <CodeTextGrp>
        <CodeText xml:lang="nb">Utdanning, udefinert nivå</CodeText>
      </CodeTextGrp>
    </Code>
    <Code id="urn:ssb:code:stabas:4528106-4528734" parentCodeId="urn:ssb:code:stabas:4528104-4528706">
      <CodeValue>096</CodeValue>
      <CodeTextGrp>
        <CodeText xml:lang="nb">Støttetjenester tilknyttet utdanning</CodeText>
      </CodeTextGrp>
    </Code>
    <Code id="urn:ssb:code:stabas:4528106-4528738" parentCodeId="urn:ssb:code:stabas:4528104-4528706">
      <CodeValue>097</CodeValue>
      <CodeTextGrp>
        <CodeText xml:lang="nb">FoU utdanning</CodeText>
      </CodeTextGrp>
    </Code>
    <Code id="urn:ssb:code:stabas:4528106-4528742" parentCodeId="urn:ssb:code:stabas:4528104-4528706">
      <CodeValue>098</CodeValue>
      <CodeTextGrp>
        <CodeText xml:lang="nb">Utdanning ellers</CodeText>
      </CodeTextGrp>
    </Code>
    <Code id="urn:ssb:code:stabas:4528106-4528748" parentCodeId="urn:ssb:code:stabas:4528104-4528746">
      <CodeValue>101</CodeValue>
      <CodeTextGrp>
        <CodeText xml:lang="nb">Sykdom og uførhet</CodeText>
      </CodeTextGrp>
    </Code>
    <Code id="urn:ssb:code:stabas:4528106-4528754" parentCodeId="urn:ssb:code:stabas:4528104-4528746">
      <CodeValue>102</CodeValue>
      <CodeTextGrp>
        <CodeText xml:lang="nb">Alderdom</CodeText>
      </CodeTextGrp>
    </Code>
    <Code id="urn:ssb:code:stabas:4528106-4528758" parentCodeId="urn:ssb:code:stabas:4528104-4528746">
      <CodeValue>103</CodeValue>
      <CodeTextGrp>
        <CodeText xml:lang="nb">Etterlatte</CodeText>
      </CodeTextGrp>
    </Code>
    <Code id="urn:ssb:code:stabas:4528106-4528762" parentCodeId="urn:ssb:code:stabas:4528104-4528746">
      <CodeValue>104</CodeValue>
      <CodeTextGrp>
        <CodeText xml:lang="nb">Barn og familie</CodeText>
      </CodeTextGrp>
    </Code>
    <Code id="urn:ssb:code:stabas:4528106-4528766" parentCodeId="urn:ssb:code:stabas:4528104-4528746">
      <CodeValue>105</CodeValue>
      <CodeTextGrp>
        <CodeText xml:lang="nb">Arbeidsledighet</CodeText>
      </CodeTextGrp>
    </Code>
    <Code id="urn:ssb:code:stabas:4528106-4528770" parentCodeId="urn:ssb:code:stabas:4528104-4528746">
      <CodeValue>106</CodeValue>
      <CodeTextGrp>
        <CodeText xml:lang="nb">Bostøtte</CodeText>
      </CodeTextGrp>
    </Code>
    <Code id="urn:ssb:code:stabas:4528106-4528774" parentCodeId="urn:ssb:code:stabas:4528104-4528746">
      <CodeValue>107</CodeValue>
      <CodeTextGrp>
        <CodeText xml:lang="nb">Sosial inkludering ellers</CodeText>
      </CodeTextGrp>
    </Code>
    <Code id="urn:ssb:code:stabas:4528106-4528778" parentCodeId="urn:ssb:code:stabas:4528104-4528746">
      <CodeValue>108</CodeValue>
      <CodeTextGrp>
        <CodeText xml:lang="nb">FoU Sosial beskyttelse</CodeText>
      </CodeTextGrp>
    </Code>
    <Code id="urn:ssb:code:stabas:4528106-4528782" parentCodeId="urn:ssb:code:stabas:4528104-4528746">
      <CodeValue>109</CodeValue>
      <CodeTextGrp>
        <CodeText xml:lang="nb">Sosial beskyttelse ellers</CodeText>
      </CodeTextGrp>
    </Code>
  </Codes>
</Codelist>