<?xml version="1.0" encoding="utf-8"?>
<Codelist xmlns:xsi="http://www.w3.org/2001/XMLSchema-instance" xmlns:xsd="http://www.w3.org/2001/XMLSchema" id="urn:ssb:codelist:stabas:4528104" defaultValidFrom="1999-01-01" lastChangedDate="2011-02-23" isCurrent="true" relationId="urn:ssb:classversion:stabas:4528102" xmlns="http://www.ssb.no/ns/meta/codelist">
  <CodelistMeta>
    <TitleGrp>
      <Title xml:lang="nb">Standard for COFOG 1999: Kategori (2-siffer nivå)</Title>
    </TitleGrp>
    <DescriptionGrp>
      <Description xml:lang="nb">Klassifikasjon av offentlig forvaltnings utgifter etter hovedformålet med utgiften. Klassifikasjonen har tre detaljeringsnivå - kategori, gruppe og klasse.</Description>
    </DescriptionGrp>
    <ContactInformation>
      <Person xmlns="http://www.ssb.no/ns/meta/common">kur</Person>
      <Division xmlns="http://www.ssb.no/ns/meta/common">950</Division>
    </ContactInformation>
    <NoteGrp>
      <Note xml:lang="nb">Ikke relevant</Note>
    </NoteGrp>
  </CodelistMeta>
  <Codes>
    <Code id="urn:ssb:code:stabas:4528104-4528110">
      <CodeValue>01</CodeValue>
      <CodeTextGrp>
        <CodeText xml:lang="nb">Alminnelig offentlig tjenesteyting</CodeText>
      </CodeTextGrp>
    </Code>
    <Code id="urn:ssb:code:stabas:4528104-4528154">
      <CodeValue>02</CodeValue>
      <CodeTextGrp>
        <CodeText xml:lang="nb">Forsvar</CodeText>
      </CodeTextGrp>
    </Code>
    <Code id="urn:ssb:code:stabas:4528104-4528176">
      <CodeValue>03</CodeValue>
      <CodeTextGrp>
        <CodeText xml:lang="nb">Offentlig orden og trygghet</CodeText>
      </CodeTextGrp>
    </Code>
    <Code id="urn:ssb:code:stabas:4528104-4528302">
      <CodeValue>04</CodeValue>
      <CodeTextGrp>
        <CodeText xml:lang="nb">Næringsøkonomiske formål</CodeText>
      </CodeTextGrp>
    </Code>
    <Code id="urn:ssb:code:stabas:4528104-4528386">
      <CodeValue>05</CodeValue>
      <CodeTextGrp>
        <CodeText xml:lang="nb">Miljøvern</CodeText>
      </CodeTextGrp>
    </Code>
    <Code id="urn:ssb:code:stabas:4528104-4528512">
      <CodeValue>06</CodeValue>
      <CodeTextGrp>
        <CodeText xml:lang="nb">Bolig og nærmiljø</CodeText>
      </CodeTextGrp>
    </Code>
    <Code id="urn:ssb:code:stabas:4528104-4528538">
      <CodeValue>07</CodeValue>
      <CodeTextGrp>
        <CodeText xml:lang="nb">Helse</CodeText>
      </CodeTextGrp>
    </Code>
    <Code id="urn:ssb:code:stabas:4528104-4528580">
      <CodeValue>08</CodeValue>
      <CodeTextGrp>
        <CodeText xml:lang="nb">Fritid, kultur og religion</CodeText>
      </CodeTextGrp>
    </Code>
    <Code id="urn:ssb:code:stabas:4528104-4528706">
      <CodeValue>09</CodeValue>
      <CodeTextGrp>
        <CodeText xml:lang="nb">Utdanning</CodeText>
      </CodeTextGrp>
    </Code>
    <Code id="urn:ssb:code:stabas:4528104-4528746">
      <CodeValue>10</CodeValue>
      <CodeTextGrp>
        <CodeText xml:lang="nb">Sosial beskyttelse</CodeText>
      </CodeTextGrp>
    </Code>
  </Codes>
</Codelist>