<?xml version="1.0" encoding="utf-8"?>
<Codelist xmlns:xsi="http://www.w3.org/2001/XMLSchema-instance" xmlns:xsd="http://www.w3.org/2001/XMLSchema" id="urn:ssb:codelist:stabas:4536006" defaultValidFrom="2007-01-01" lastChangedDate="2012-11-02" isCurrent="true" relationId="urn:ssb:classversion:stabas:4536002" xmlns="http://www.ssb.no/ns/meta/codelist">
  <CodelistMeta>
    <TitleGrp>
      <Title xml:lang="nn">Inndeling av føretak etter storleiksgruppe 2007: Storleiksgrupper</Title>
      <Title xml:lang="nb">Inndeling av foretak etter størrelsesgruppe 2007: Størrelsesgrupper</Title>
      <Title xml:lang="en">Enterprises by size group 2007: Sizegroups</Title>
    </TitleGrp>
    <DescriptionGrp>
      <Description xml:lang="nn">Standarden viser inndelinga av føretak etter storleiksgrupper (tilsette). Gruppene kan aggregerast opp til EU sin offisielle inndeling.</Description>
      <Description xml:lang="nb">Standarden viser inndelingen av foretak etter størrelsesgrupper (ansatte). Gruppene kan aggregeres opp til EU's offisielle inndeling.</Description>
      <Description xml:lang="en">The standard classifies enterprises by employee groups. These groups can be aggregated to EU's official classification.</Description>
    </DescriptionGrp>
    <ContactInformation>
      <Person xmlns="http://www.ssb.no/ns/meta/common">bba</Person>
      <Division xmlns="http://www.ssb.no/ns/meta/common">410</Division>
    </ContactInformation>
    <NoteGrp>
      <Note xml:lang="nn">Ikkje relevant</Note>
      <Note xml:lang="nb">Ikke relevant</Note>
      <Note xml:lang="en">Not relevant</Note>
    </NoteGrp>
  </CodelistMeta>
  <Codes>
    <Code id="urn:ssb:code:stabas:4536006-4536008">
      <CodeValue>1</CodeValue>
      <CodeTextGrp>
        <CodeText xml:lang="nn">0 tilsette</CodeText>
        <CodeText xml:lang="nb">0 ansatte</CodeText>
        <CodeText xml:lang="en">0 employees</CodeText>
      </CodeTextGrp>
    </Code>
    <Code id="urn:ssb:code:stabas:4536006-4536010">
      <CodeValue>2</CodeValue>
      <CodeTextGrp>
        <CodeText xml:lang="nn">1-4 tilsette</CodeText>
        <CodeText xml:lang="nb">1-4 ansatte</CodeText>
        <CodeText xml:lang="en">1-4 employees</CodeText>
      </CodeTextGrp>
    </Code>
    <Code id="urn:ssb:code:stabas:4536006-4536012">
      <CodeValue>3</CodeValue>
      <CodeTextGrp>
        <CodeText xml:lang="nn">5-9 tilsette</CodeText>
        <CodeText xml:lang="nb">5-9 ansatte</CodeText>
        <CodeText xml:lang="en">5-9 employees</CodeText>
      </CodeTextGrp>
    </Code>
    <Code id="urn:ssb:code:stabas:4536006-4536014">
      <CodeValue>4</CodeValue>
      <CodeTextGrp>
        <CodeText xml:lang="nn">10-19 tilsette</CodeText>
        <CodeText xml:lang="nb">10-19 ansatte</CodeText>
        <CodeText xml:lang="en">10-19 employees</CodeText>
      </CodeTextGrp>
    </Code>
    <Code id="urn:ssb:code:stabas:4536006-4536016">
      <CodeValue>5</CodeValue>
      <CodeTextGrp>
        <CodeText xml:lang="nn">20-49 tilsette</CodeText>
        <CodeText xml:lang="nb">20-49 ansatte</CodeText>
        <CodeText xml:lang="en">20-49 employees</CodeText>
      </CodeTextGrp>
    </Code>
    <Code id="urn:ssb:code:stabas:4536006-4536018">
      <CodeValue>6</CodeValue>
      <CodeTextGrp>
        <CodeText xml:lang="nn">50-99 tilsette</CodeText>
        <CodeText xml:lang="nb">50-99 ansatte</CodeText>
        <CodeText xml:lang="en">50-99 employees</CodeText>
      </CodeTextGrp>
    </Code>
    <Code id="urn:ssb:code:stabas:4536006-4536020">
      <CodeValue>7</CodeValue>
      <CodeTextGrp>
        <CodeText xml:lang="nn">100-249 tilsette</CodeText>
        <CodeText xml:lang="nb">100-249 ansatte</CodeText>
        <CodeText xml:lang="en">100-249 employees</CodeText>
      </CodeTextGrp>
    </Code>
    <Code id="urn:ssb:code:stabas:4536006-4536022">
      <CodeValue>8</CodeValue>
      <CodeTextGrp>
        <CodeText xml:lang="nn">250+ tilsette</CodeText>
        <CodeText xml:lang="nb">250+ ansatte</CodeText>
        <CodeText xml:lang="en">250+ employees</CodeText>
      </CodeTextGrp>
    </Code>
  </Codes>
</Codelist>