<?xml version="1.0" encoding="utf-8"?>
<Codelist xmlns:xsi="http://www.w3.org/2001/XMLSchema-instance" xmlns:xsd="http://www.w3.org/2001/XMLSchema" id="urn:ssb:codelist:stabas:4538106" defaultValidFrom="2002-01-01" lastChangedDate="2006-11-22" isCurrent="true" relationId="urn:ssb:classversion:stabas:4538102" xmlns="http://www.ssb.no/ns/meta/codelist">
  <CodelistMeta>
    <TitleGrp>
      <Title xml:lang="nn">Drikkevarer som inneheld alkohol 2002: Drikkevarer som inneheld alkohol</Title>
      <Title xml:lang="nb">Alkoholholdige drikkevarer 2002: Alkoholholdige drikkevarer</Title>
      <Title xml:lang="en">Beverages containing alcohol 2002: Beverages containing alcohol</Title>
    </TitleGrp>
    <DescriptionGrp>
      <Description xml:lang="nn">Klassifiseringa er gjort etter ulike avgiftsgrupper innanfor same avgiftstype. Avgiftstype for øl og avgiftstype for vin og brennevin.</Description>
      <Description xml:lang="nb">Klassifiseringen er gjort etter ulike avgiftsgrupper innenfor samme avgiftstype. Avgiftstype for øl og avgiftstype for vin og brennevin.</Description>
      <Description xml:lang="en">The classification is done according to different tax groups within the same tax type. Tax type is either beer or wine and spirits.</Description>
    </DescriptionGrp>
    <ContactInformation>
      <Person xmlns="http://www.ssb.no/ns/meta/common">snl</Person>
      <Division xmlns="http://www.ssb.no/ns/meta/common">460</Division>
    </ContactInformation>
    <NoteGrp>
      <Note xml:lang="nn">Ikkje relevant</Note>
      <Note xml:lang="nb">Ikke relevant</Note>
      <Note xml:lang="en">Not relevant</Note>
    </NoteGrp>
  </CodelistMeta>
  <Codes>
    <Code id="urn:ssb:code:stabas:4538106-4538108">
      <CodeValue>1.</CodeValue>
      <CodeTextGrp>
        <CodeText xml:lang="nn">Brennevin</CodeText>
        <CodeText xml:lang="nb">Brennevin</CodeText>
        <CodeText xml:lang="en">Spirits</CodeText>
      </CodeTextGrp>
      <DescriptionGrp>
        <Description xml:lang="nn">Over 22 volumprosent</Description>
        <Description xml:lang="nb">Over 22 volumprosent</Description>
        <Description xml:lang="en">More than 22 volume per cent</Description>
      </DescriptionGrp>
    </Code>
    <Code id="urn:ssb:code:stabas:4538106-4538110">
      <CodeValue>2.</CodeValue>
      <CodeTextGrp>
        <CodeText xml:lang="nn">Vin</CodeText>
        <CodeText xml:lang="nb">Vin</CodeText>
        <CodeText xml:lang="en">Wine</CodeText>
      </CodeTextGrp>
      <DescriptionGrp>
        <Description xml:lang="nn">Mellom 4,75 og 22 volumprosent</Description>
        <Description xml:lang="nb">Mellom 4,75 og 22 volumprosent</Description>
        <Description xml:lang="en">Between 4.75 and 22 volume per cent</Description>
      </DescriptionGrp>
    </Code>
    <Code id="urn:ssb:code:stabas:4538106-4538112">
      <CodeValue>3.</CodeValue>
      <CodeTextGrp>
        <CodeText xml:lang="nn">Fruktdrikk som inneheld alkohol</CodeText>
        <CodeText xml:lang="nb">Alkoholholdig fruktdrikk</CodeText>
        <CodeText xml:lang="en">Alco pops</CodeText>
      </CodeTextGrp>
      <DescriptionGrp>
        <Description xml:lang="nn">Mellom 0,7 og 4,75 volumprosent</Description>
        <Description xml:lang="nb">Mellom 0,7 og 4,75 volumprosent</Description>
        <Description xml:lang="en">Between 0.7 and 4.75 volume per cent</Description>
      </DescriptionGrp>
    </Code>
    <Code id="urn:ssb:code:stabas:4538106-4538114">
      <CodeValue>4.</CodeValue>
      <CodeTextGrp>
        <CodeText xml:lang="nn">Øl</CodeText>
        <CodeText xml:lang="nb">Øl</CodeText>
        <CodeText xml:lang="en">Beer</CodeText>
      </CodeTextGrp>
      <DescriptionGrp>
        <Description xml:lang="nn">Mellom 0,7 og 15 volumprosent</Description>
        <Description xml:lang="nb">Mellom 0,7 og 15 volumprosent</Description>
        <Description xml:lang="en">Between 0.7 and 15 volume per cent</Description>
      </DescriptionGrp>
    </Code>
  </Codes>
</Codelist>