<?xml version="1.0" encoding="utf-8"?>
<Codelist xmlns:xsi="http://www.w3.org/2001/XMLSchema-instance" xmlns:xsd="http://www.w3.org/2001/XMLSchema" id="urn:ssb:codelist:stabas:4538121" defaultValidFrom="2006-01-01" lastChangedDate="2008-01-18" isCurrent="true" relationId="urn:ssb:classversion:stabas:4538117" xmlns="http://www.ssb.no/ns/meta/codelist">
  <CodelistMeta>
    <TitleGrp>
      <Title xml:lang="nn">Varegupper - Bensinstasjonar 2006: Varegruppe</Title>
      <Title xml:lang="nb">Varegrupper - Bensinstasjoner 2006: Varegruppe</Title>
      <Title xml:lang="en">Product groups - Petrol stations 2006: Product group</Title>
    </TitleGrp>
    <DescriptionGrp>
      <Description xml:lang="nn">Formålet er å talfeste bensinstasjonanes omsetning av ulike varer og tenester. Inndelinga i varegrupper er gjort i samråd med bransjen.</Description>
      <Description xml:lang="nb">Formålet er å tallfeste bensinstasjonenes omsetning av ulike varer og tjenester. Inndelingen i varegrupper er foretatt i samråd med bransjen.</Description>
      <Description xml:lang="en">The purpose of the statistics is to quantify the turnover of the petrol stations by various goods and services. The classification is done after consultation by the industry.</Description>
    </DescriptionGrp>
    <ContactInformation>
      <Person xmlns="http://www.ssb.no/ns/meta/common">snl</Person>
      <Division xmlns="http://www.ssb.no/ns/meta/common">460</Division>
    </ContactInformation>
    <NoteGrp>
      <Note xml:lang="nn">Ikkje relevant</Note>
      <Note xml:lang="nb">Ikke relevant</Note>
      <Note xml:lang="en">Not relevant</Note>
    </NoteGrp>
  </CodelistMeta>
  <Codes>
    <Code id="urn:ssb:code:stabas:4538121-4538123">
      <CodeValue>1.</CodeValue>
      <CodeTextGrp>
        <CodeText xml:lang="nn">Drivstoff og smøremiddel</CodeText>
        <CodeText xml:lang="nb">Drivstoff og smøremidler</CodeText>
        <CodeText xml:lang="en">Engine fuel and lubricants</CodeText>
      </CodeTextGrp>
      <DescriptionGrp>
        <Description xml:lang="nn">Omfattar bensin, diesel, olje og smøreoljer</Description>
        <Description xml:lang="nb">Omfatter bensin, diesel, olje og smøreoljer</Description>
        <Description xml:lang="en">Covers petrol, diesel and lubricating oil</Description>
      </DescriptionGrp>
    </Code>
    <Code id="urn:ssb:code:stabas:4538121-4538125">
      <CodeValue>2.</CodeValue>
      <CodeTextGrp>
        <CodeText xml:lang="nn">Bilrekvisita</CodeText>
        <CodeText xml:lang="nb">Bilrekvisita</CodeText>
        <CodeText xml:lang="en">Car equipment</CodeText>
      </CodeTextGrp>
      <DescriptionGrp>
        <Description xml:lang="nn">Omfattar dekk, bilbatteri, verkstaddelar og spylevæske</Description>
        <Description xml:lang="nb">Omfatter dekk, bilbatterier, verksteddeler og spylevæske</Description>
        <Description xml:lang="en">Covers car tyre, car batteries, workshop components and flushing mediums</Description>
      </DescriptionGrp>
    </Code>
    <Code id="urn:ssb:code:stabas:4538121-4538127">
      <CodeValue>3.</CodeValue>
      <CodeTextGrp>
        <CodeText xml:lang="nn">Daglegvarer</CodeText>
        <CodeText xml:lang="nb">Dagligvarer</CodeText>
        <CodeText xml:lang="en">Everyday commodities</CodeText>
      </CodeTextGrp>
      <DescriptionGrp>
        <Description xml:lang="nn">Omfattar mineralvatn, tobakk, snacks, kioskvarer, iskrem, non-food, kjøle-/frysevarer, lesestoff og pant</Description>
        <Description xml:lang="nb">Omfatter mineralvann, tobakk, snacks, kioskvarer, iskrem, non-food, kjøle-/frysevarer, lesestoff og pant</Description>
        <Description xml:lang="en">Covers mineral water, tobacco, snacks, convenience store goods, ice-cream, non-food, refrigerating and congelation goods, reading material and deposits</Description>
      </DescriptionGrp>
    </Code>
    <Code id="urn:ssb:code:stabas:4538121-4538129">
      <CodeValue>4.</CodeValue>
      <CodeTextGrp>
        <CodeText xml:lang="nn">Andre varer</CodeText>
        <CodeText xml:lang="nb">Andre varer</CodeText>
        <CodeText xml:lang="en">Other goods</CodeText>
      </CodeTextGrp>
      <DescriptionGrp>
        <Description xml:lang="nn">Omfattar fritids-/sesongvarer, musikk, sal av video, telekommunikasjonsprodukt, telekort, propan, gass og parafin</Description>
        <Description xml:lang="nb">Omfatter fritids-/sesongvarer, musikk, videosalg, telekommunikasjonsprodukter, telekort, propan, gass og parafin
</Description>
        <Description xml:lang="en">ØCovers leisure and seasonally goods, music, video sales, products of telecommunication, telephone cards, propane, gas and paraffin
</Description>
      </DescriptionGrp>
    </Code>
    <Code id="urn:ssb:code:stabas:4538121-4538131">
      <CodeValue>5.</CodeValue>
      <CodeTextGrp>
        <CodeText xml:lang="nn">Matservering</CodeText>
        <CodeText xml:lang="nb">Matservering</CodeText>
        <CodeText xml:lang="en">Food service</CodeText>
      </CodeTextGrp>
      <DescriptionGrp>
        <Description xml:lang="nn">Omfattar nysmurt mat, catering, pølser, bake off og anna hurtigmat</Description>
        <Description xml:lang="nb">Omfatter nysmurt mat, catering, pølser, bake off og annen hurtigmat</Description>
        <Description xml:lang="en">Covers sandwiches, catering, hot dogs, bake off products and other fast food</Description>
      </DescriptionGrp>
    </Code>
    <Code id="urn:ssb:code:stabas:4538121-4538133">
      <CodeValue>6.</CodeValue>
      <CodeTextGrp>
        <CodeText xml:lang="nn">Verkstadtenester og bilvask</CodeText>
        <CodeText xml:lang="nb">Verkstedtjenester og bilvask</CodeText>
        <CodeText xml:lang="en">Workshop service and car wash</CodeText>
      </CodeTextGrp>
      <DescriptionGrp>
        <Description xml:lang="nn">Omfattar arbeid og service, maskinvask og anna vask</Description>
        <Description xml:lang="nb">Omfatter arbeid og service, maskinvask og annen vask</Description>
        <Description xml:lang="en">Covers work and services, machine wash and other wash</Description>
      </DescriptionGrp>
    </Code>
    <Code id="urn:ssb:code:stabas:4538121-4538135">
      <CodeValue>7.</CodeValue>
      <CodeTextGrp>
        <CodeText xml:lang="nn">Utleige</CodeText>
        <CodeText xml:lang="nb">Utleie</CodeText>
        <CodeText xml:lang="en">Renting</CodeText>
      </CodeTextGrp>
      <DescriptionGrp>
        <Description xml:lang="nn">Omfattar videoutleige, bilutleige, hengarutleige og anna utleige</Description>
        <Description xml:lang="nb">Omfatter videoutleie, bilutleie, hengerutleie og annen utleie</Description>
        <Description xml:lang="en">Covers video hire, car rental, hire of towed vehicles and other renting</Description>
      </DescriptionGrp>
    </Code>
    <Code id="urn:ssb:code:stabas:4538121-4538137">
      <CodeValue>8.</CodeValue>
      <CodeTextGrp>
        <CodeText xml:lang="nn">Spel/kommisjon</CodeText>
        <CodeText xml:lang="nb">Spill/kommisjon</CodeText>
        <CodeText xml:lang="en">Games/commission</CodeText>
      </CodeTextGrp>
      <DescriptionGrp>
        <Description xml:lang="nn">Omfattar også post i butikk</Description>
        <Description xml:lang="nb">Omfatter også post i butikk</Description>
        <Description xml:lang="en">Covers also mail services</Description>
      </DescriptionGrp>
    </Code>
  </Codes>
</Codelist>