<?xml version="1.0" encoding="utf-8"?>
<Codelist xmlns:xsi="http://www.w3.org/2001/XMLSchema-instance" xmlns:xsd="http://www.w3.org/2001/XMLSchema" id="urn:ssb:codelist:stabas:4548033" defaultValidFrom="2006-01-01" lastChangedDate="2006-12-20" parentCodelistId="urn:ssb:codelist:stabas:4548031" isCurrent="true" relationId="urn:ssb:classversion:stabas:4548027" xmlns="http://www.ssb.no/ns/meta/codelist">
  <CodelistMeta>
    <TitleGrp>
      <Title xml:lang="nn">Klassifisering av dyrka og dyrkbar jord tillate omdisponert til andre formål enn jordbruk, etter hovudformål  2006: Nivå 2</Title>
      <Title xml:lang="nb">Klassifisering av dyrka og dyrkbar jord tillatt omdisponert til andre formål enn jordbruk, etter hovedformål  2006: Nivå 2</Title>
      <Title xml:lang="en">Classification of agricultural land and cultivable land approved transferred to non-agricultural uses, by main purpose  2006: Level 2</Title>
    </TitleGrp>
    <DescriptionGrp>
      <Description xml:lang="nn">Standarden klassifiserer dyrka og dyrkbar jord tillate omdisponert til andre formål enn jordbruk etter jordlova og etter plan- og bygningslova, etter hovudformålet med omdisponeringa. Dyrka jord er synonymt med jordbruksareal, og dyrka og dyrkbar jord blir definert i samsvar med jordbruksareal og dyrkingsjord i Økonomisk kartverk. Inndelinga etter hovudformål følgjer i hovudsak inndelinga gitt i § 25 i plan- og bygningslova.</Description>
      <Description xml:lang="nb">Standarden klassifiserer dyrka og dyrkbar jord tillatt omdisponert til andre formål enn jordbruk etter jordloven og etter plan- og bygningsloven, etter hovedformålet med omdisponeringa. Dyrka jord er synonymt med jordbruksareal, og dyrka og dyrkbar jord defineres i henhold til jordbruksareal og dyrkningsjord i Økonomisk kartverk. Inndelingen etter hovedformål følger i hovedsak inndelingen gitt i § 25 i plan- og bygningsloven.</Description>
      <Description xml:lang="en">The standard classifies agricultural land and cultivable land approved transferred to non-agricultural uses pursuant to the Agricultural Land's Act and the Plan and Building Act, by main purpose of the transfer. Agricultural land and cultivable land are defined according to the land classification system in the Norwegian general map series.The division by main purpose mainly follows the division stated in § 25 in the Plan and Building Act.</Description>
    </DescriptionGrp>
    <ContactInformation>
      <Person xmlns="http://www.ssb.no/ns/meta/common">oro</Person>
      <Division xmlns="http://www.ssb.no/ns/meta/common">430</Division>
    </ContactInformation>
    <NoteGrp>
      <Note xml:lang="nn">Før 2005 blei det nytta ei noko anna inndeling for jord omdisponert etter jordlova, medan jord omdisponert etter plan- og bygningslova ikkje blei klassifisert etter hovudformål.</Note>
      <Note xml:lang="nb">Før 2005 ble det benyttet en noe annen inndeling for jord omdisponert etter jordloven, mens jord omdisponert etter plan- og bygningsloven ikke ble klassifisert etter formål.</Note>
      <Note xml:lang="en">Before 2005, a slightly different classification was applied for land transferred pursuant to the Agricultural Land's Act, while land transferred pursuant to the Plan and Building Act was not at all classified by purpose.</Note>
    </NoteGrp>
  </CodelistMeta>
  <Codes>
    <Code id="urn:ssb:code:stabas:4548033-4548037" parentCodeId="urn:ssb:code:stabas:4548031-4548035">
      <CodeValue>1.1.</CodeValue>
      <CodeTextGrp>
        <CodeText xml:lang="nn">Område for bustader</CodeText>
        <CodeText xml:lang="nb">Område for boliger</CodeText>
        <CodeText xml:lang="en">Residential area</CodeText>
      </CodeTextGrp>
    </Code>
    <Code id="urn:ssb:code:stabas:4548033-4548039" parentCodeId="urn:ssb:code:stabas:4548031-4548035">
      <CodeValue>1.2.</CodeValue>
      <CodeTextGrp>
        <CodeText xml:lang="nn">Område for fritidshus</CodeText>
        <CodeText xml:lang="nb">Fritidsbebyggelse</CodeText>
        <CodeText xml:lang="en">Holiday homes</CodeText>
      </CodeTextGrp>
    </Code>
    <Code id="urn:ssb:code:stabas:4548033-4548041" parentCodeId="urn:ssb:code:stabas:4548031-4548035">
      <CodeValue>1.3.</CodeValue>
      <CodeTextGrp>
        <CodeText xml:lang="nn">Forretningar, kontor, industri</CodeText>
        <CodeText xml:lang="nb">Forretninger, kontorer, industri</CodeText>
        <CodeText xml:lang="en">Commercial buildings, office buildings, other industries</CodeText>
      </CodeTextGrp>
    </Code>
    <Code id="urn:ssb:code:stabas:4548033-4548043" parentCodeId="urn:ssb:code:stabas:4548031-4548035">
      <CodeValue>1.4.</CodeValue>
      <CodeTextGrp>
        <CodeText xml:lang="nn">Område for offentlege formål og andre allmennyttige formål</CodeText>
        <CodeText xml:lang="nb">Område for offentlige formål og andre allmennyttige formål</CodeText>
        <CodeText xml:lang="en">Public institutions, other purposes of public utility</CodeText>
      </CodeTextGrp>
    </Code>
    <Code id="urn:ssb:code:stabas:4548033-4548045" parentCodeId="urn:ssb:code:stabas:4548031-4548035">
      <CodeValue>1.5.</CodeValue>
      <CodeTextGrp>
        <CodeText xml:lang="nn">Anna byggjeområde</CodeText>
        <CodeText xml:lang="nb">Annet byggeområde</CodeText>
        <CodeText xml:lang="en">Other building area</CodeText>
      </CodeTextGrp>
    </Code>
    <Code id="urn:ssb:code:stabas:4548033-4548049" parentCodeId="urn:ssb:code:stabas:4548031-4548047">
      <CodeValue>2.1.</CodeValue>
      <CodeTextGrp>
        <CodeText xml:lang="nn">Skogplanting</CodeText>
        <CodeText xml:lang="nb">Skogplanting</CodeText>
        <CodeText xml:lang="en">Area for afforestation</CodeText>
      </CodeTextGrp>
    </Code>
    <Code id="urn:ssb:code:stabas:4548033-4548051" parentCodeId="urn:ssb:code:stabas:4548031-4548047">
      <CodeValue>2.2.</CodeValue>
      <CodeTextGrp>
        <CodeText xml:lang="nn">Anna landbruksområde</CodeText>
        <CodeText xml:lang="nb">Annet landbruksområde</CodeText>
        <CodeText xml:lang="en">Other agricultural and forestry area</CodeText>
      </CodeTextGrp>
    </Code>
    <Code id="urn:ssb:code:stabas:4548033-4548061" parentCodeId="urn:ssb:code:stabas:4548031-4548059">
      <CodeValue>6.1.</CodeValue>
      <CodeTextGrp>
        <CodeText xml:lang="nn">Område for golfbane</CodeText>
        <CodeText xml:lang="nb">Område for golfbane</CodeText>
        <CodeText xml:lang="en">Golf links</CodeText>
      </CodeTextGrp>
    </Code>
    <Code id="urn:ssb:code:stabas:4548033-4548063" parentCodeId="urn:ssb:code:stabas:4548031-4548059">
      <CodeValue>6.2.</CodeValue>
      <CodeTextGrp>
        <CodeText xml:lang="nn">Anna spesialområde</CodeText>
        <CodeText xml:lang="nb">Annet spesialområde</CodeText>
        <CodeText xml:lang="en">Other specialized areas</CodeText>
      </CodeTextGrp>
    </Code>
  </Codes>
</Codelist>