<?xml version="1.0" encoding="utf-8"?>
<Codelist xmlns:xsi="http://www.w3.org/2001/XMLSchema-instance" xmlns:xsd="http://www.w3.org/2001/XMLSchema" id="urn:ssb:codelist:stabas:461555" lastChangedDate="2006-11-16" isCurrent="false" relationId="urn:ssb:classversion:stabas:461552" xmlns="http://www.ssb.no/ns/meta/codelist">
  <CodelistMeta>
    <TitleGrp>
      <Title xml:lang="nn">Kodetype : Kodetype </Title>
      <Title xml:lang="nb">Kodetype: Kodetype</Title>
    </TitleGrp>
    <DescriptionGrp>
      <Description xml:lang="nn">Kodetype beskriv om NUS-koden er ein kode for enkeltutdanning eller er ein samlekode. For å forenkle vedlikehaldsrutinane har vi i NUS2000 valt å lage såkalla samlekodar for fag som består av fleire utdanningsaktivitetar med forskjellig tidslengd. Samlekodar blir koda 1, og enkeltutdanningar blir koda 2.

Samlekode: Kan bestå av fleire utdanningsaktivitetar på forskjellige klassetrinn og med forskjellig tidslengd. På universitets- og høgskolenivået gjeld det kortare utdanningsaktivitetar som ikkje gir noko vitnemål/ kvalifikasjon i seg sjølv. Grunnfag, mellomfag, semesteremne og storfag er eksempel på slike utdanningsaktivitetar.

Enkeltutdanning: Utdanningsaktivitetar som har felles fagkrins/fagleg innhald, klassetrinn og tidslengd. På universitets- og høgskolenivået gjeld det alle utdanningar som gir vitnemål/kvalifikasjon. Eksempel her er treårig høgskoleingeniørutdanning, treårig radiografutdanning og cand.mag.-utdanning.
</Description>
      <Description xml:lang="nb">Kodetype beskriver hvorvidt NUS-koden er en kode for enkeltutdanning eller en samlekode. Som et ledd i ønsket om å forenkle vedlikeholdsrutinene, har vi i NUS2000 valgt å lage såkalte samlekoder for fag som består av flere utdanningsaktiviteter med ulik varighet. Samlekoder kodes 1, og enkeltutdanninger kodes 2.

Samlekode: Kan bestå av flere utdanningsaktiviteter på ulike klassetrinn og med ulik varighet. På universitets- og høgskolenivået: kortere utdanningsaktiviteter som ikke gir noe vitnemål/kvalifikasjon i seg selv. Grunnfag, mellomfag, semesteremner og storfag er eksempler på slike utdanningsaktiviteter.

Enkeltutdanning: Utdanningsaktiviteter med likhet i fagkrets/faglig innhold, klassetrinn og varighet. På universitets- og høgskolenivået: alle utdanninger som gir vitnemål/kvalifikasjon. Eksempler her er treårig høgskoleingeniørutdanning, treårig radiografutdanning, cand.mag.-utdanning.
</Description>
    </DescriptionGrp>
    <ContactInformation>
      <Person xmlns="http://www.ssb.no/ns/meta/common">gki</Person>
      <Division xmlns="http://www.ssb.no/ns/meta/common">320</Division>
    </ContactInformation>
    <NoteGrp>
      <Note xml:lang="nn">Ikkje relevant</Note>
      <Note xml:lang="nb">Ikke relevant</Note>
    </NoteGrp>
  </CodelistMeta>
  <Codes>
    <Code id="urn:ssb:code:stabas:461555-461558">
      <CodeValue>1</CodeValue>
      <CodeTextGrp>
        <CodeText xml:lang="nn">Samlekode </CodeText>
        <CodeText xml:lang="nb">Samlekode</CodeText>
      </CodeTextGrp>
      <NoteGrp>
        <Note xml:lang="nb">Kan bestå av flere utdanningsaktiviteter på ulike klassetrinn og med ulik varighet. På universitets- og høgskolenivået: kortere utdanningsaktiviteter som ikke gir noe vitnemål/kvalifikasjon i seg selv. Grunnfag, mellomfag, semesteremner og storfag er eksempler på slike utdanningsaktiviteter.</Note>
      </NoteGrp>
    </Code>
    <Code id="urn:ssb:code:stabas:461555-463934">
      <CodeValue>2</CodeValue>
      <CodeTextGrp>
        <CodeText xml:lang="nn">Enkeltutdanning </CodeText>
        <CodeText xml:lang="nb">Enkeltutdanning</CodeText>
      </CodeTextGrp>
      <NoteGrp>
        <Note xml:lang="nb">Utdanningsaktiviteter med likhet i fagkrets/faglig innhold, klassetrinn og varighet. På universitets- og høgskolenivået: alle utdanninger som gir vitnemål/kvalifikasjon. Eksempler her er treårig høgskoleingeniørutdanning, treårig radiografutdanning, cand.mag.-utdanning.</Note>
      </NoteGrp>
    </Code>
  </Codes>
</Codelist>