<?xml version="1.0" encoding="utf-8"?>
<Codelist xmlns:xsi="http://www.w3.org/2001/XMLSchema-instance" xmlns:xsd="http://www.w3.org/2001/XMLSchema" id="urn:ssb:codelist:stabas:4636761" defaultValidFrom="2005-01-01" defaultValidTo="2005-12-31" lastChangedDate="2007-11-13" parentCodelistId="urn:ssb:codelist:stabas:4829629" isCurrent="true" relationId="urn:ssb:classversion:stabas:4636757" xmlns="http://www.ssb.no/ns/meta/codelist">
  <CodelistMeta>
    <TitleGrp>
      <Title xml:lang="nn">Verdensregion 2005: Verdensregion</Title>
      <Title xml:lang="nb">Verdensregion 2005 : Verdensregion</Title>
      <Title xml:lang="en">World region 2005: World region?</Title>
    </TitleGrp>
    <DescriptionGrp />
    <ContactInformation>
      <Person xmlns="http://www.ssb.no/ns/meta/common">kva</Person>
      <Division xmlns="http://www.ssb.no/ns/meta/common">320</Division>
    </ContactInformation>
    <NoteGrp>
      <Note xml:lang="nn">Ikkje relevant</Note>
      <Note xml:lang="nb">Ikke relevant</Note>
      <Note xml:lang="en">Not relevant</Note>
    </NoteGrp>
  </CodelistMeta>
  <Codes>
    <Code id="urn:ssb:code:stabas:4636761-4636764" parentCodeId="urn:ssb:code:stabas:4829629-4829631">
      <CodeValue>0</CodeValue>
      <CodeTextGrp>
        <CodeText xml:lang="nn">Noreg</CodeText>
        <CodeText xml:lang="nb">Norge</CodeText>
        <CodeText xml:lang="en">Norway</CodeText>
      </CodeTextGrp>
    </Code>
    <Code id="urn:ssb:code:stabas:4636761-4636767" parentCodeId="urn:ssb:code:stabas:4829629-4829633">
      <CodeValue>1</CodeValue>
      <CodeTextGrp>
        <CodeText xml:lang="nn">Norden</CodeText>
        <CodeText xml:lang="nb">Norden</CodeText>
        <CodeText xml:lang="en">The Nordic Countries</CodeText>
      </CodeTextGrp>
    </Code>
    <Code id="urn:ssb:code:stabas:4636761-4636775" parentCodeId="urn:ssb:code:stabas:4829629-4829633">
      <CodeValue>2</CodeValue>
      <CodeTextGrp>
        <CodeText xml:lang="nn">Vest-Europa elles, unnateke Tyrkia</CodeText>
        <CodeText xml:lang="nb">Vest-Europa ellers, unntatt Tyrkia</CodeText>
        <CodeText xml:lang="en">The rest of Western Europe, except Turkey</CodeText>
      </CodeTextGrp>
    </Code>
    <Code id="urn:ssb:code:stabas:4636761-4636802" parentCodeId="urn:ssb:code:stabas:4829629-4829633">
      <CodeValue>3</CodeValue>
      <CodeTextGrp>
        <CodeText xml:lang="nn">Øst-Europa</CodeText>
        <CodeText xml:lang="nb">Øst-Europa</CodeText>
        <CodeText xml:lang="en">Eastern Europe</CodeText>
      </CodeTextGrp>
    </Code>
    <Code id="urn:ssb:code:stabas:4636761-4636826" parentCodeId="urn:ssb:code:stabas:4829629-4829633">
      <CodeValue>4</CodeValue>
      <CodeTextGrp>
        <CodeText xml:lang="nn">Nord-Amerika, Oseania</CodeText>
        <CodeText xml:lang="nb">Nord-Amerika, Oseania</CodeText>
        <CodeText xml:lang="en">North America, Oceania</CodeText>
      </CodeTextGrp>
    </Code>
    <Code id="urn:ssb:code:stabas:4636761-4636863" parentCodeId="urn:ssb:code:stabas:4829629-4829633">
      <CodeValue>5</CodeValue>
      <CodeTextGrp>
        <CodeText xml:lang="nn">Asia, Afrika, Sør- og Mellom-Amerika, Tyrkia</CodeText>
        <CodeText xml:lang="nb">Asia, Afrika, Sør- og Mellom-Amerika, Tyrkia</CodeText>
        <CodeText xml:lang="en">Asia, Africa, South and Central America, Turkey</CodeText>
      </CodeTextGrp>
    </Code>
    <Code id="urn:ssb:code:stabas:4636761-4637051" parentCodeId="urn:ssb:code:stabas:4829629-4829633">
      <CodeValue>8</CodeValue>
      <CodeTextGrp>
        <CodeText xml:lang="nn">Statslaus</CodeText>
        <CodeText xml:lang="nb">Statsløs</CodeText>
        <CodeText xml:lang="en">Stateless</CodeText>
      </CodeTextGrp>
    </Code>
    <Code id="urn:ssb:code:stabas:4636761-4637053" parentCodeId="urn:ssb:code:stabas:4829629-4829633">
      <CodeValue>9</CodeValue>
      <CodeTextGrp>
        <CodeText xml:lang="nn">Ikkje oppgjeve</CodeText>
        <CodeText xml:lang="nb">Uoppgitt</CodeText>
        <CodeText xml:lang="en">Unknown </CodeText>
      </CodeTextGrp>
    </Code>
  </Codes>
</Codelist>