<?xml version="1.0" encoding="utf-8"?>
<Codelist xmlns:xsi="http://www.w3.org/2001/XMLSchema-instance" xmlns:xsd="http://www.w3.org/2001/XMLSchema" id="urn:ssb:codelist:stabas:4637594" defaultValidFrom="2005-01-01" defaultValidTo="2005-12-31" lastChangedDate="2007-11-13" parentCodelistId="urn:ssb:codelist:stabas:4829715" isCurrent="true" relationId="urn:ssb:classversion:stabas:4637590" xmlns="http://www.ssb.no/ns/meta/codelist">
  <CodelistMeta>
    <TitleGrp>
      <Title xml:lang="nn">Vestlege/ikke vestlege 2005: Verdensregion</Title>
      <Title xml:lang="nb">Vestlige/ikke vestlige 2005: Verdensregion</Title>
      <Title xml:lang="en">Western/non-Western countries 2005: World region</Title>
    </TitleGrp>
    <DescriptionGrp />
    <ContactInformation>
      <Person xmlns="http://www.ssb.no/ns/meta/common">kva</Person>
      <Division xmlns="http://www.ssb.no/ns/meta/common">320</Division>
    </ContactInformation>
    <NoteGrp>
      <Note xml:lang="nn">Ikkje relevant</Note>
      <Note xml:lang="nb">Ikke relevant</Note>
      <Note xml:lang="en">Not relevant</Note>
    </NoteGrp>
  </CodelistMeta>
  <Codes>
    <Code id="urn:ssb:code:stabas:4637594-4637597" parentCodeId="urn:ssb:code:stabas:4829715-4829721">
      <CodeValue>0</CodeValue>
      <CodeTextGrp>
        <CodeText xml:lang="nn">Noreg</CodeText>
        <CodeText xml:lang="nb">Norge</CodeText>
        <CodeText xml:lang="en">Norway</CodeText>
      </CodeTextGrp>
    </Code>
    <Code id="urn:ssb:code:stabas:4637594-4829729" parentCodeId="urn:ssb:code:stabas:4829715-4829723">
      <CodeValue>1</CodeValue>
      <CodeTextGrp>
        <CodeText xml:lang="nn">Norden </CodeText>
        <CodeText xml:lang="nb">Norden</CodeText>
        <CodeText xml:lang="en">The North</CodeText>
      </CodeTextGrp>
    </Code>
    <Code id="urn:ssb:code:stabas:4637594-4830601" parentCodeId="urn:ssb:code:stabas:4829715-4829723">
      <CodeValue>2</CodeValue>
      <CodeTextGrp>
        <CodeText xml:lang="nn">Vest-Europa, unntatt Tyrkia </CodeText>
        <CodeText xml:lang="nb">Vest-Europa, unntatt Tyrkia</CodeText>
        <CodeText xml:lang="en">Western Europa, except Tyrkey</CodeText>
      </CodeTextGrp>
    </Code>
    <Code id="urn:ssb:code:stabas:4637594-4830609" parentCodeId="urn:ssb:code:stabas:4829715-4830607">
      <CodeValue>3</CodeValue>
      <CodeTextGrp>
        <CodeText xml:lang="nn">Øst-Europa </CodeText>
        <CodeText xml:lang="nb">Øst-Europa</CodeText>
        <CodeText xml:lang="en">Eastern Europa</CodeText>
      </CodeTextGrp>
    </Code>
    <Code id="urn:ssb:code:stabas:4637594-4830603" parentCodeId="urn:ssb:code:stabas:4829715-4829723">
      <CodeValue>4</CodeValue>
      <CodeTextGrp>
        <CodeText xml:lang="nn">Nord-Amerika, Oseania </CodeText>
        <CodeText xml:lang="nb">Nord-Amerika, Oseania</CodeText>
        <CodeText xml:lang="en">Noth Amerika, Oceania</CodeText>
      </CodeTextGrp>
    </Code>
    <Code id="urn:ssb:code:stabas:4637594-4830611" parentCodeId="urn:ssb:code:stabas:4829715-4830607">
      <CodeValue>5</CodeValue>
      <CodeTextGrp>
        <CodeText xml:lang="nn">Asia, Afrika, Sør- og Mellom-Amerika, Tyrkia </CodeText>
        <CodeText xml:lang="nb">Asia, Afrika, Sør- og Mellom-Amerika, Tyrkia</CodeText>
        <CodeText xml:lang="en">Asia, Africa, South and Central America, Turkey</CodeText>
      </CodeTextGrp>
    </Code>
    <Code id="urn:ssb:code:stabas:4637594-4637878" parentCodeId="urn:ssb:code:stabas:4829715-4830613">
      <CodeValue>8</CodeValue>
      <CodeTextGrp>
        <CodeText xml:lang="nn">Statslaus</CodeText>
        <CodeText xml:lang="nb">Statsløs</CodeText>
        <CodeText xml:lang="en">Statesless</CodeText>
      </CodeTextGrp>
    </Code>
    <Code id="urn:ssb:code:stabas:4637594-4637880" parentCodeId="urn:ssb:code:stabas:4829715-4830615">
      <CodeValue>9</CodeValue>
      <CodeTextGrp>
        <CodeText xml:lang="nn">Ikkje oppgjeve</CodeText>
        <CodeText xml:lang="nb">Uoppgitt</CodeText>
        <CodeText xml:lang="en">Unknown </CodeText>
      </CodeTextGrp>
    </Code>
  </Codes>
</Codelist>