<?xml version="1.0" encoding="utf-8"?>
<Codelist xmlns:xsi="http://www.w3.org/2001/XMLSchema-instance" xmlns:xsd="http://www.w3.org/2001/XMLSchema" id="urn:ssb:codelist:stabas:4664007" defaultValidFrom="2007-01-01" defaultValidTo="2014-06-30" lastChangedDate="2014-10-02" parentCodelistId="urn:ssb:codelist:stabas:4664005" isCurrent="false" relationId="urn:ssb:classversion:stabas:4664001" xmlns="http://www.ssb.no/ns/meta/codelist">
  <CodelistMeta>
    <TitleGrp>
      <Title xml:lang="nn">Arbeidsgivaravgiftssoner 2007: Ordinære næringar/Landbruk og fiske</Title>
      <Title xml:lang="nb">Arbeidsgiveravgiftssoner 2007: Ordinære næringer/Landbruk og fiske</Title>
      <Title xml:lang="en">Zones of employer's contribution to the National Insurance 2007: Ordinary industry-trade  / agriculture and fisheries</Title>
    </TitleGrp>
    <DescriptionGrp>
      <Description xml:lang="nn">Soneinndeling for arbeidsgivaravgifta. Presenterer kommunanes sonetilhøring og avgiftssatsane tilhørande dei ulike sonene.</Description>
      <Description xml:lang="nb">Arbeidsgiveravgiftens soneinndeling. Presenterer kommunenes sonetilhørighet og avgiftssatsene tilhørende de ulike sonene.</Description>
      <Description xml:lang="en">Classification of zones of employer's contribution to the National Insurance. Presentation of zones and the municipalities belonging to the different zones.</Description>
    </DescriptionGrp>
    <ContactInformation>
      <Person xmlns="http://www.ssb.no/ns/meta/common">tha</Person>
      <Division xmlns="http://www.ssb.no/ns/meta/common">225</Division>
    </ContactInformation>
    <NoteGrp>
      <Note xml:lang="nn">Frå 2007 er det verksemdas lokalisering og ikkje de tilsettes bustadkommune som avgjør val av sone. Det er likevel gjort visse unntak frå denne regelen for transportnæringen og bygg- og anleggsnæringen. Fribeløpet er auka til 530 000 kroner, men ordninga med fribeløp gjelder nå bare for sone 1a. Det har vært betydelige endringar i soneinndelinga frå 2006 til 2007. Bodø og Tromsø er skilt ut til ein egen sone, sone 4a. 53 kommunar som tidlegare har tilhørt sone 2 er skilt ut til sone 1a. Vedtaket om reduserte satsar for arbeidstakarar over 62 år er fjerna. Dette betyr at det for 2007 skal brukas ordinære satsar for arbeidstakarar over 62 år. Fleire av unntaka for bestemte næringar tatt ut. Reglene om transportføretak og statlig verksemd er også endra. For landbruks- og fiskerinæringen vil satsane være dei same som før. For meir informasjon, sjå dokumentet som standarden er basert på.</Note>
      <Note xml:lang="nb">Fra 2007 er det virksomhetens lokalisering og ikke de ansattes bostedskommune som avgjør valg av sone. Det er imidlertid gjort visse unntak fra denne regelen for transportnæringen og bygg- og anleggsnæringen. Fribeløpet er økt til 530 000 kroner, men ordningen med fribeløp gjelder bare for sone 1a. Det har vært betydelige endringer i soneinndelingen fra 2006 til 2007. Bodø og Tromsø er skilt ut til en egen sone, sone 4a. 53 kommuner som tidligere har tilhørt sone 2 er skilt ut til sone 1a. Bestemmelsen om reduserte satser for arbeidstakere over 62 år er fjernet. Dette betyr at det for 2007 skal brukes ordinære satser for arbeidstakere over 62 år. Flere av unntakene for bestemte næringer tatt ut. Reglene om transportforetak og statlig virksomhet er også endret. For landbruks- og fiskerinæringen vil satsene være de samme som før. For mer informasjon, se dokumentet som standarden er basert på.</Note>
      <Note xml:lang="en">From 1 January 2007 the location of the company is what decides which zone the employees belong to. There are certain exceptions from this rule for the transport and construction industries. The Tax-free allowance have increased to NOK 530 000, but are now only applicable in zone 1a. There have been considerable changes in the zonation. Bodø and Tromsø are now zone 4a. 53 municipals are moved from zone 2 to zone 1a. The arrangement about reduced rates for employees 62 years and older have ceased to exist. Many of the exceptions for certain industries have been removed. Rates for the agriculture and fisheries industry are unchanged. The rules concerning transportation companies and public sector have been considerable changed.</Note>
    </NoteGrp>
  </CodelistMeta>
  <Codes>
    <Code id="urn:ssb:code:stabas:4664007-4664023" parentCodeId="urn:ssb:code:stabas:4664005-4664021">
      <CodeValue>1a.1</CodeValue>
      <CodeTextGrp>
        <CodeText xml:lang="nn">Ordinære næringar</CodeText>
        <CodeText xml:lang="nb">Ordinære næringer</CodeText>
        <CodeText xml:lang="en">Common industry/trade</CodeText>
      </CodeTextGrp>
    </Code>
    <Code id="urn:ssb:code:stabas:4664007-4664027" parentCodeId="urn:ssb:code:stabas:4664005-4664021">
      <CodeValue>1a.2</CodeValue>
      <CodeTextGrp>
        <CodeText xml:lang="nn">Landbruk og fiske</CodeText>
        <CodeText xml:lang="nb">Landbruk og fiske</CodeText>
        <CodeText xml:lang="en">Agriculture and fisheries</CodeText>
      </CodeTextGrp>
    </Code>
    <Code id="urn:ssb:code:stabas:4664007-4664013" parentCodeId="urn:ssb:code:stabas:4664005-4664011">
      <CodeValue>1.1</CodeValue>
      <CodeTextGrp>
        <CodeText xml:lang="nn">Ordinære næringar</CodeText>
        <CodeText xml:lang="nb">Ordinære næringer</CodeText>
        <CodeText xml:lang="en">Common industry/trade</CodeText>
      </CodeTextGrp>
    </Code>
    <Code id="urn:ssb:code:stabas:4664007-4664017" parentCodeId="urn:ssb:code:stabas:4664005-4664011">
      <CodeValue>1.2</CodeValue>
      <CodeTextGrp>
        <CodeText xml:lang="nn">Landbruk og fiske</CodeText>
        <CodeText xml:lang="nb">Landbruk og fiske</CodeText>
        <CodeText xml:lang="en">Agriculture and fisheries</CodeText>
      </CodeTextGrp>
    </Code>
    <Code id="urn:ssb:code:stabas:4664007-4664033" parentCodeId="urn:ssb:code:stabas:4664005-4664031">
      <CodeValue>2.1</CodeValue>
      <CodeTextGrp>
        <CodeText xml:lang="nn">Ordinære næringar</CodeText>
        <CodeText xml:lang="nb">Ordinære næringer</CodeText>
        <CodeText xml:lang="en">Common industry/trade</CodeText>
      </CodeTextGrp>
    </Code>
    <Code id="urn:ssb:code:stabas:4664007-4664037" parentCodeId="urn:ssb:code:stabas:4664005-4664031">
      <CodeValue>2.2</CodeValue>
      <CodeTextGrp>
        <CodeText xml:lang="nn">Landbruk og fiske</CodeText>
        <CodeText xml:lang="nb">Landbruk og fiske</CodeText>
        <CodeText xml:lang="en">Agriculture and fisheries</CodeText>
      </CodeTextGrp>
    </Code>
    <Code id="urn:ssb:code:stabas:4664007-4664043" parentCodeId="urn:ssb:code:stabas:4664005-4664041">
      <CodeValue>3.1</CodeValue>
      <CodeTextGrp>
        <CodeText xml:lang="nn">Ordinære næringar</CodeText>
        <CodeText xml:lang="nb">Ordinære næringer</CodeText>
        <CodeText xml:lang="en">Common industry/trade</CodeText>
      </CodeTextGrp>
    </Code>
    <Code id="urn:ssb:code:stabas:4664007-4664047" parentCodeId="urn:ssb:code:stabas:4664005-4664041">
      <CodeValue>3.2</CodeValue>
      <CodeTextGrp>
        <CodeText xml:lang="nn">Landbruk og fiske</CodeText>
        <CodeText xml:lang="nb">Landbruk og fiske</CodeText>
        <CodeText xml:lang="en">Agriculture and fisheries</CodeText>
      </CodeTextGrp>
    </Code>
    <Code id="urn:ssb:code:stabas:4664007-4664063" parentCodeId="urn:ssb:code:stabas:4664005-4664061">
      <CodeValue>4a.1</CodeValue>
      <CodeTextGrp>
        <CodeText xml:lang="nn">Ordinære næringar</CodeText>
        <CodeText xml:lang="nb">Ordinære næringer</CodeText>
        <CodeText xml:lang="en">Common industry/trade</CodeText>
      </CodeTextGrp>
    </Code>
    <Code id="urn:ssb:code:stabas:4664007-4664067" parentCodeId="urn:ssb:code:stabas:4664005-4664061">
      <CodeValue>4a.2</CodeValue>
      <CodeTextGrp>
        <CodeText xml:lang="nn">Landbruk og fiske</CodeText>
        <CodeText xml:lang="nb">Landbruk og fiske</CodeText>
        <CodeText xml:lang="en">Agriculture and fisheries</CodeText>
      </CodeTextGrp>
    </Code>
    <Code id="urn:ssb:code:stabas:4664007-4664053" parentCodeId="urn:ssb:code:stabas:4664005-4664051">
      <CodeValue>4.1</CodeValue>
      <CodeTextGrp>
        <CodeText xml:lang="nn">Ordinære næringar</CodeText>
        <CodeText xml:lang="nb">Ordinære næringer</CodeText>
        <CodeText xml:lang="en">Common industry/trade</CodeText>
      </CodeTextGrp>
    </Code>
    <Code id="urn:ssb:code:stabas:4664007-4664057" parentCodeId="urn:ssb:code:stabas:4664005-4664051">
      <CodeValue>4.2</CodeValue>
      <CodeTextGrp>
        <CodeText xml:lang="nn">Landbruk og fiske</CodeText>
        <CodeText xml:lang="nb">Landbruk og fiske</CodeText>
        <CodeText xml:lang="en">Agriculture and fisheries</CodeText>
      </CodeTextGrp>
    </Code>
    <Code id="urn:ssb:code:stabas:4664007-4664073" parentCodeId="urn:ssb:code:stabas:4664005-4664071">
      <CodeValue>5.1</CodeValue>
      <CodeTextGrp>
        <CodeText xml:lang="nn">Ordinære næringar</CodeText>
        <CodeText xml:lang="nb">Ordinære næringer</CodeText>
        <CodeText xml:lang="en">Common industry/trade</CodeText>
      </CodeTextGrp>
    </Code>
    <Code id="urn:ssb:code:stabas:4664007-4664077" parentCodeId="urn:ssb:code:stabas:4664005-4664071">
      <CodeValue>5.2</CodeValue>
      <CodeTextGrp>
        <CodeText xml:lang="nn">Landbruk og fiske</CodeText>
        <CodeText xml:lang="nb">Landbruk og fiske</CodeText>
        <CodeText xml:lang="en">Agriculture and fisheries</CodeText>
      </CodeTextGrp>
    </Code>
  </Codes>
</Codelist>