<?xml version="1.0" encoding="utf-8"?>
<Codelist xmlns:xsi="http://www.w3.org/2001/XMLSchema-instance" xmlns:xsd="http://www.w3.org/2001/XMLSchema" id="urn:ssb:codelist:stabas:4670004" defaultValidFrom="2006-01-01" defaultValidTo="2007-12-31" lastChangedDate="2009-01-29" isCurrent="false" relationId="urn:ssb:classversion:stabas:4670001" xmlns="http://www.ssb.no/ns/meta/codelist">
  <CodelistMeta>
    <TitleGrp>
      <Title xml:lang="nb">Standard for PRODCOM koder 2006: SN 2002</Title>
      <Title xml:lang="en">Classification of codes for PRODCOM 2006: NACE (SN) 2002</Title>
    </TitleGrp>
    <DescriptionGrp>
      <Description xml:lang="nb">PRODCOM er betegnelsen på EUs system for produksjonsstatistikk innen områdene bergverksdrift og utvinning og industri. Produksjonen skal registreres i på grunnlag av PRODCOM-listen.</Description>
      <Description xml:lang="en">PRODCOM is the title of the EU production statistics for Mining and Quarrying and Manufacturing. Production is to be recorded according to the product headings of the PRODCOM list.</Description>
    </DescriptionGrp>
    <ContactInformation>
      <Person xmlns="http://www.ssb.no/ns/meta/common">moa</Person>
      <Division xmlns="http://www.ssb.no/ns/meta/common">470</Division>
    </ContactInformation>
    <NoteGrp>
      <Note xml:lang="nb">PRODCOM-listen justeres årlig</Note>
      <Note xml:lang="en">The PRODCOM list is yearly adjusted</Note>
    </NoteGrp>
  </CodelistMeta>
  <Codes>
    <Code id="urn:ssb:code:stabas:4670004-4670010">
      <CodeValue>10.10</CodeValue>
      <CodeTextGrp>
        <CodeText xml:lang="nb">Bryting av steinkull</CodeText>
        <CodeText xml:lang="en">Mining and agglomeration of hard coal</CodeText>
      </CodeTextGrp>
    </Code>
    <Code id="urn:ssb:code:stabas:4670004-4670022">
      <CodeValue>10.20</CodeValue>
      <CodeTextGrp>
        <CodeText xml:lang="nb">Bryting av brunkull</CodeText>
        <CodeText xml:lang="en">Mining and agglomeration of lignite</CodeText>
      </CodeTextGrp>
    </Code>
    <Code id="urn:ssb:code:stabas:4670004-4670030">
      <CodeValue>13.10</CodeValue>
      <CodeTextGrp>
        <CodeText xml:lang="nb">Bryting av jernmalm</CodeText>
        <CodeText xml:lang="en">Mining of iron ores</CodeText>
      </CodeTextGrp>
    </Code>
    <Code id="urn:ssb:code:stabas:4670004-4670040">
      <CodeValue>13.20</CodeValue>
      <CodeTextGrp>
        <CodeText xml:lang="nb">Bryting av ikke-jernholdig malm unntatt uran- og thoriummalm</CodeText>
        <CodeText xml:lang="en">Mining of non-ferrous metal ores except uranium and thorium ores</CodeText>
      </CodeTextGrp>
    </Code>
    <Code id="urn:ssb:code:stabas:4670004-4670074">
      <CodeValue>14.11</CodeValue>
      <CodeTextGrp>
        <CodeText xml:lang="nb">Bryting av stein til bygge- og anleggsvirksomhet</CodeText>
        <CodeText xml:lang="en">Quarrying of ornamental and building stone</CodeText>
      </CodeTextGrp>
    </Code>
    <Code id="urn:ssb:code:stabas:4670004-4670102">
      <CodeValue>14.12</CodeValue>
      <CodeTextGrp>
        <CodeText xml:lang="nb">Bryting av kalkstein gips og kritt</CodeText>
        <CodeText xml:lang="en">Quarrying of limestone gypsum and chalk</CodeText>
      </CodeTextGrp>
    </Code>
    <Code id="urn:ssb:code:stabas:4670004-4670120">
      <CodeValue>14.13</CodeValue>
      <CodeTextGrp>
        <CodeText xml:lang="nb">Bryting av skifer</CodeText>
        <CodeText xml:lang="en">Quarrying of slate</CodeText>
      </CodeTextGrp>
    </Code>
    <Code id="urn:ssb:code:stabas:4670004-4670126">
      <CodeValue>14.21</CodeValue>
      <CodeTextGrp>
        <CodeText xml:lang="nb">Utvinning fra grus- og sandtak</CodeText>
        <CodeText xml:lang="en">Operation of gravel and sand pits</CodeText>
      </CodeTextGrp>
    </Code>
    <Code id="urn:ssb:code:stabas:4670004-4670152">
      <CodeValue>14.22</CodeValue>
      <CodeTextGrp>
        <CodeText xml:lang="nb">Utvinning av leire og kaolin</CodeText>
        <CodeText xml:lang="en">Mining of clays and kaolin</CodeText>
      </CodeTextGrp>
    </Code>
    <Code id="urn:ssb:code:stabas:4670004-4670172">
      <CodeValue>14.30</CodeValue>
      <CodeTextGrp>
        <CodeText xml:lang="nb">Bryting og utvinning av kjemiske mineraler og gjødselsmineraler</CodeText>
        <CodeText xml:lang="en">Mining of chemical and fertilizer minerals</CodeText>
      </CodeTextGrp>
    </Code>
    <Code id="urn:ssb:code:stabas:4670004-4670208">
      <CodeValue>14.40</CodeValue>
      <CodeTextGrp>
        <CodeText xml:lang="nb">Produksjon av salt</CodeText>
        <CodeText xml:lang="en">Production of salt</CodeText>
      </CodeTextGrp>
    </Code>
    <Code id="urn:ssb:code:stabas:4670004-4670214">
      <CodeValue>14.50</CodeValue>
      <CodeTextGrp>
        <CodeText xml:lang="nb">Annen bryting og utvinning</CodeText>
        <CodeText xml:lang="en">Other mining and quarrying n.e.c.</CodeText>
      </CodeTextGrp>
    </Code>
    <Code id="urn:ssb:code:stabas:4670004-4670258">
      <CodeValue>15.11</CodeValue>
      <CodeTextGrp>
        <CodeText xml:lang="nb">Slakting produksjon og konservering av kjøtt</CodeText>
        <CodeText xml:lang="en">Production and preserving of meat</CodeText>
      </CodeTextGrp>
    </Code>
    <Code id="urn:ssb:code:stabas:4670004-4670340">
      <CodeValue>15.12</CodeValue>
      <CodeTextGrp>
        <CodeText xml:lang="nb">Slakting produksjon og konservering av fjørfekjøtt</CodeText>
        <CodeText xml:lang="en">Production and preserving of poultrymeat</CodeText>
      </CodeTextGrp>
    </Code>
    <Code id="urn:ssb:code:stabas:4670004-4670396">
      <CodeValue>15.13</CodeValue>
      <CodeTextGrp>
        <CodeText xml:lang="nb">Produksjon av kjøtt- og fjørfevarer</CodeText>
        <CodeText xml:lang="en">Production of meat and poultrymeat products</CodeText>
      </CodeTextGrp>
    </Code>
    <Code id="urn:ssb:code:stabas:4670004-4670446">
      <CodeValue>15.20</CodeValue>
      <CodeTextGrp>
        <CodeText xml:lang="nb">Bearbeiding og konservering av fisk og fiskevarer</CodeText>
        <CodeText xml:lang="en">Processing and preserving of fish and fish products</CodeText>
      </CodeTextGrp>
    </Code>
    <Code id="urn:ssb:code:stabas:4670004-4670524">
      <CodeValue>15.31</CodeValue>
      <CodeTextGrp>
        <CodeText xml:lang="nb">Bearbeiding og konservering av poteter</CodeText>
        <CodeText xml:lang="en">Processing and preserving of potatoes</CodeText>
      </CodeTextGrp>
    </Code>
    <Code id="urn:ssb:code:stabas:4670004-4670542">
      <CodeValue>15.32</CodeValue>
      <CodeTextGrp>
        <CodeText xml:lang="nb">Produksjon av juice av frukt og grønnsaker</CodeText>
        <CodeText xml:lang="en">Manufacture of fruit and vegetable juice</CodeText>
      </CodeTextGrp>
    </Code>
    <Code id="urn:ssb:code:stabas:4670004-4670568">
      <CodeValue>15.33</CodeValue>
      <CodeTextGrp>
        <CodeText xml:lang="nb">Bearbeiding og konservering av frukt og grønnsaker ellers</CodeText>
        <CodeText xml:lang="en">Processing and preserving of fruit and vegetables n.e.c.</CodeText>
      </CodeTextGrp>
    </Code>
    <Code id="urn:ssb:code:stabas:4670004-4670660">
      <CodeValue>15.41</CodeValue>
      <CodeTextGrp>
        <CodeText xml:lang="nb">Produksjon av uraffinerte oljer og fett</CodeText>
        <CodeText xml:lang="en">Manufacture of crude oils and fats</CodeText>
      </CodeTextGrp>
    </Code>
    <Code id="urn:ssb:code:stabas:4670004-4670712">
      <CodeValue>15.42</CodeValue>
      <CodeTextGrp>
        <CodeText xml:lang="nb">Produksjon av raffinerte oljer og fett</CodeText>
        <CodeText xml:lang="en">Manufacture of refined oils and fats</CodeText>
      </CodeTextGrp>
    </Code>
    <Code id="urn:ssb:code:stabas:4670004-4670760">
      <CodeValue>15.43</CodeValue>
      <CodeTextGrp>
        <CodeText xml:lang="nb">Produksjon av margarin og liknende spiselige fettstoffer</CodeText>
        <CodeText xml:lang="en">Manufacture of margarine and similar edible fats</CodeText>
      </CodeTextGrp>
    </Code>
    <Code id="urn:ssb:code:stabas:4670004-4670768">
      <CodeValue>15.51</CodeValue>
      <CodeTextGrp>
        <CodeText xml:lang="nb">Produksjon av meierivarer</CodeText>
        <CodeText xml:lang="en">Operation of dairies and cheese making</CodeText>
      </CodeTextGrp>
    </Code>
    <Code id="urn:ssb:code:stabas:4670004-4670848">
      <CodeValue>15.52</CodeValue>
      <CodeTextGrp>
        <CodeText xml:lang="nb">Produksjon av iskrem</CodeText>
        <CodeText xml:lang="en">Manufacture of ice cream</CodeText>
      </CodeTextGrp>
    </Code>
    <Code id="urn:ssb:code:stabas:4670004-4670854">
      <CodeValue>15.61</CodeValue>
      <CodeTextGrp>
        <CodeText xml:lang="nb">Produksjon av kornvarer</CodeText>
        <CodeText xml:lang="en">Manufacture of grain mill products</CodeText>
      </CodeTextGrp>
    </Code>
    <Code id="urn:ssb:code:stabas:4670004-4670918">
      <CodeValue>15.62</CodeValue>
      <CodeTextGrp>
        <CodeText xml:lang="nb">Produksjon av stivelse og stivelsesprodukter</CodeText>
        <CodeText xml:lang="en">Manufacture of starches and starch products</CodeText>
      </CodeTextGrp>
    </Code>
    <Code id="urn:ssb:code:stabas:4670004-4670964">
      <CodeValue>15.71</CodeValue>
      <CodeTextGrp>
        <CodeText xml:lang="nb">Produksjon av fór til husdyrhold</CodeText>
        <CodeText xml:lang="en">Manufacture of prepared feeds for farm animals</CodeText>
      </CodeTextGrp>
    </Code>
    <Code id="urn:ssb:code:stabas:4670004-4670984">
      <CodeValue>15.72</CodeValue>
      <CodeTextGrp>
        <CodeText xml:lang="nb">Produksjon av fór til kjæledyr</CodeText>
        <CodeText xml:lang="en">Manufacture of prepared pet foods</CodeText>
      </CodeTextGrp>
    </Code>
    <Code id="urn:ssb:code:stabas:4670004-4670992">
      <CodeValue>15.81</CodeValue>
      <CodeTextGrp>
        <CodeText xml:lang="nb">Produksjon av brød og ferske konditorvarer</CodeText>
        <CodeText xml:lang="en">Manufacture of bread manufacture of fresh pastry goods and cakes</CodeText>
      </CodeTextGrp>
    </Code>
    <Code id="urn:ssb:code:stabas:4670004-4671002">
      <CodeValue>15.82</CodeValue>
      <CodeTextGrp>
        <CodeText xml:lang="nb">Produksjon av kavring og kjeks og konserverte konditorvarer</CodeText>
        <CodeText xml:lang="en">Manufacture of rusks and biscuits manufacture of preserved pastry goods and cakes</CodeText>
      </CodeTextGrp>
    </Code>
    <Code id="urn:ssb:code:stabas:4670004-4671040">
      <CodeValue>15.83</CodeValue>
      <CodeTextGrp>
        <CodeText xml:lang="nb">Produksjon av sukker</CodeText>
        <CodeText xml:lang="en">Manufacture of sugar</CodeText>
      </CodeTextGrp>
    </Code>
    <Code id="urn:ssb:code:stabas:4670004-4671068">
      <CodeValue>15.84</CodeValue>
      <CodeTextGrp>
        <CodeText xml:lang="nb">Produksjon av kakao sjokolade og sukkervarer</CodeText>
        <CodeText xml:lang="en">Manufacture of cocoa chocolate and sugar confectionery</CodeText>
      </CodeTextGrp>
    </Code>
    <Code id="urn:ssb:code:stabas:4670004-4671152">
      <CodeValue>15.85</CodeValue>
      <CodeTextGrp>
        <CodeText xml:lang="nb">Produksjon av pastavarer</CodeText>
        <CodeText xml:lang="en">Manufacture of macaroni noodles couscous and similar farinaceous products</CodeText>
      </CodeTextGrp>
    </Code>
    <Code id="urn:ssb:code:stabas:4670004-4671168">
      <CodeValue>15.86</CodeValue>
      <CodeTextGrp>
        <CodeText xml:lang="nb">Bearbeiding av te og kaffe</CodeText>
        <CodeText xml:lang="en">Processing of tea and coffee</CodeText>
      </CodeTextGrp>
    </Code>
    <Code id="urn:ssb:code:stabas:4670004-4671196">
      <CodeValue>15.87</CodeValue>
      <CodeTextGrp>
        <CodeText xml:lang="nb">Produksjon av smakstilsettingsstoffer og krydderier</CodeText>
        <CodeText xml:lang="en">Manufacture of condiments and seasonings</CodeText>
      </CodeTextGrp>
    </Code>
    <Code id="urn:ssb:code:stabas:4670004-4671216">
      <CodeValue>15.88</CodeValue>
      <CodeTextGrp>
        <CodeText xml:lang="nb">Produksjon av homogeniserte matprodukter og diettmat</CodeText>
        <CodeText xml:lang="en">Manufacture of homogenized food preparations and dietetic food</CodeText>
      </CodeTextGrp>
    </Code>
    <Code id="urn:ssb:code:stabas:4670004-4671230">
      <CodeValue>15.89</CodeValue>
      <CodeTextGrp>
        <CodeText xml:lang="nb">Produksjon av næringsmidler ellers</CodeText>
        <CodeText xml:lang="en">Manufacture of other food products n.e.c.</CodeText>
      </CodeTextGrp>
    </Code>
    <Code id="urn:ssb:code:stabas:4670004-4671264">
      <CodeValue>15.91</CodeValue>
      <CodeTextGrp>
        <CodeText xml:lang="nb">Produksjon av destillerte alkoholholdige drikkevarer</CodeText>
        <CodeText xml:lang="en">Manufacture of distilled potable alcoholic beverages</CodeText>
      </CodeTextGrp>
    </Code>
    <Code id="urn:ssb:code:stabas:4670004-4671284">
      <CodeValue>15.92</CodeValue>
      <CodeTextGrp>
        <CodeText xml:lang="nb">Produksjon av etylalkohol av gjærede råvarer</CodeText>
        <CodeText xml:lang="en">Production of ethyl alcohol from fermented materials</CodeText>
      </CodeTextGrp>
    </Code>
    <Code id="urn:ssb:code:stabas:4670004-4671294">
      <CodeValue>15.93</CodeValue>
      <CodeTextGrp>
        <CodeText xml:lang="nb">Produksjon av vin</CodeText>
        <CodeText xml:lang="en">Manufacture of wines</CodeText>
      </CodeTextGrp>
    </Code>
    <Code id="urn:ssb:code:stabas:4670004-4671322">
      <CodeValue>15.94</CodeValue>
      <CodeTextGrp>
        <CodeText xml:lang="nb">Produksjon av sider og annen fruktvin</CodeText>
        <CodeText xml:lang="en">Manufacture of cider and other fruit wines</CodeText>
      </CodeTextGrp>
    </Code>
    <Code id="urn:ssb:code:stabas:4670004-4671328">
      <CodeValue>15.95</CodeValue>
      <CodeTextGrp>
        <CodeText xml:lang="nb">Produksjon av andre ikke-destillerte gjærede drikkevarer</CodeText>
        <CodeText xml:lang="en">Manufacture of other non-distilled fermented beverages</CodeText>
      </CodeTextGrp>
    </Code>
    <Code id="urn:ssb:code:stabas:4670004-4671334">
      <CodeValue>15.96</CodeValue>
      <CodeTextGrp>
        <CodeText xml:lang="nb">Produksjon av øl</CodeText>
        <CodeText xml:lang="en">Manufacture of beer</CodeText>
      </CodeTextGrp>
    </Code>
    <Code id="urn:ssb:code:stabas:4670004-4671346">
      <CodeValue>15.97</CodeValue>
      <CodeTextGrp>
        <CodeText xml:lang="nb">Produksjon av malt</CodeText>
        <CodeText xml:lang="en">Manufacture of malt</CodeText>
      </CodeTextGrp>
    </Code>
    <Code id="urn:ssb:code:stabas:4670004-4671354">
      <CodeValue>15.98</CodeValue>
      <CodeTextGrp>
        <CodeText xml:lang="nb">Produksjon av mineralvann og leskedrikker</CodeText>
        <CodeText xml:lang="en">Production of mineral waters and soft drinks</CodeText>
      </CodeTextGrp>
    </Code>
    <Code id="urn:ssb:code:stabas:4670004-4671370">
      <CodeValue>16.00</CodeValue>
      <CodeTextGrp>
        <CodeText xml:lang="nb">Produksjon av tobakksvarer</CodeText>
        <CodeText xml:lang="en">Manufacture of tobacco products</CodeText>
      </CodeTextGrp>
    </Code>
    <Code id="urn:ssb:code:stabas:4670004-4671386">
      <CodeValue>17.10</CodeValue>
      <CodeTextGrp>
        <CodeText xml:lang="nb">Koden brukes ikke i SN2002</CodeText>
        <CodeText xml:lang="en">Not in use in SN2002</CodeText>
      </CodeTextGrp>
    </Code>
    <Code id="urn:ssb:code:stabas:4670004-4671506">
      <CodeValue>17.20</CodeValue>
      <CodeTextGrp>
        <CodeText xml:lang="nb">Koden brukes ikke i SN2002</CodeText>
        <CodeText xml:lang="en">Not in use in SN2002</CodeText>
      </CodeTextGrp>
    </Code>
    <Code id="urn:ssb:code:stabas:4670004-4671592">
      <CodeValue>17.30</CodeValue>
      <CodeTextGrp>
        <CodeText xml:lang="nb">Etterbehandling av tekstiler</CodeText>
        <CodeText xml:lang="en">Finishing of textiles</CodeText>
      </CodeTextGrp>
    </Code>
    <Code id="urn:ssb:code:stabas:4670004-4671696">
      <CodeValue>17.40</CodeValue>
      <CodeTextGrp>
        <CodeText xml:lang="nb">Produksjon av tekstilvarer unntatt klær</CodeText>
        <CodeText xml:lang="en">Manufacture of made-up textile articles except apparel</CodeText>
      </CodeTextGrp>
    </Code>
    <Code id="urn:ssb:code:stabas:4670004-4671802">
      <CodeValue>17.51</CodeValue>
      <CodeTextGrp>
        <CodeText xml:lang="nb">Produksjon av gulvtepper -matter og -ryer</CodeText>
        <CodeText xml:lang="en">Manufacture of carpets and rugs</CodeText>
      </CodeTextGrp>
    </Code>
    <Code id="urn:ssb:code:stabas:4670004-4671822">
      <CodeValue>17.52</CodeValue>
      <CodeTextGrp>
        <CodeText xml:lang="nb">Produksjon av tauverk og nett</CodeText>
        <CodeText xml:lang="en">Manufacture of cordage rope twine and netting</CodeText>
      </CodeTextGrp>
    </Code>
    <Code id="urn:ssb:code:stabas:4670004-4671858">
      <CodeValue>17.53</CodeValue>
      <CodeTextGrp>
        <CodeText xml:lang="nb">Produksjon av ikke-vevde tekstiler og tekstilvarer unntatt klær</CodeText>
        <CodeText xml:lang="en">Manufacture of nonwovens and articles made from nonwovens except apparel</CodeText>
      </CodeTextGrp>
    </Code>
    <Code id="urn:ssb:code:stabas:4670004-4671872">
      <CodeValue>17.54</CodeValue>
      <CodeTextGrp>
        <CodeText xml:lang="nb">Produksjon av tekstiler ellers</CodeText>
        <CodeText xml:lang="en">Manufacture of other textiles n.e.c.</CodeText>
      </CodeTextGrp>
    </Code>
    <Code id="urn:ssb:code:stabas:4670004-4671944">
      <CodeValue>17.60</CodeValue>
      <CodeTextGrp>
        <CodeText xml:lang="nb">Produksjon av stoffer av trikotasje</CodeText>
        <CodeText xml:lang="en">Manufacture of knitted and crocheted fabrics</CodeText>
      </CodeTextGrp>
    </Code>
    <Code id="urn:ssb:code:stabas:4670004-4671958">
      <CodeValue>17.71</CodeValue>
      <CodeTextGrp>
        <CodeText xml:lang="nb">Produksjon av strømpevarer</CodeText>
        <CodeText xml:lang="en">Manufacture of knitted and crocheted hosiery</CodeText>
      </CodeTextGrp>
    </Code>
    <Code id="urn:ssb:code:stabas:4670004-4671972">
      <CodeValue>17.72</CodeValue>
      <CodeTextGrp>
        <CodeText xml:lang="nb">Produksjon av gensere jakker og vester av trikotasje</CodeText>
        <CodeText xml:lang="en">Manufacture of knitted and crocheted pullovers cardigans and similar articles</CodeText>
      </CodeTextGrp>
    </Code>
    <Code id="urn:ssb:code:stabas:4670004-4671996">
      <CodeValue>18.10</CodeValue>
      <CodeTextGrp>
        <CodeText xml:lang="nb">Produksjon av klær av lær</CodeText>
        <CodeText xml:lang="en">Manufacture of leather clothes</CodeText>
      </CodeTextGrp>
    </Code>
    <Code id="urn:ssb:code:stabas:4670004-4672002">
      <CodeValue>18.21</CodeValue>
      <CodeTextGrp>
        <CodeText xml:lang="nb">Produksjon av arbeidstøy</CodeText>
        <CodeText xml:lang="en">Manufacture of workwear</CodeText>
      </CodeTextGrp>
    </Code>
    <Code id="urn:ssb:code:stabas:4670004-4672034">
      <CodeValue>18.22</CodeValue>
      <CodeTextGrp>
        <CodeText xml:lang="nb">Produksjon av annet yttertøy</CodeText>
        <CodeText xml:lang="en">Manufacture of other outerwear</CodeText>
      </CodeTextGrp>
    </Code>
    <Code id="urn:ssb:code:stabas:4670004-4672144">
      <CodeValue>18.23</CodeValue>
      <CodeTextGrp>
        <CodeText xml:lang="nb">Produksjon av undertøy og innertøy</CodeText>
        <CodeText xml:lang="en">Manufacture of underwear</CodeText>
      </CodeTextGrp>
    </Code>
    <Code id="urn:ssb:code:stabas:4670004-4672212">
      <CodeValue>18.24</CodeValue>
      <CodeTextGrp>
        <CodeText xml:lang="nb">Produksjon av klær og tilbehør ellers</CodeText>
        <CodeText xml:lang="en">Manufacture of other wearing apparel and accessories n.e.c.</CodeText>
      </CodeTextGrp>
    </Code>
    <Code id="urn:ssb:code:stabas:4670004-4672324">
      <CodeValue>18.30</CodeValue>
      <CodeTextGrp>
        <CodeText xml:lang="nb">Beredning og farging av pelsskinn. Produksjon av pelsvarer</CodeText>
        <CodeText xml:lang="en">Dressing and dyeing of fur manufacture of articles of fur</CodeText>
      </CodeTextGrp>
    </Code>
    <Code id="urn:ssb:code:stabas:4670004-4672342">
      <CodeValue>19.10</CodeValue>
      <CodeTextGrp>
        <CodeText xml:lang="nb">Beredning av lær</CodeText>
        <CodeText xml:lang="en">Tanning and dressing of leather</CodeText>
      </CodeTextGrp>
    </Code>
    <Code id="urn:ssb:code:stabas:4670004-4672396">
      <CodeValue>19.20</CodeValue>
      <CodeTextGrp>
        <CodeText xml:lang="nb">Produksjon av reiseeffekter og salmakerartikler</CodeText>
        <CodeText xml:lang="en">Manufacture of luggage handbags and the like saddlery and harness</CodeText>
      </CodeTextGrp>
    </Code>
    <Code id="urn:ssb:code:stabas:4670004-4672424">
      <CodeValue>19.30</CodeValue>
      <CodeTextGrp>
        <CodeText xml:lang="nb">Produksjon av skotøy</CodeText>
        <CodeText xml:lang="en">Manufacture of footwear</CodeText>
      </CodeTextGrp>
    </Code>
    <Code id="urn:ssb:code:stabas:4670004-4672512">
      <CodeValue>20.10</CodeValue>
      <CodeTextGrp>
        <CodeText xml:lang="nb">Saging høvling og impregnering av tre</CodeText>
        <CodeText xml:lang="en">Sawmilling and planing of wood impregnation of wood</CodeText>
      </CodeTextGrp>
    </Code>
    <Code id="urn:ssb:code:stabas:4670004-4672586">
      <CodeValue>20.20</CodeValue>
      <CodeTextGrp>
        <CodeText xml:lang="nb">Produksjon av finer kryssfiner lamelltre spon- fiber- og andre bygnings- og møbelplater av tre</CodeText>
        <CodeText xml:lang="en">Manufacture of veneer sheets manufacture of plywood laminboard particle board fibre board and other panels and boards</CodeText>
      </CodeTextGrp>
    </Code>
    <Code id="urn:ssb:code:stabas:4670004-4672650">
      <CodeValue>20.30</CodeValue>
      <CodeTextGrp>
        <CodeText xml:lang="nb">Produksjon av monteringsferdige hus og bygningsartikler</CodeText>
        <CodeText xml:lang="en">Manufacture of builders carpentry and joinery</CodeText>
      </CodeTextGrp>
    </Code>
    <Code id="urn:ssb:code:stabas:4670004-4672688">
      <CodeValue>20.40</CodeValue>
      <CodeTextGrp>
        <CodeText xml:lang="nb">Produksjon av treemballasje</CodeText>
        <CodeText xml:lang="en">Manufacture of wooden containers</CodeText>
      </CodeTextGrp>
    </Code>
    <Code id="urn:ssb:code:stabas:4670004-4672704">
      <CodeValue>20.51</CodeValue>
      <CodeTextGrp>
        <CodeText xml:lang="nb">Produksjon av trevarer ellers</CodeText>
        <CodeText xml:lang="en">Manufacture of other products of wood</CodeText>
      </CodeTextGrp>
    </Code>
    <Code id="urn:ssb:code:stabas:4670004-4672724">
      <CodeValue>20.52</CodeValue>
      <CodeTextGrp>
        <CodeText xml:lang="nb">Produksjon av varer av kork strå og flettematerialer</CodeText>
        <CodeText xml:lang="en">Manufacture of articles of cork straw and plaiting materials</CodeText>
      </CodeTextGrp>
    </Code>
    <Code id="urn:ssb:code:stabas:4670004-4672764">
      <CodeValue>21.11</CodeValue>
      <CodeTextGrp>
        <CodeText xml:lang="nb">Produksjon av papirmasse</CodeText>
        <CodeText xml:lang="en">Manufacture of pulp</CodeText>
      </CodeTextGrp>
    </Code>
    <Code id="urn:ssb:code:stabas:4670004-4672800">
      <CodeValue>21.12</CodeValue>
      <CodeTextGrp>
        <CodeText xml:lang="nb">Produksjon av papir og papp</CodeText>
        <CodeText xml:lang="en">Manufacture of paper and paperboard</CodeText>
      </CodeTextGrp>
    </Code>
    <Code id="urn:ssb:code:stabas:4670004-4672962">
      <CodeValue>21.21</CodeValue>
      <CodeTextGrp>
        <CodeText xml:lang="nb">Produksjon av bølgepapp og emballasje av papir og papp</CodeText>
        <CodeText xml:lang="en">Manufacture of corrugated paper and paperboard and of containers of paper and paperboard</CodeText>
      </CodeTextGrp>
    </Code>
    <Code id="urn:ssb:code:stabas:4670004-4672988">
      <CodeValue>21.22</CodeValue>
      <CodeTextGrp>
        <CodeText xml:lang="nb">Produksjon av husholdnings- sanitær- og toalettartikler av papir</CodeText>
        <CodeText xml:lang="en">Manufacture of household and sanitary goods and of toilet requisites</CodeText>
      </CodeTextGrp>
    </Code>
    <Code id="urn:ssb:code:stabas:4670004-4673014">
      <CodeValue>21.23</CodeValue>
      <CodeTextGrp>
        <CodeText xml:lang="nb">Produksjon av kontorartikler av papir</CodeText>
        <CodeText xml:lang="en">Manufacture of paper stationery</CodeText>
      </CodeTextGrp>
    </Code>
    <Code id="urn:ssb:code:stabas:4670004-4673042">
      <CodeValue>21.24</CodeValue>
      <CodeTextGrp>
        <CodeText xml:lang="nb">Produksjon av tapeter</CodeText>
        <CodeText xml:lang="en">Manufacture of wallpaper</CodeText>
      </CodeTextGrp>
    </Code>
    <Code id="urn:ssb:code:stabas:4670004-4673058">
      <CodeValue>21.25</CodeValue>
      <CodeTextGrp>
        <CodeText xml:lang="nb">Produksjon av varer av papir og papp ellers</CodeText>
        <CodeText xml:lang="en">Manufacture of other articles of paper and paperboard n.e.c.</CodeText>
      </CodeTextGrp>
    </Code>
    <Code id="urn:ssb:code:stabas:4670004-4673098">
      <CodeValue>22.11</CodeValue>
      <CodeTextGrp>
        <CodeText xml:lang="nb">Forlegging av bøker</CodeText>
        <CodeText xml:lang="en">Publishing of books</CodeText>
      </CodeTextGrp>
    </Code>
    <Code id="urn:ssb:code:stabas:4670004-4673138">
      <CodeValue>22.12</CodeValue>
      <CodeTextGrp>
        <CodeText xml:lang="nb">Forlegging av aviser</CodeText>
        <CodeText xml:lang="en">Publishing of newspapers</CodeText>
      </CodeTextGrp>
    </Code>
    <Code id="urn:ssb:code:stabas:4670004-4673148">
      <CodeValue>22.13</CodeValue>
      <CodeTextGrp>
        <CodeText xml:lang="nb">Forlegging av blader og tidsskrifter</CodeText>
        <CodeText xml:lang="en">Publishing of journals and periodicals</CodeText>
      </CodeTextGrp>
    </Code>
    <Code id="urn:ssb:code:stabas:4670004-4673158">
      <CodeValue>22.14</CodeValue>
      <CodeTextGrp>
        <CodeText xml:lang="nb">Forlegging av lydopptak</CodeText>
        <CodeText xml:lang="en">Publishing of sound recordings</CodeText>
      </CodeTextGrp>
    </Code>
    <Code id="urn:ssb:code:stabas:4670004-4673180">
      <CodeValue>22.15</CodeValue>
      <CodeTextGrp>
        <CodeText xml:lang="nb">Forlagsvirksomhet ellers</CodeText>
        <CodeText xml:lang="en">Other publishing</CodeText>
      </CodeTextGrp>
    </Code>
    <Code id="urn:ssb:code:stabas:4670004-4673210">
      <CodeValue>22.21</CodeValue>
      <CodeTextGrp>
        <CodeText xml:lang="nb">Trykking av aviser</CodeText>
        <CodeText xml:lang="en">Printing of newspapers</CodeText>
      </CodeTextGrp>
    </Code>
    <Code id="urn:ssb:code:stabas:4670004-4673216">
      <CodeValue>22.22</CodeValue>
      <CodeTextGrp>
        <CodeText xml:lang="nb">Trykking ellers</CodeText>
        <CodeText xml:lang="en">Printing n.e.c.</CodeText>
      </CodeTextGrp>
    </Code>
    <Code id="urn:ssb:code:stabas:4670004-4673274">
      <CodeValue>22.23</CodeValue>
      <CodeTextGrp>
        <CodeText xml:lang="nb">Bokbinding</CodeText>
        <CodeText xml:lang="en">Bookbinding</CodeText>
      </CodeTextGrp>
    </Code>
    <Code id="urn:ssb:code:stabas:4670004-4673284">
      <CodeValue>22.24</CodeValue>
      <CodeTextGrp>
        <CodeText xml:lang="nb">Ferdiggjøring før trykking</CodeText>
        <CodeText xml:lang="en">Pre-press actvities</CodeText>
      </CodeTextGrp>
    </Code>
    <Code id="urn:ssb:code:stabas:4670004-4673294">
      <CodeValue>22.25</CodeValue>
      <CodeTextGrp>
        <CodeText xml:lang="nb">Annen grafisk produksjon</CodeText>
        <CodeText xml:lang="en">Ancillary activities related to printing</CodeText>
      </CodeTextGrp>
    </Code>
    <Code id="urn:ssb:code:stabas:4670004-4673300">
      <CodeValue>22.31</CodeValue>
      <CodeTextGrp>
        <CodeText xml:lang="nb">Reproduksjon av lydopptak</CodeText>
        <CodeText xml:lang="en">Reproduction of sound recording</CodeText>
      </CodeTextGrp>
    </Code>
    <Code id="urn:ssb:code:stabas:4670004-4673312">
      <CodeValue>22.32</CodeValue>
      <CodeTextGrp>
        <CodeText xml:lang="nb">Reproduksjon av videoopptak</CodeText>
        <CodeText xml:lang="en">Reproduction of video recording</CodeText>
      </CodeTextGrp>
    </Code>
    <Code id="urn:ssb:code:stabas:4670004-4673320">
      <CodeValue>22.33</CodeValue>
      <CodeTextGrp>
        <CodeText xml:lang="nb">Reproduksjon av data og programmer på edb-media</CodeText>
        <CodeText xml:lang="en">Reproduction of computer media</CodeText>
      </CodeTextGrp>
    </Code>
    <Code id="urn:ssb:code:stabas:4670004-4673330">
      <CodeValue>23.10</CodeValue>
      <CodeTextGrp>
        <CodeText xml:lang="nb">Produksjon av kullprodukter</CodeText>
        <CodeText xml:lang="en">Manufacture of coke oven products</CodeText>
      </CodeTextGrp>
    </Code>
    <Code id="urn:ssb:code:stabas:4670004-4673344">
      <CodeValue>23.20</CodeValue>
      <CodeTextGrp>
        <CodeText xml:lang="nb">Produksjon av raffinerte petroleumsprodukter</CodeText>
        <CodeText xml:lang="en">Manufacture of refined petroleum products</CodeText>
      </CodeTextGrp>
    </Code>
    <Code id="urn:ssb:code:stabas:4670004-4673424">
      <CodeValue>24.11</CodeValue>
      <CodeTextGrp>
        <CodeText xml:lang="nb">Produksjon av industrigasser</CodeText>
        <CodeText xml:lang="en">Manufacture of industrial gases</CodeText>
      </CodeTextGrp>
    </Code>
    <Code id="urn:ssb:code:stabas:4670004-4673452">
      <CodeValue>24.12</CodeValue>
      <CodeTextGrp>
        <CodeText xml:lang="nb">Produksjon av fargestoffer og pigmenter</CodeText>
        <CodeText xml:lang="en">Manufacture of dyes and pigments</CodeText>
      </CodeTextGrp>
    </Code>
    <Code id="urn:ssb:code:stabas:4670004-4673540">
      <CodeValue>24.13</CodeValue>
      <CodeTextGrp>
        <CodeText xml:lang="nb">Produksjon av andre uorganiske kjemikalier</CodeText>
        <CodeText xml:lang="en">Manufacture of other inorganic basic chemicals</CodeText>
      </CodeTextGrp>
    </Code>
    <Code id="urn:ssb:code:stabas:4670004-4673784">
      <CodeValue>24.14</CodeValue>
      <CodeTextGrp>
        <CodeText xml:lang="nb">Produksjon av andre organiske kjemiske råvarer</CodeText>
        <CodeText xml:lang="en">Manufacture of other organic basic chemicals</CodeText>
      </CodeTextGrp>
    </Code>
    <Code id="urn:ssb:code:stabas:4670004-4674242">
      <CodeValue>24.15</CodeValue>
      <CodeTextGrp>
        <CodeText xml:lang="nb">Produksjon av gjødsel og nitrogenforbindelser</CodeText>
        <CodeText xml:lang="en">Manufacture of fertilizers and nitrogen compounds</CodeText>
      </CodeTextGrp>
    </Code>
    <Code id="urn:ssb:code:stabas:4670004-4674334">
      <CodeValue>24.16</CodeValue>
      <CodeTextGrp>
        <CodeText xml:lang="nb">Produksjon av basisplast</CodeText>
        <CodeText xml:lang="en">Manufacture of plastics in primary forms</CodeText>
      </CodeTextGrp>
    </Code>
    <Code id="urn:ssb:code:stabas:4670004-4674462">
      <CodeValue>24.17</CodeValue>
      <CodeTextGrp>
        <CodeText xml:lang="nb">Produksjon av syntetisk gummi</CodeText>
        <CodeText xml:lang="en">Manufacture of synthetic rubber in primary forms</CodeText>
      </CodeTextGrp>
    </Code>
    <Code id="urn:ssb:code:stabas:4670004-4674470">
      <CodeValue>24.20</CodeValue>
      <CodeTextGrp>
        <CodeText xml:lang="nb">Produksjon av plantevern- og skadedyrmidler og andre landbrukskjemiske produkter</CodeText>
        <CodeText xml:lang="en">Manufacture of pesticides and other agro-chemical products</CodeText>
      </CodeTextGrp>
    </Code>
    <Code id="urn:ssb:code:stabas:4670004-4674530">
      <CodeValue>24.30</CodeValue>
      <CodeTextGrp>
        <CodeText xml:lang="nb">Produksjon av maling og lakk trykkfarger og tetningsmidler</CodeText>
        <CodeText xml:lang="en">Manufacture of paints varnishes and similar coatings printing ink and mastics</CodeText>
      </CodeTextGrp>
    </Code>
    <Code id="urn:ssb:code:stabas:4670004-4674594">
      <CodeValue>24.41</CodeValue>
      <CodeTextGrp>
        <CodeText xml:lang="nb">Produksjon av farmasøytiske råvarer</CodeText>
        <CodeText xml:lang="en">Manufacture of basic pharmaceutical products</CodeText>
      </CodeTextGrp>
    </Code>
    <Code id="urn:ssb:code:stabas:4670004-4674732">
      <CodeValue>24.42</CodeValue>
      <CodeTextGrp>
        <CodeText xml:lang="nb">Produksjon av farmasøytiske preparater</CodeText>
        <CodeText xml:lang="en">Manufacture of pharmaceutical preparations</CodeText>
      </CodeTextGrp>
    </Code>
    <Code id="urn:ssb:code:stabas:4670004-4674798">
      <CodeValue>24.51</CodeValue>
      <CodeTextGrp>
        <CodeText xml:lang="nb">Produksjon av såpe og vaskemidler rense- og polérmidler</CodeText>
        <CodeText xml:lang="en">Manufacture of soap and detergents cleaning and polishing preparations</CodeText>
      </CodeTextGrp>
    </Code>
    <Code id="urn:ssb:code:stabas:4670004-4674866">
      <CodeValue>24.52</CodeValue>
      <CodeTextGrp>
        <CodeText xml:lang="nb">Produksjon av parfyme og toalettartikler</CodeText>
        <CodeText xml:lang="en">Manufacture of perfumes and toilet preparations</CodeText>
      </CodeTextGrp>
    </Code>
    <Code id="urn:ssb:code:stabas:4670004-4674920">
      <CodeValue>24.61</CodeValue>
      <CodeTextGrp>
        <CodeText xml:lang="nb">Produksjon av eksplosiver</CodeText>
        <CodeText xml:lang="en">Manufacture of explosives</CodeText>
      </CodeTextGrp>
    </Code>
    <Code id="urn:ssb:code:stabas:4670004-4674942">
      <CodeValue>24.62</CodeValue>
      <CodeTextGrp>
        <CodeText xml:lang="nb">Produksjon av lim og gelatin</CodeText>
        <CodeText xml:lang="en">Manufacture of glues and gelatines</CodeText>
      </CodeTextGrp>
    </Code>
    <Code id="urn:ssb:code:stabas:4670004-4674960">
      <CodeValue>24.63</CodeValue>
      <CodeTextGrp>
        <CodeText xml:lang="nb">Produksjon av eteriske oljer</CodeText>
        <CodeText xml:lang="en">Manufacture of essential oils</CodeText>
      </CodeTextGrp>
    </Code>
    <Code id="urn:ssb:code:stabas:4670004-4674974">
      <CodeValue>24.64</CodeValue>
      <CodeTextGrp>
        <CodeText xml:lang="nb">Produksjon av fotokjemiske produkter</CodeText>
        <CodeText xml:lang="en">Manufacture of photographic chemical material</CodeText>
      </CodeTextGrp>
    </Code>
    <Code id="urn:ssb:code:stabas:4670004-4674988">
      <CodeValue>24.65</CodeValue>
      <CodeTextGrp>
        <CodeText xml:lang="nb">Produksjon av uinnspilte media</CodeText>
        <CodeText xml:lang="en">Manufacture of prepared unrecorded media</CodeText>
      </CodeTextGrp>
    </Code>
    <Code id="urn:ssb:code:stabas:4670004-4674994">
      <CodeValue>24.66</CodeValue>
      <CodeTextGrp>
        <CodeText xml:lang="nb">Produksjon av kjemiske produkter ellers</CodeText>
        <CodeText xml:lang="en">Manufacture of other chemical products n.e.c.</CodeText>
      </CodeTextGrp>
    </Code>
    <Code id="urn:ssb:code:stabas:4670004-4675130">
      <CodeValue>24.70</CodeValue>
      <CodeTextGrp>
        <CodeText xml:lang="nb">Produksjon av kunstfibrer</CodeText>
        <CodeText xml:lang="en">Manufacture of man-made fibres</CodeText>
      </CodeTextGrp>
    </Code>
    <Code id="urn:ssb:code:stabas:4670004-4675188">
      <CodeValue>25.11</CodeValue>
      <CodeTextGrp>
        <CodeText xml:lang="nb">Produksjon av gummidekk og slanger til gummidekk</CodeText>
        <CodeText xml:lang="en">Manufacture of rubber tyres and tubes</CodeText>
      </CodeTextGrp>
    </Code>
    <Code id="urn:ssb:code:stabas:4670004-4675236">
      <CodeValue>25.12</CodeValue>
      <CodeTextGrp>
        <CodeText xml:lang="nb">Regummiering og vulkanisering av gummidekk</CodeText>
        <CodeText xml:lang="en">Retreading and rebuilding of rubber tyres</CodeText>
      </CodeTextGrp>
    </Code>
    <Code id="urn:ssb:code:stabas:4670004-4675246">
      <CodeValue>25.13</CodeValue>
      <CodeTextGrp>
        <CodeText xml:lang="nb">Produksjon av gummiprodukter ellers</CodeText>
        <CodeText xml:lang="en">Manufacture of other rubber products</CodeText>
      </CodeTextGrp>
    </Code>
    <Code id="urn:ssb:code:stabas:4670004-4675348">
      <CodeValue>25.21</CodeValue>
      <CodeTextGrp>
        <CodeText xml:lang="nb">Produksjon av halvfabrikater av plast</CodeText>
        <CodeText xml:lang="en">Manufacture of plastic plates sheets tubes and profiles</CodeText>
      </CodeTextGrp>
    </Code>
    <Code id="urn:ssb:code:stabas:4670004-4675472">
      <CodeValue>25.22</CodeValue>
      <CodeTextGrp>
        <CodeText xml:lang="nb">Produksjon av plastemballasje</CodeText>
        <CodeText xml:lang="en">Manufacture of plastic packing goods</CodeText>
      </CodeTextGrp>
    </Code>
    <Code id="urn:ssb:code:stabas:4670004-4675506">
      <CodeValue>25.23</CodeValue>
      <CodeTextGrp>
        <CodeText xml:lang="nb">Produksjon av byggevarer av plast</CodeText>
        <CodeText xml:lang="en">Manufacture of builders ware of plastic</CodeText>
      </CodeTextGrp>
    </Code>
    <Code id="urn:ssb:code:stabas:4670004-4675544">
      <CodeValue>25.24</CodeValue>
      <CodeTextGrp>
        <CodeText xml:lang="nb">Produksjon av plastprodukter ellers</CodeText>
        <CodeText xml:lang="en">Manufacture of other plastic products</CodeText>
      </CodeTextGrp>
    </Code>
    <Code id="urn:ssb:code:stabas:4670004-4675638">
      <CodeValue>26.11</CodeValue>
      <CodeTextGrp>
        <CodeText xml:lang="nb">Produksjon av planglass</CodeText>
        <CodeText xml:lang="en">Manufacture of flat glass</CodeText>
      </CodeTextGrp>
    </Code>
    <Code id="urn:ssb:code:stabas:4670004-4675666">
      <CodeValue>26.12</CodeValue>
      <CodeTextGrp>
        <CodeText xml:lang="nb">Bearbeiding av planglass</CodeText>
        <CodeText xml:lang="en">Shaping and processing of flat glass</CodeText>
      </CodeTextGrp>
    </Code>
    <Code id="urn:ssb:code:stabas:4670004-4675696">
      <CodeValue>26.13</CodeValue>
      <CodeTextGrp>
        <CodeText xml:lang="nb">Produksjon av emballasje og husholdningsartikler av glass og krystall</CodeText>
        <CodeText xml:lang="en">Manufacture of hollow glass</CodeText>
      </CodeTextGrp>
    </Code>
    <Code id="urn:ssb:code:stabas:4670004-4675746">
      <CodeValue>26.14</CodeValue>
      <CodeTextGrp>
        <CodeText xml:lang="nb">Produksjon av glassfibrer</CodeText>
        <CodeText xml:lang="en">Manufacture of glass fibres</CodeText>
      </CodeTextGrp>
    </Code>
    <Code id="urn:ssb:code:stabas:4670004-4675772">
      <CodeValue>26.15</CodeValue>
      <CodeTextGrp>
        <CodeText xml:lang="nb">Produksjon av teknisk glass og andre glassvarer</CodeText>
        <CodeText xml:lang="en">Manufacture and processing of other glass including technical glassware</CodeText>
      </CodeTextGrp>
    </Code>
    <Code id="urn:ssb:code:stabas:4670004-4675818">
      <CodeValue>26.21</CodeValue>
      <CodeTextGrp>
        <CodeText xml:lang="nb">Produksjon av keramiske husholdningsartikler og dekorasjonsgjenstander</CodeText>
        <CodeText xml:lang="en">Manufacture of ceramic household and ornamental articles</CodeText>
      </CodeTextGrp>
    </Code>
    <Code id="urn:ssb:code:stabas:4670004-4675842">
      <CodeValue>26.22</CodeValue>
      <CodeTextGrp>
        <CodeText xml:lang="nb">Produksjon av sanitærutstyr av keramisk materiale</CodeText>
        <CodeText xml:lang="en">Manufacture of ceramic sanitary fixtures</CodeText>
      </CodeTextGrp>
    </Code>
    <Code id="urn:ssb:code:stabas:4670004-4675850">
      <CodeValue>26.23</CodeValue>
      <CodeTextGrp>
        <CodeText xml:lang="nb">Produksjon av isolatorer og isoleringsdeler av keramisk materiale</CodeText>
        <CodeText xml:lang="en">Manufacture of ceramic insulators and insulating fittings</CodeText>
      </CodeTextGrp>
    </Code>
    <Code id="urn:ssb:code:stabas:4670004-4675864">
      <CodeValue>26.24</CodeValue>
      <CodeTextGrp>
        <CodeText xml:lang="nb">Produksjon av andre keramiske produkter for teknisk bruk</CodeText>
        <CodeText xml:lang="en">Manufacture of other technical ceramic products</CodeText>
      </CodeTextGrp>
    </Code>
    <Code id="urn:ssb:code:stabas:4670004-4675874">
      <CodeValue>26.25</CodeValue>
      <CodeTextGrp>
        <CodeText xml:lang="nb">Produksjon av andre keramiske produkter</CodeText>
        <CodeText xml:lang="en">Manufacture of other ceramic products</CodeText>
      </CodeTextGrp>
    </Code>
    <Code id="urn:ssb:code:stabas:4670004-4675888">
      <CodeValue>26.26</CodeValue>
      <CodeTextGrp>
        <CodeText xml:lang="nb">Produksjon av ildfaste keramiske produkter</CodeText>
        <CodeText xml:lang="en">Manufacture of refractory ceramic products</CodeText>
      </CodeTextGrp>
    </Code>
    <Code id="urn:ssb:code:stabas:4670004-4675922">
      <CodeValue>26.30</CodeValue>
      <CodeTextGrp>
        <CodeText xml:lang="nb">Produksjon av keramiske vegg- og gulvfliser</CodeText>
        <CodeText xml:lang="en">Manufacture of ceramic tiles and flags</CodeText>
      </CodeTextGrp>
    </Code>
    <Code id="urn:ssb:code:stabas:4670004-4675946">
      <CodeValue>26.40</CodeValue>
      <CodeTextGrp>
        <CodeText xml:lang="nb">Produksjon av murstein teglstein og andre byggevarer av brent leire</CodeText>
        <CodeText xml:lang="en">Manufacture of bricks tiles and construction products in baked clay</CodeText>
      </CodeTextGrp>
    </Code>
    <Code id="urn:ssb:code:stabas:4670004-4675964">
      <CodeValue>26.51</CodeValue>
      <CodeTextGrp>
        <CodeText xml:lang="nb">Produksjon av sement</CodeText>
        <CodeText xml:lang="en">Manufacture of cement</CodeText>
      </CodeTextGrp>
    </Code>
    <Code id="urn:ssb:code:stabas:4670004-4675980">
      <CodeValue>26.52</CodeValue>
      <CodeTextGrp>
        <CodeText xml:lang="nb">Produksjon av kalk</CodeText>
        <CodeText xml:lang="en">Manufacture of lime</CodeText>
      </CodeTextGrp>
    </Code>
    <Code id="urn:ssb:code:stabas:4670004-4675990">
      <CodeValue>26.53</CodeValue>
      <CodeTextGrp>
        <CodeText xml:lang="nb">Produksjon av gips</CodeText>
        <CodeText xml:lang="en">Manufacture of plaster</CodeText>
      </CodeTextGrp>
    </Code>
    <Code id="urn:ssb:code:stabas:4670004-4675996">
      <CodeValue>26.61</CodeValue>
      <CodeTextGrp>
        <CodeText xml:lang="nb">Produksjon av betongvarer for bygge- og anleggsvirksomhet</CodeText>
        <CodeText xml:lang="en">Manufacture of concrete products for construction purposes</CodeText>
      </CodeTextGrp>
    </Code>
    <Code id="urn:ssb:code:stabas:4670004-4676016">
      <CodeValue>26.62</CodeValue>
      <CodeTextGrp>
        <CodeText xml:lang="nb">Produksjon av gipsvarer for bygge- og anleggsvirksomhet</CodeText>
        <CodeText xml:lang="en">Manufacture of plaster products for construction purposes</CodeText>
      </CodeTextGrp>
    </Code>
    <Code id="urn:ssb:code:stabas:4670004-4676024">
      <CodeValue>26.63</CodeValue>
      <CodeTextGrp>
        <CodeText xml:lang="nb">Produksjon av ferdigblandet betong</CodeText>
        <CodeText xml:lang="en">Manufacture of ready-mixed concrete</CodeText>
      </CodeTextGrp>
    </Code>
    <Code id="urn:ssb:code:stabas:4670004-4676030">
      <CodeValue>26.64</CodeValue>
      <CodeTextGrp>
        <CodeText xml:lang="nb">Produksjon av mørtel</CodeText>
        <CodeText xml:lang="en">Manufacture of mortars</CodeText>
      </CodeTextGrp>
    </Code>
    <Code id="urn:ssb:code:stabas:4670004-4676036">
      <CodeValue>26.65</CodeValue>
      <CodeTextGrp>
        <CodeText xml:lang="nb">Produksjon av fibersement</CodeText>
        <CodeText xml:lang="en">Manufacture of fibre cement</CodeText>
      </CodeTextGrp>
    </Code>
    <Code id="urn:ssb:code:stabas:4670004-4676050">
      <CodeValue>26.66</CodeValue>
      <CodeTextGrp>
        <CodeText xml:lang="nb">Produksjon av betong- sement- og gipsprodukter ellers</CodeText>
        <CodeText xml:lang="en">Manufacture of other articles of concrete plaster and cement</CodeText>
      </CodeTextGrp>
    </Code>
    <Code id="urn:ssb:code:stabas:4670004-4676060">
      <CodeValue>26.70</CodeValue>
      <CodeTextGrp>
        <CodeText xml:lang="nb">Hogging og bearbeiding av monument- og bygningsstein</CodeText>
        <CodeText xml:lang="en">Cutting shaping and finishing of ornamental and building stone</CodeText>
      </CodeTextGrp>
    </Code>
    <Code id="urn:ssb:code:stabas:4670004-4676080">
      <CodeValue>26.81</CodeValue>
      <CodeTextGrp>
        <CodeText xml:lang="nb">Produksjon av slipestoffer</CodeText>
        <CodeText xml:lang="en">Production of abrasive products</CodeText>
      </CodeTextGrp>
    </Code>
    <Code id="urn:ssb:code:stabas:4670004-4676108">
      <CodeValue>26.82</CodeValue>
      <CodeTextGrp>
        <CodeText xml:lang="nb">Produksjon av ikke-metallholdige mineralprodukter ellers</CodeText>
        <CodeText xml:lang="en">Manufacture of other non-metallic mineral products n.e.c.</CodeText>
      </CodeTextGrp>
    </Code>
    <Code id="urn:ssb:code:stabas:4670004-4676158">
      <CodeValue>27.10</CodeValue>
      <CodeTextGrp>
        <CodeText xml:lang="nb">Produksjon av jern og stål samt ferrolegeringer</CodeText>
        <CodeText xml:lang="en">Manufacture of basic iron and steel and of ferro-alloys</CodeText>
      </CodeTextGrp>
    </Code>
    <Code id="urn:ssb:code:stabas:4670004-4676326">
      <CodeValue>27.21</CodeValue>
      <CodeTextGrp>
        <CodeText xml:lang="nb">Produksjon av rør og rørdeler av støpejern</CodeText>
        <CodeText xml:lang="en">Manufacture of cast iron tubes</CodeText>
      </CodeTextGrp>
    </Code>
    <Code id="urn:ssb:code:stabas:4670004-4676342">
      <CodeValue>27.22</CodeValue>
      <CodeTextGrp>
        <CodeText xml:lang="nb">Produksjon av andre rør og rørdeler av jern og stål</CodeText>
        <CodeText xml:lang="en">Manufacture of steel tubes</CodeText>
      </CodeTextGrp>
    </Code>
    <Code id="urn:ssb:code:stabas:4670004-4676390">
      <CodeValue>27.31</CodeValue>
      <CodeTextGrp>
        <CodeText xml:lang="nb">Kaldtrekking av stenger og profiler</CodeText>
        <CodeText xml:lang="en">Cold drawing</CodeText>
      </CodeTextGrp>
    </Code>
    <Code id="urn:ssb:code:stabas:4670004-4676426">
      <CodeValue>27.32</CodeValue>
      <CodeTextGrp>
        <CodeText xml:lang="nb">Kaldvalsing av bånd</CodeText>
        <CodeText xml:lang="en">Cold rolling of narrow strips</CodeText>
      </CodeTextGrp>
    </Code>
    <Code id="urn:ssb:code:stabas:4670004-4676464">
      <CodeValue>27.33</CodeValue>
      <CodeTextGrp>
        <CodeText xml:lang="nb">Kaldvalsing og pressing av profilerte plater og profiler</CodeText>
        <CodeText xml:lang="en">Cold forming and folding</CodeText>
      </CodeTextGrp>
    </Code>
    <Code id="urn:ssb:code:stabas:4670004-4676478">
      <CodeValue>27.34</CodeValue>
      <CodeTextGrp>
        <CodeText xml:lang="nb">Trekking av tråd</CodeText>
        <CodeText xml:lang="en">Wire drawing</CodeText>
      </CodeTextGrp>
    </Code>
    <Code id="urn:ssb:code:stabas:4670004-4676494">
      <CodeValue>27.41</CodeValue>
      <CodeTextGrp>
        <CodeText xml:lang="nb">Produksjon av edelmetaller</CodeText>
        <CodeText xml:lang="en">Precious metals production</CodeText>
      </CodeTextGrp>
    </Code>
    <Code id="urn:ssb:code:stabas:4670004-4676530">
      <CodeValue>27.42</CodeValue>
      <CodeTextGrp>
        <CodeText xml:lang="nb">Produksjon av aluminium</CodeText>
        <CodeText xml:lang="en">Aluminium production</CodeText>
      </CodeTextGrp>
    </Code>
    <Code id="urn:ssb:code:stabas:4670004-4676582">
      <CodeValue>27.43</CodeValue>
      <CodeTextGrp>
        <CodeText xml:lang="nb">Produksjon av bly sink og tinn</CodeText>
        <CodeText xml:lang="en">Lead zinc and tin production</CodeText>
      </CodeTextGrp>
    </Code>
    <Code id="urn:ssb:code:stabas:4670004-4676652">
      <CodeValue>27.44</CodeValue>
      <CodeTextGrp>
        <CodeText xml:lang="nb">Produksjon av kobber</CodeText>
        <CodeText xml:lang="en">Copper production</CodeText>
      </CodeTextGrp>
    </Code>
    <Code id="urn:ssb:code:stabas:4670004-4676704">
      <CodeValue>27.45</CodeValue>
      <CodeTextGrp>
        <CodeText xml:lang="nb">Produksjon av ikke-jernholdige metaller ellers</CodeText>
        <CodeText xml:lang="en">Other non-ferrous metal production</CodeText>
      </CodeTextGrp>
    </Code>
    <Code id="urn:ssb:code:stabas:4670004-4676770">
      <CodeValue>27.51</CodeValue>
      <CodeTextGrp>
        <CodeText xml:lang="nb">Støping av jern</CodeText>
        <CodeText xml:lang="en">Casting of iron</CodeText>
      </CodeTextGrp>
    </Code>
    <Code id="urn:ssb:code:stabas:4670004-4676812">
      <CodeValue>27.52</CodeValue>
      <CodeTextGrp>
        <CodeText xml:lang="nb">Støping av stål</CodeText>
        <CodeText xml:lang="en">Casting of steel</CodeText>
      </CodeTextGrp>
    </Code>
    <Code id="urn:ssb:code:stabas:4670004-4676826">
      <CodeValue>27.53</CodeValue>
      <CodeTextGrp>
        <CodeText xml:lang="nb">Støping av lettmetaller</CodeText>
        <CodeText xml:lang="en">Casting of light metals</CodeText>
      </CodeTextGrp>
    </Code>
    <Code id="urn:ssb:code:stabas:4670004-4676842">
      <CodeValue>27.54</CodeValue>
      <CodeTextGrp>
        <CodeText xml:lang="nb">Støping av andre ikke-jernholdige metaller</CodeText>
        <CodeText xml:lang="en">Casting of other non-ferrous metals</CodeText>
      </CodeTextGrp>
    </Code>
    <Code id="urn:ssb:code:stabas:4670004-4676858">
      <CodeValue>28.11</CodeValue>
      <CodeTextGrp>
        <CodeText xml:lang="nb">Produksjon av metallkonstruksjoner og deler</CodeText>
        <CodeText xml:lang="en">Manufacture of metal structures and parts of structures</CodeText>
      </CodeTextGrp>
    </Code>
    <Code id="urn:ssb:code:stabas:4670004-4676896">
      <CodeValue>28.12</CodeValue>
      <CodeTextGrp>
        <CodeText xml:lang="nb">Produksjon av bygningsartikler av metall</CodeText>
        <CodeText xml:lang="en">Manufacture of builders carpentry and joinery of metal</CodeText>
      </CodeTextGrp>
    </Code>
    <Code id="urn:ssb:code:stabas:4670004-4676904">
      <CodeValue>28.21</CodeValue>
      <CodeTextGrp>
        <CodeText xml:lang="nb">Produksjon av cisterner tanker og beholdere av metall</CodeText>
        <CodeText xml:lang="en">Manufacture of tanks reservoirs and containers of metal</CodeText>
      </CodeTextGrp>
    </Code>
    <Code id="urn:ssb:code:stabas:4670004-4676928">
      <CodeValue>28.22</CodeValue>
      <CodeTextGrp>
        <CodeText xml:lang="nb">Produksjon av radiatorer og kjeler til sentralvarmeanlegg</CodeText>
        <CodeText xml:lang="en">Manufacture of central heating radiators and boilers</CodeText>
      </CodeTextGrp>
    </Code>
    <Code id="urn:ssb:code:stabas:4670004-4676948">
      <CodeValue>28.30</CodeValue>
      <CodeTextGrp>
        <CodeText xml:lang="nb">Produksjon av dampkjeler unntatt kjeler til sentralvarmeanlegg</CodeText>
        <CodeText xml:lang="en">Manufacture of steam generators except central heating hot water boilers</CodeText>
      </CodeTextGrp>
    </Code>
    <Code id="urn:ssb:code:stabas:4670004-4676988">
      <CodeValue>28.40</CodeValue>
      <CodeTextGrp>
        <CodeText xml:lang="nb">Smiing stansing og valsing av metall. Pulvermetallurgi</CodeText>
        <CodeText xml:lang="en">Forging pressing stamping and roll forming of metal powder metallurgy</CodeText>
      </CodeTextGrp>
    </Code>
    <Code id="urn:ssb:code:stabas:4670004-4677064">
      <CodeValue>28.51</CodeValue>
      <CodeTextGrp>
        <CodeText xml:lang="nb">Overflatebehandling av metaller</CodeText>
        <CodeText xml:lang="en">Treatment and coating of metals</CodeText>
      </CodeTextGrp>
    </Code>
    <Code id="urn:ssb:code:stabas:4670004-4677096">
      <CodeValue>28.52</CodeValue>
      <CodeTextGrp>
        <CodeText xml:lang="nb">Bearbeiding av metaller</CodeText>
        <CodeText xml:lang="en">General mechanical engineering</CodeText>
      </CodeTextGrp>
    </Code>
    <Code id="urn:ssb:code:stabas:4670004-4677118">
      <CodeValue>28.61</CodeValue>
      <CodeTextGrp>
        <CodeText xml:lang="nb">Produksjon av kjøkkenredskaper skjære- og klipperedskaper</CodeText>
        <CodeText xml:lang="en">Manufacture of cutlery</CodeText>
      </CodeTextGrp>
    </Code>
    <Code id="urn:ssb:code:stabas:4670004-4677154">
      <CodeValue>28.62</CodeValue>
      <CodeTextGrp>
        <CodeText xml:lang="nb">Produksjon av håndverktøy</CodeText>
        <CodeText xml:lang="en">Manufacture of tools</CodeText>
      </CodeTextGrp>
    </Code>
    <Code id="urn:ssb:code:stabas:4670004-4677316">
      <CodeValue>28.63</CodeValue>
      <CodeTextGrp>
        <CodeText xml:lang="nb">Produksjon av låser og beslag</CodeText>
        <CodeText xml:lang="en">Manufacture of locks and hinges</CodeText>
      </CodeTextGrp>
    </Code>
    <Code id="urn:ssb:code:stabas:4670004-4677358">
      <CodeValue>28.71</CodeValue>
      <CodeTextGrp>
        <CodeText xml:lang="nb">Produksjon av stålfat og liknende beholdere av jern og stål</CodeText>
        <CodeText xml:lang="en">Manufacture of steel drums and similar containers</CodeText>
      </CodeTextGrp>
    </Code>
    <Code id="urn:ssb:code:stabas:4670004-4677368">
      <CodeValue>28.72</CodeValue>
      <CodeTextGrp>
        <CodeText xml:lang="nb">Produksjon av emballasje av lettmetall</CodeText>
        <CodeText xml:lang="en">Manufacture of light metal packaging</CodeText>
      </CodeTextGrp>
    </Code>
    <Code id="urn:ssb:code:stabas:4670004-4677398">
      <CodeValue>28.73</CodeValue>
      <CodeTextGrp>
        <CodeText xml:lang="nb">Produksjon av varer av metalltråd</CodeText>
        <CodeText xml:lang="en">Manufacture of wire products</CodeText>
      </CodeTextGrp>
    </Code>
    <Code id="urn:ssb:code:stabas:4670004-4677464">
      <CodeValue>28.74</CodeValue>
      <CodeTextGrp>
        <CodeText xml:lang="nb">Produksjon av bolter skruer muttere kjetting og fjærer</CodeText>
        <CodeText xml:lang="en">Manufacture of fasteners screw machine products chain and springs</CodeText>
      </CodeTextGrp>
    </Code>
    <Code id="urn:ssb:code:stabas:4670004-4677568">
      <CodeValue>28.75</CodeValue>
      <CodeTextGrp>
        <CodeText xml:lang="nb">Produksjon av metallvarer ellers</CodeText>
        <CodeText xml:lang="en">Manufacture of other fabricated metal products n.e.c.</CodeText>
      </CodeTextGrp>
    </Code>
    <Code id="urn:ssb:code:stabas:4670004-4677706">
      <CodeValue>29.11</CodeValue>
      <CodeTextGrp>
        <CodeText xml:lang="nb">Produksjon av motorer og turbiner unntatt motorer til luftfartøyer og motorvogner</CodeText>
        <CodeText xml:lang="en">Manufacture of engines and turbines except aircraft vehicle and cycle engines</CodeText>
      </CodeTextGrp>
    </Code>
    <Code id="urn:ssb:code:stabas:4670004-4677786">
      <CodeValue>29.12</CodeValue>
      <CodeTextGrp>
        <CodeText xml:lang="nb">Produksjon av pumper og kompressorer</CodeText>
        <CodeText xml:lang="en">Manufacture of pumps and compressors</CodeText>
      </CodeTextGrp>
    </Code>
    <Code id="urn:ssb:code:stabas:4670004-4677950">
      <CodeValue>29.13</CodeValue>
      <CodeTextGrp>
        <CodeText xml:lang="nb">Produksjon av kraner og ventiler</CodeText>
        <CodeText xml:lang="en">Manufacture of taps and valves</CodeText>
      </CodeTextGrp>
    </Code>
    <Code id="urn:ssb:code:stabas:4670004-4678012">
      <CodeValue>29.14</CodeValue>
      <CodeTextGrp>
        <CodeText xml:lang="nb">Produksjon av lagre gir tannhjulsutvekslinger og andre innretninger for kraftoverføring</CodeText>
        <CodeText xml:lang="en">Manufacture of bearings gears gearing and driving elements</CodeText>
      </CodeTextGrp>
    </Code>
    <Code id="urn:ssb:code:stabas:4670004-4678090">
      <CodeValue>29.21</CodeValue>
      <CodeTextGrp>
        <CodeText xml:lang="nb">Produksjon av industri- og laboratorieovner</CodeText>
        <CodeText xml:lang="en">Manufacture of furnaces and furnace burners</CodeText>
      </CodeTextGrp>
    </Code>
    <Code id="urn:ssb:code:stabas:4670004-4678136">
      <CodeValue>29.22</CodeValue>
      <CodeTextGrp>
        <CodeText xml:lang="nb">Produksjon av løfte- og håndteringsutstyr</CodeText>
        <CodeText xml:lang="en">Manufacture of lifting and handling equipment</CodeText>
      </CodeTextGrp>
    </Code>
    <Code id="urn:ssb:code:stabas:4670004-4678254">
      <CodeValue>29.23</CodeValue>
      <CodeTextGrp>
        <CodeText xml:lang="nb">Produksjon av kjøle- og ventilasjonsanlegg unntatt til husholdningsbruk</CodeText>
        <CodeText xml:lang="en">Manufacture of non-domestic cooling and ventilation equipment</CodeText>
      </CodeTextGrp>
    </Code>
    <Code id="urn:ssb:code:stabas:4670004-4678326">
      <CodeValue>29.24</CodeValue>
      <CodeTextGrp>
        <CodeText xml:lang="nb">Produksjon av maskiner og utstyr til generell bruk ellers</CodeText>
        <CodeText xml:lang="en">Manufacture of other general purpose machinery n.e.c.</CodeText>
      </CodeTextGrp>
    </Code>
    <Code id="urn:ssb:code:stabas:4670004-4678458">
      <CodeValue>29.31</CodeValue>
      <CodeTextGrp>
        <CodeText xml:lang="nb">Produksjon av jordbruks- og skogbrukstraktorer</CodeText>
        <CodeText xml:lang="en">Manufacture of agricultural tractors</CodeText>
      </CodeTextGrp>
    </Code>
    <Code id="urn:ssb:code:stabas:4670004-4678486">
      <CodeValue>29.32</CodeValue>
      <CodeTextGrp>
        <CodeText xml:lang="nb">Produksjon av jordbruks- og skogbruksmaskiner og -utstyr ellers</CodeText>
        <CodeText xml:lang="en">Manufacture of other agricultural and forestry machinery</CodeText>
      </CodeTextGrp>
    </Code>
    <Code id="urn:ssb:code:stabas:4670004-4678644">
      <CodeValue>29.41</CodeValue>
      <CodeTextGrp>
        <CodeText xml:lang="nb">Produksjon av bærbart motordrevet håndverktøy</CodeText>
        <CodeText xml:lang="en">Manufacture of portable hand held power tools</CodeText>
      </CodeTextGrp>
    </Code>
    <Code id="urn:ssb:code:stabas:4670004-4678692">
      <CodeValue>29.42</CodeValue>
      <CodeTextGrp>
        <CodeText xml:lang="nb">Produksjon av annet maskinverktøy til metallbearbeiding</CodeText>
        <CodeText xml:lang="en">Manufacture of other metalworking machine tools</CodeText>
      </CodeTextGrp>
    </Code>
    <Code id="urn:ssb:code:stabas:4670004-4678852">
      <CodeValue>29.43</CodeValue>
      <CodeTextGrp>
        <CodeText xml:lang="nb">Produksjon av maskinverktøy ikke nevnt annet sted</CodeText>
        <CodeText xml:lang="en">Manufacture of other machine tools n.e.c.</CodeText>
      </CodeTextGrp>
    </Code>
    <Code id="urn:ssb:code:stabas:4670004-4678962">
      <CodeValue>29.51</CodeValue>
      <CodeTextGrp>
        <CodeText xml:lang="nb">Produksjon av maskiner og utstyr til metallurgisk industri</CodeText>
        <CodeText xml:lang="en">Manufacture of machinery for metallurgy</CodeText>
      </CodeTextGrp>
    </Code>
    <Code id="urn:ssb:code:stabas:4670004-4678994">
      <CodeValue>29.52</CodeValue>
      <CodeTextGrp>
        <CodeText xml:lang="nb">Produksjon av maskiner og utstyr til bergverksdrift og bygge- og anleggsvirksomhet</CodeText>
        <CodeText xml:lang="en">Manufacture of machinery for mining quarrying and construction</CodeText>
      </CodeTextGrp>
    </Code>
    <Code id="urn:ssb:code:stabas:4670004-4679092">
      <CodeValue>29.53</CodeValue>
      <CodeTextGrp>
        <CodeText xml:lang="nb">Produksjon av maskiner og utstyr til nærings- og nytelsesmiddelindustri</CodeText>
        <CodeText xml:lang="en">Manufacture of machinery for food beverage and tobacco processing</CodeText>
      </CodeTextGrp>
    </Code>
    <Code id="urn:ssb:code:stabas:4670004-4679170">
      <CodeValue>29.54</CodeValue>
      <CodeTextGrp>
        <CodeText xml:lang="nb">Produksjon av maskiner og utstyr til tekstil- konfeksjons- og lærvareindustri</CodeText>
        <CodeText xml:lang="en">Manufacture of machinery for textile apparel and leather production</CodeText>
      </CodeTextGrp>
    </Code>
    <Code id="urn:ssb:code:stabas:4670004-4679284">
      <CodeValue>29.55</CodeValue>
      <CodeTextGrp>
        <CodeText xml:lang="nb">Produksjon av maskiner og utstyr til papir- og pappvareindustri</CodeText>
        <CodeText xml:lang="en">Manufacture of machinery for paper and paperboard production</CodeText>
      </CodeTextGrp>
    </Code>
    <Code id="urn:ssb:code:stabas:4670004-4679328">
      <CodeValue>29.56</CodeValue>
      <CodeTextGrp>
        <CodeText xml:lang="nb">Produksjon av spesialmaskiner ellers</CodeText>
        <CodeText xml:lang="en">Manufacture of other special purpose machinery n.e.c.</CodeText>
      </CodeTextGrp>
    </Code>
    <Code id="urn:ssb:code:stabas:4670004-4679472">
      <CodeValue>29.60</CodeValue>
      <CodeTextGrp>
        <CodeText xml:lang="nb">Produksjon av våpen og ammunisjon</CodeText>
        <CodeText xml:lang="en">Manufacture of weapons and ammunition</CodeText>
      </CodeTextGrp>
    </Code>
    <Code id="urn:ssb:code:stabas:4670004-4679514">
      <CodeValue>29.71</CodeValue>
      <CodeTextGrp>
        <CodeText xml:lang="nb">Produksjon av elektriske husholdningsmaskiner og -apparater</CodeText>
        <CodeText xml:lang="en">Manufacture of electric domestic appliances</CodeText>
      </CodeTextGrp>
    </Code>
    <Code id="urn:ssb:code:stabas:4670004-4679644">
      <CodeValue>29.72</CodeValue>
      <CodeTextGrp>
        <CodeText xml:lang="nb">Produksjon av ikke-elektriske husholdningsmaskiner og -apparater</CodeText>
        <CodeText xml:lang="en">Manufacture of non-electric domestic appliances</CodeText>
      </CodeTextGrp>
    </Code>
    <Code id="urn:ssb:code:stabas:4670004-4679682">
      <CodeValue>30.01</CodeValue>
      <CodeTextGrp>
        <CodeText xml:lang="nb">Produksjon av kontormaskiner</CodeText>
        <CodeText xml:lang="en">Manufacture of office machinery</CodeText>
      </CodeTextGrp>
    </Code>
    <Code id="urn:ssb:code:stabas:4670004-4679742">
      <CodeValue>30.02</CodeValue>
      <CodeTextGrp>
        <CodeText xml:lang="nb">Produksjon av datamaskiner og annet databehandlingsutstyr</CodeText>
        <CodeText xml:lang="en">Manufacture of computers and other information processing equipment</CodeText>
      </CodeTextGrp>
    </Code>
    <Code id="urn:ssb:code:stabas:4670004-4679796">
      <CodeValue>31.10</CodeValue>
      <CodeTextGrp>
        <CodeText xml:lang="nb">Produksjon av elektromotorer generatorer og transformatorer</CodeText>
        <CodeText xml:lang="en">Manufacture of electric motors generators and transformers</CodeText>
      </CodeTextGrp>
    </Code>
    <Code id="urn:ssb:code:stabas:4670004-4679950">
      <CodeValue>31.20</CodeValue>
      <CodeTextGrp>
        <CodeText xml:lang="nb">Produksjon av elektriske fordelings- og kontrolltavler og paneler</CodeText>
        <CodeText xml:lang="en">Manufacture of electricity distribution and control apparatus</CodeText>
      </CodeTextGrp>
    </Code>
    <Code id="urn:ssb:code:stabas:4670004-4680048">
      <CodeValue>31.30</CodeValue>
      <CodeTextGrp>
        <CodeText xml:lang="nb">Produksjon av isolert ledning og kabel</CodeText>
        <CodeText xml:lang="en">Manufacture of insulated wire and cable</CodeText>
      </CodeTextGrp>
    </Code>
    <Code id="urn:ssb:code:stabas:4670004-4680076">
      <CodeValue>31.40</CodeValue>
      <CodeTextGrp>
        <CodeText xml:lang="nb">Produksjon av akkumulatorer tørrelementer og batterier</CodeText>
        <CodeText xml:lang="en">Manufacture of accumulators primary cells and primary batteries</CodeText>
      </CodeTextGrp>
    </Code>
    <Code id="urn:ssb:code:stabas:4670004-4680168">
      <CodeValue>31.50</CodeValue>
      <CodeTextGrp>
        <CodeText xml:lang="nb">Produksjon av belysningsutstyr og elektriske lamper</CodeText>
        <CodeText xml:lang="en">Manufacture of lighting equipment and electric lamps</CodeText>
      </CodeTextGrp>
    </Code>
    <Code id="urn:ssb:code:stabas:4670004-4680254">
      <CodeValue>31.61</CodeValue>
      <CodeTextGrp>
        <CodeText xml:lang="nb">Produksjon av elektrisk utstyr til motorer og kjøretøyer</CodeText>
        <CodeText xml:lang="en">Manufacture of electrical equipment for engines and vehicles n.e.c.</CodeText>
      </CodeTextGrp>
    </Code>
    <Code id="urn:ssb:code:stabas:4670004-4680292">
      <CodeValue>31.62</CodeValue>
      <CodeTextGrp>
        <CodeText xml:lang="nb">Produksjon av elektrisk utstyr ellers</CodeText>
        <CodeText xml:lang="en">Manufacture of other electrical equipment n.e.c.</CodeText>
      </CodeTextGrp>
    </Code>
    <Code id="urn:ssb:code:stabas:4670004-4680368">
      <CodeValue>32.10</CodeValue>
      <CodeTextGrp>
        <CodeText xml:lang="nb">Produksjon av elektronrør og andre elektroniske komponenter</CodeText>
        <CodeText xml:lang="en">Manufacture of electronic valves and tubes and other electronic components</CodeText>
      </CodeTextGrp>
    </Code>
    <Code id="urn:ssb:code:stabas:4670004-4680498">
      <CodeValue>32.20</CodeValue>
      <CodeTextGrp>
        <CodeText xml:lang="nb">Produksjon av radio- og fjernsynssendere og apparater til linjetelefoni og -telegrafi</CodeText>
        <CodeText xml:lang="en">Manufacture of television and radio transmitters and apparatus for line telephony and line telegraphy</CodeText>
      </CodeTextGrp>
    </Code>
    <Code id="urn:ssb:code:stabas:4670004-4680538">
      <CodeValue>32.30</CodeValue>
      <CodeTextGrp>
        <CodeText xml:lang="nb">Produksjon av radio- og fjernsynsmottakere og apparater og utstyr til opptak og gjengivelse av lyd og bilde samt tilhørende varer</CodeText>
        <CodeText xml:lang="en">Manufacture of television and radio receivers sound or video recording or reproducing apparatus and associated goods</CodeText>
      </CodeTextGrp>
    </Code>
    <Code id="urn:ssb:code:stabas:4670004-4680674">
      <CodeValue>33.10</CodeValue>
      <CodeTextGrp>
        <CodeText xml:lang="nb">Produksjon av medisinsk og kirurgisk utstyr og ortopediske artikler</CodeText>
        <CodeText xml:lang="en">Manufacture of medical and surgical equipment and orthopaedic appliances</CodeText>
      </CodeTextGrp>
    </Code>
    <Code id="urn:ssb:code:stabas:4670004-4680782">
      <CodeValue>33.20</CodeValue>
      <CodeTextGrp>
        <CodeText xml:lang="nb">Produksjon av måle- og kontrollinstrumenter og -utstyr unntatt industrielle prosesstyringsanlegg</CodeText>
        <CodeText xml:lang="en">Manufacture of instruments and appliances for measuring checking testing navigating and other purposes except industrial process control equipment</CodeText>
      </CodeTextGrp>
    </Code>
    <Code id="urn:ssb:code:stabas:4670004-4681044">
      <CodeValue>33.30</CodeValue>
      <CodeTextGrp>
        <CodeText xml:lang="nb">Produksjon av industrielle prosesstyringsanlegg</CodeText>
        <CodeText xml:lang="en">Manufacture of industrial process control equipment</CodeText>
      </CodeTextGrp>
    </Code>
    <Code id="urn:ssb:code:stabas:4670004-4681050">
      <CodeValue>33.40</CodeValue>
      <CodeTextGrp>
        <CodeText xml:lang="nb">Produksjon av optiske instrumenter og fotografisk utstyr</CodeText>
        <CodeText xml:lang="en">Manufacture of optical instruments and photographic equipment</CodeText>
      </CodeTextGrp>
    </Code>
    <Code id="urn:ssb:code:stabas:4670004-4681200">
      <CodeValue>33.50</CodeValue>
      <CodeTextGrp>
        <CodeText xml:lang="nb">Produksjon av klokker og ur</CodeText>
        <CodeText xml:lang="en">Manufacture of watches and clocks</CodeText>
      </CodeTextGrp>
    </Code>
    <Code id="urn:ssb:code:stabas:4670004-4681330">
      <CodeValue>34.10</CodeValue>
      <CodeTextGrp>
        <CodeText xml:lang="nb">Produksjon av motorvogner</CodeText>
        <CodeText xml:lang="en">Manufacture of motor vehicles</CodeText>
      </CodeTextGrp>
    </Code>
    <Code id="urn:ssb:code:stabas:4670004-4681434">
      <CodeValue>34.20</CodeValue>
      <CodeTextGrp>
        <CodeText xml:lang="nb">Produksjon av karosserier og tilhengere</CodeText>
        <CodeText xml:lang="en">Manufacture of bodies (coachwork) for motor vehicles manufacture of trailers and semi-trailers</CodeText>
      </CodeTextGrp>
    </Code>
    <Code id="urn:ssb:code:stabas:4670004-4681470">
      <CodeValue>34.30</CodeValue>
      <CodeTextGrp>
        <CodeText xml:lang="nb">Produksjon av deler og utstyr til motorvogner og motorer</CodeText>
        <CodeText xml:lang="en">Manufacture of parts and accessories for motor vehicles and their engines</CodeText>
      </CodeTextGrp>
    </Code>
    <Code id="urn:ssb:code:stabas:4670004-4681516">
      <CodeValue>35.11</CodeValue>
      <CodeTextGrp>
        <CodeText xml:lang="nb">Bygging og reparasjon av skip</CodeText>
        <CodeText xml:lang="en">Building and repairing of ships</CodeText>
      </CodeTextGrp>
    </Code>
    <Code id="urn:ssb:code:stabas:4670004-4681612">
      <CodeValue>35.12</CodeValue>
      <CodeTextGrp>
        <CodeText xml:lang="nb">Bygging og reparasjon av fritidsbåter</CodeText>
        <CodeText xml:lang="en">Building and repairing of pleasure and sporting boats</CodeText>
      </CodeTextGrp>
    </Code>
    <Code id="urn:ssb:code:stabas:4670004-4681646">
      <CodeValue>35.20</CodeValue>
      <CodeTextGrp>
        <CodeText xml:lang="nb">Produksjon og reparasjon av lokomotiver og annet rullende materiell til jernbane og sporvei</CodeText>
        <CodeText xml:lang="en">Manufacture of railway and tramway locomotives and rolling stock</CodeText>
      </CodeTextGrp>
    </Code>
    <Code id="urn:ssb:code:stabas:4670004-4681700">
      <CodeValue>35.30</CodeValue>
      <CodeTextGrp>
        <CodeText xml:lang="nb">Produksjon og reparasjon av luftfartøyer og romfartøyer</CodeText>
        <CodeText xml:lang="en">Manufacture of aircraft and spacecraft</CodeText>
      </CodeTextGrp>
    </Code>
    <Code id="urn:ssb:code:stabas:4670004-4681784">
      <CodeValue>35.41</CodeValue>
      <CodeTextGrp>
        <CodeText xml:lang="nb">Produksjon av motorsykler</CodeText>
        <CodeText xml:lang="en">Manufacture of motorcycles</CodeText>
      </CodeTextGrp>
    </Code>
    <Code id="urn:ssb:code:stabas:4670004-4681812">
      <CodeValue>35.42</CodeValue>
      <CodeTextGrp>
        <CodeText xml:lang="nb">Produksjon av sykler</CodeText>
        <CodeText xml:lang="en">Manufacture of bicycles</CodeText>
      </CodeTextGrp>
    </Code>
    <Code id="urn:ssb:code:stabas:4670004-4681850">
      <CodeValue>35.43</CodeValue>
      <CodeTextGrp>
        <CodeText xml:lang="nb">Produksjon av invalidevogner</CodeText>
        <CodeText xml:lang="en">Manufacture of invalid carriages</CodeText>
      </CodeTextGrp>
    </Code>
    <Code id="urn:ssb:code:stabas:4670004-4681862">
      <CodeValue>35.50</CodeValue>
      <CodeTextGrp>
        <CodeText xml:lang="nb">Produksjon av transportmidler ellers</CodeText>
        <CodeText xml:lang="en">Manufacture of other transport equipment n.e.c.</CodeText>
      </CodeTextGrp>
    </Code>
    <Code id="urn:ssb:code:stabas:4670004-4681868">
      <CodeValue>36.11</CodeValue>
      <CodeTextGrp>
        <CodeText xml:lang="nb">Produksjon av sittemøbler</CodeText>
        <CodeText xml:lang="en">Manufacture of chairs and seats</CodeText>
      </CodeTextGrp>
    </Code>
    <Code id="urn:ssb:code:stabas:4670004-4681904">
      <CodeValue>36.12</CodeValue>
      <CodeTextGrp>
        <CodeText xml:lang="nb">Produksjon av andre møbler for kontor og butikk</CodeText>
        <CodeText xml:lang="en">Manufacture of other office and shop furniture</CodeText>
      </CodeTextGrp>
    </Code>
    <Code id="urn:ssb:code:stabas:4670004-4681934">
      <CodeValue>36.13</CodeValue>
      <CodeTextGrp>
        <CodeText xml:lang="nb">Produksjon av andre kjøkkenmøbler</CodeText>
        <CodeText xml:lang="en">Manufacture of other kitchen furniture</CodeText>
      </CodeTextGrp>
    </Code>
    <Code id="urn:ssb:code:stabas:4670004-4681942">
      <CodeValue>36.14</CodeValue>
      <CodeTextGrp>
        <CodeText xml:lang="nb">Produksjon av møbler ellers</CodeText>
        <CodeText xml:lang="en">Manufacture of other furniture</CodeText>
      </CodeTextGrp>
    </Code>
    <Code id="urn:ssb:code:stabas:4670004-4681972">
      <CodeValue>36.15</CodeValue>
      <CodeTextGrp>
        <CodeText xml:lang="nb">Produksjon av madrasser</CodeText>
        <CodeText xml:lang="en">Manufacture of mattresses</CodeText>
      </CodeTextGrp>
    </Code>
    <Code id="urn:ssb:code:stabas:4670004-4681988">
      <CodeValue>36.21</CodeValue>
      <CodeTextGrp>
        <CodeText xml:lang="nb">Preging av mynter og medaljer</CodeText>
        <CodeText xml:lang="en">Striking of coins</CodeText>
      </CodeTextGrp>
    </Code>
    <Code id="urn:ssb:code:stabas:4670004-4681994">
      <CodeValue>36.22</CodeValue>
      <CodeTextGrp>
        <CodeText xml:lang="nb">Produksjon av smykker og varer av edle metaller edelstener og halvedelstener</CodeText>
        <CodeText xml:lang="en">Manufacture of jewellery and related articles n.e.c.</CodeText>
      </CodeTextGrp>
    </Code>
    <Code id="urn:ssb:code:stabas:4670004-4682030">
      <CodeValue>36.30</CodeValue>
      <CodeTextGrp>
        <CodeText xml:lang="nb">Produksjon av musikkinstrumenter</CodeText>
        <CodeText xml:lang="en">Manufacture of musical instruments</CodeText>
      </CodeTextGrp>
    </Code>
    <Code id="urn:ssb:code:stabas:4670004-4682108">
      <CodeValue>36.40</CodeValue>
      <CodeTextGrp>
        <CodeText xml:lang="nb">Produksjon av sportsartikler</CodeText>
        <CodeText xml:lang="en">Manufacture of sports goods</CodeText>
      </CodeTextGrp>
    </Code>
    <Code id="urn:ssb:code:stabas:4670004-4682154">
      <CodeValue>36.50</CodeValue>
      <CodeTextGrp>
        <CodeText xml:lang="nb">Produksjon av spill og leker</CodeText>
        <CodeText xml:lang="en">Manufacture of games and toys</CodeText>
      </CodeTextGrp>
    </Code>
    <Code id="urn:ssb:code:stabas:4670004-4682244">
      <CodeValue>36.61</CodeValue>
      <CodeTextGrp>
        <CodeText xml:lang="nb">Produksjon av bijouterivarer</CodeText>
        <CodeText xml:lang="en">Manufacture of imitation jewellery</CodeText>
      </CodeTextGrp>
    </Code>
    <Code id="urn:ssb:code:stabas:4670004-4682254">
      <CodeValue>36.62</CodeValue>
      <CodeTextGrp>
        <CodeText xml:lang="nb">Produksjon av koster og børster</CodeText>
        <CodeText xml:lang="en">Manufacture of brooms and brushes</CodeText>
      </CodeTextGrp>
    </Code>
    <Code id="urn:ssb:code:stabas:4670004-4682286">
      <CodeValue>36.63</CodeValue>
      <CodeTextGrp>
        <CodeText xml:lang="nb">Industriproduksjon ikke nevnt annet sted</CodeText>
        <CodeText xml:lang="en">Other manufacturing n.e.c.</CodeText>
      </CodeTextGrp>
    </Code>
    <Code id="urn:ssb:code:stabas:4670004-4682460">
      <CodeValue>37.10</CodeValue>
      <CodeTextGrp>
        <CodeText xml:lang="nb">Gjenvinning av metallholdig avfall og skrap</CodeText>
        <CodeText xml:lang="en">Recycling of metal waste and scrap</CodeText>
      </CodeTextGrp>
    </Code>
    <Code id="urn:ssb:code:stabas:4670004-4682470">
      <CodeValue>37.20</CodeValue>
      <CodeTextGrp>
        <CodeText xml:lang="nb">Gjenvinning av ikke-metallholdig avfall og skrap</CodeText>
        <CodeText xml:lang="en">Recycling of non-metal waste and scrap</CodeText>
      </CodeTextGrp>
    </Code>
  </Codes>
</Codelist>