<?xml version="1.0" encoding="utf-8"?>
<Codelist xmlns:xsi="http://www.w3.org/2001/XMLSchema-instance" xmlns:xsd="http://www.w3.org/2001/XMLSchema" id="urn:ssb:codelist:stabas:467929" lastChangedDate="2006-11-16" isCurrent="false" relationId="urn:ssb:classversion:stabas:467926" xmlns="http://www.ssb.no/ns/meta/codelist">
  <CodelistMeta>
    <TitleGrp>
      <Title xml:lang="nn">Lågaste klassetrinn: Lågaste klassetrinn</Title>
      <Title xml:lang="nb">Laveste klassetrinn: Laveste klassetrinn</Title>
    </TitleGrp>
    <DescriptionGrp>
      <Description xml:lang="nn">LTRIN: Det lågaste klassetrinnet innanfor ei bestemt utdanning. Vi kan skilje mellom klassetrinn for enkeltutdanningar og klassetrinn for samlekodar. Enkeltutdanningane har førehandsbestemte klassetrinn, mens dei som har teke utdanning som fell inn under samlekodane, vil finnast på forskjellige klassetrinn. Klassetrinna blir rekna frå nivå 1 (barneskoleutdanning), der det første året i grunnskolen er klassetrinn 01. Nivå 1 og 2 utgjer klassetrinn 01 - 10. Det første året etter obligatorisk grunnskole (nivå 3) blir såleis 11. klassetrinn osv. Høgaste klassetrinn er 22 (forskarutdanning). Sjå vidare forklaring nedanfor:

Tredeling av nivå	        Nivå	               Nivånamn	                                                      Klassetrinn	                          
Obligatorisk utdanning       1	    Barneskoleutdanning	                                   1.-7. klassetrinn
	                          2	    Ungdomsskoleutdanning	                                   8-10. klassetrinn 
Mellomutdanning               3	    Vidaregåande, grunnutdanning 	                  11.-12. klassetrinn
                     	          4	    Vidaregåande, avsluttande utdanning                   13. klassetrinn +
	                          5	    Påbygging til vidaregåande utdanning                   14. klassetrinn +
Universitets- og                  6	    Universitets- og høgskoleutdanning, lågare nivå	   14. -17. klassetrinn 
høgskoleutdanning            7        Universitets- og høgskoleutdanning, høgare nivå   18.-19. klassetrinn
                                          8	    Forskarutdanning	                                                   20. klassetrinn +





</Description>
      <Description xml:lang="nb">LTRIN: Det laveste klassetrinnet innenfor den bestemte utdanningen. Vi kan skille mellom klassetrinn for enkeltutdanninger og klassetrinn for samlekoder. Enkeltutdanningene har forhåndsbestemte klassetrinn, mens de som har tatt utdanning som faller inn under samlekodene vil befinne seg på ulike klassetrinn. Klassetrinn regnes fra nivå 1 (barneskoleutdanning), hvor første året i grunnskolen er klassetrinn 01. Nivåene 1 og 2 utgjør klassetrinn 01 - 10. Første år etter obligatorisk grunnskole (nivå 3) blir således 11. klassetrinn osv. Høyeste klassetrinn er 22 (forskerutdanning). Se videre forklaring under:

Tredeling av nivå	        Nivå	               Nivånavn	                                                      Klassetrinn	                          
Obligatorisk utdanning       1	    Barneskoleutdanning	                                   1.-7. klassetrinn
	                          2	    Ungdomsskoleutdanning	                                   8-10. klassetrinn 
Mellomutdanning               3	    Videregående, grunnutdanning 	                  11.-12. klassetrinn
                     	          4	    Videregående, avsluttende utdanning                   13. klassetrinn +
	                          5	    Påbygging til videregående utdanning                   14. klassetrinn +
Universitets- og                  6	    Universitets- og høgskoleutdanning, lavere nivå	   14. -17. klassetrinn 
høgskoleutdanning            7        Universitets- og høgskoleutdanning, høyere nivå	   18.-19. klassetrinn
                                          8	    Forskerutdanning	                                                   20. klassetrinn +
</Description>
    </DescriptionGrp>
    <ContactInformation>
      <Person xmlns="http://www.ssb.no/ns/meta/common">gki</Person>
      <Division xmlns="http://www.ssb.no/ns/meta/common">320</Division>
    </ContactInformation>
    <NoteGrp>
      <Note xml:lang="nn">Reform 97 førte til at den obligatoriske grunnskoleutdanninga vart forlengd med eit år. I dag begynner barna på skolen i ein alder av seks år, og grunnskolen er tiårig. Dei aller fleste som er fødde i Noreg i dag, har berre ni år eller kortare obligatorisk grunnskoleutdanning. Det er bestemt at Reform 97 skal leggjast til grunn for klassetrinnsklassifiseringa. For å gjere det enkelt blir det ikkje skilt mellom forskjellige lengder på grunnskoleutdanninga. Dette har ført til at dei som ikkje har gjennomført ti års obligatorisk grunnskoleutdanning, blir behandla som om dei har det. Ein person som fullførte grunnskolen før Reform 97, og som har treårig vidaregåande skole, blir såleis plassert i klassetrinn 13, sjølv om vedkomande i realiteten har 12 års skolegang og dermed er på 12. klassetrinn.

</Note>
      <Note xml:lang="nb">Reform 97 førte til at den obligatoriske grunnskoleutdanningen ble forlenget med ett år. I dag begynner man på skolen i en alder av seks år, og grunnskolen har en varighet på ti år. De aller fleste som er født i Norge pr. i dag har bare ni eller færre års obligatorisk grunnskoleutdanning. For å ta hensyn til Reform 97 er det bestemt at denne skal legges til grunn for klassetrinnsklassifiseringen, og at det av forenklingshensyn ikke skilles mellom dem som har ulik lengde på grunnskoleutdanningen. Dette har ført til at de som ikke har gjennomført ti års obligatorisk grunnskoleutdanning behandles som om de har det. En person som har fullført grunnskolen før Reform 97, og som har treårig videregående skole, blir dermed plassert i klassetrinn 13, selv om vedkommende i realiteten har 12 års skolegang, og dermed befinner seg på 12. klassetrinn.
</Note>
    </NoteGrp>
  </CodelistMeta>
  <Codes>
    <Code id="urn:ssb:code:stabas:467929-467932">
      <CodeValue>01</CodeValue>
      <CodeTextGrp>
        <CodeText xml:lang="nn">Frå klassetrinn 1</CodeText>
        <CodeText xml:lang="nb">Fra klassetrinn 1</CodeText>
      </CodeTextGrp>
    </Code>
    <Code id="urn:ssb:code:stabas:467929-467937">
      <CodeValue>02</CodeValue>
      <CodeTextGrp>
        <CodeText xml:lang="nn">Frå klassetrinn 2</CodeText>
        <CodeText xml:lang="nb">Fra klassetrinn 2</CodeText>
      </CodeTextGrp>
    </Code>
    <Code id="urn:ssb:code:stabas:467929-467939">
      <CodeValue>03</CodeValue>
      <CodeTextGrp>
        <CodeText xml:lang="nn">Frå klassetrinn 3</CodeText>
        <CodeText xml:lang="nb">Fra klassetrinn 3</CodeText>
      </CodeTextGrp>
    </Code>
    <Code id="urn:ssb:code:stabas:467929-467941">
      <CodeValue>04</CodeValue>
      <CodeTextGrp>
        <CodeText xml:lang="nn">Frå klassetrinn 4</CodeText>
        <CodeText xml:lang="nb">Fra klassetrinn 4</CodeText>
      </CodeTextGrp>
    </Code>
    <Code id="urn:ssb:code:stabas:467929-467943">
      <CodeValue>05</CodeValue>
      <CodeTextGrp>
        <CodeText xml:lang="nn">Frå klassetrinn 5</CodeText>
        <CodeText xml:lang="nb">Fra klassetrinn 5</CodeText>
      </CodeTextGrp>
    </Code>
    <Code id="urn:ssb:code:stabas:467929-467945">
      <CodeValue>06</CodeValue>
      <CodeTextGrp>
        <CodeText xml:lang="nn">Frå klassetrinn 6</CodeText>
        <CodeText xml:lang="nb">Fra klassetrinn 6</CodeText>
      </CodeTextGrp>
    </Code>
    <Code id="urn:ssb:code:stabas:467929-467947">
      <CodeValue>07</CodeValue>
      <CodeTextGrp>
        <CodeText xml:lang="nn">Frå klassetrinn 7</CodeText>
        <CodeText xml:lang="nb">Fra klassetrinn 7</CodeText>
      </CodeTextGrp>
    </Code>
    <Code id="urn:ssb:code:stabas:467929-467949">
      <CodeValue>08</CodeValue>
      <CodeTextGrp>
        <CodeText xml:lang="nn">Frå klassetrinn 8</CodeText>
        <CodeText xml:lang="nb">Fra klassetrinn 8</CodeText>
      </CodeTextGrp>
    </Code>
    <Code id="urn:ssb:code:stabas:467929-467963">
      <CodeValue>09</CodeValue>
      <CodeTextGrp>
        <CodeText xml:lang="nn">Frå klassetrinn 9</CodeText>
        <CodeText xml:lang="nb">Fra klassetrinn 9</CodeText>
      </CodeTextGrp>
    </Code>
    <Code id="urn:ssb:code:stabas:467929-467967">
      <CodeValue>10</CodeValue>
      <CodeTextGrp>
        <CodeText xml:lang="nn">Frå klassetrinn 10</CodeText>
        <CodeText xml:lang="nb">Fra klassetrinn 10</CodeText>
      </CodeTextGrp>
    </Code>
    <Code id="urn:ssb:code:stabas:467929-467971">
      <CodeValue>11</CodeValue>
      <CodeTextGrp>
        <CodeText xml:lang="nn">Frå klassetrinn 11</CodeText>
        <CodeText xml:lang="nb">Fra klassetrinn 11</CodeText>
      </CodeTextGrp>
    </Code>
    <Code id="urn:ssb:code:stabas:467929-469110">
      <CodeValue>12</CodeValue>
      <CodeTextGrp>
        <CodeText xml:lang="nn">Frå klassetrinn 12</CodeText>
        <CodeText xml:lang="nb">Fra klassetrinn 12</CodeText>
      </CodeTextGrp>
    </Code>
    <Code id="urn:ssb:code:stabas:467929-469383">
      <CodeValue>13</CodeValue>
      <CodeTextGrp>
        <CodeText xml:lang="nn">Frå klassetrinn 13</CodeText>
        <CodeText xml:lang="nb">Fra klassetrinn 13</CodeText>
      </CodeTextGrp>
    </Code>
    <Code id="urn:ssb:code:stabas:467929-469918">
      <CodeValue>14</CodeValue>
      <CodeTextGrp>
        <CodeText xml:lang="nn">Frå klassetrinn 14</CodeText>
        <CodeText xml:lang="nb">Fra klassetrinn 14</CodeText>
      </CodeTextGrp>
    </Code>
    <Code id="urn:ssb:code:stabas:467929-472331">
      <CodeValue>15</CodeValue>
      <CodeTextGrp>
        <CodeText xml:lang="nn">Frå klassetrinn 15</CodeText>
        <CodeText xml:lang="nb">Fra klassetrinn 15</CodeText>
      </CodeTextGrp>
    </Code>
    <Code id="urn:ssb:code:stabas:467929-472353">
      <CodeValue>16</CodeValue>
      <CodeTextGrp>
        <CodeText xml:lang="nn">Frå klassetrinn 16</CodeText>
        <CodeText xml:lang="nb">Fra klassetrinn 16</CodeText>
      </CodeTextGrp>
    </Code>
    <Code id="urn:ssb:code:stabas:467929-472556">
      <CodeValue>17</CodeValue>
      <CodeTextGrp>
        <CodeText xml:lang="nn">Frå klassetrinn 17</CodeText>
        <CodeText xml:lang="nb">Fra klassetrinn 17</CodeText>
      </CodeTextGrp>
    </Code>
    <Code id="urn:ssb:code:stabas:467929-473112">
      <CodeValue>18</CodeValue>
      <CodeTextGrp>
        <CodeText xml:lang="nn">Frå klassetrinn 18</CodeText>
        <CodeText xml:lang="nb">Fra klassetrinn 18</CodeText>
      </CodeTextGrp>
    </Code>
    <Code id="urn:ssb:code:stabas:467929-473541">
      <CodeValue>19</CodeValue>
      <CodeTextGrp>
        <CodeText xml:lang="nn">Frå klassetrinn 19</CodeText>
        <CodeText xml:lang="nb">Fra klassetrinn 19</CodeText>
      </CodeTextGrp>
    </Code>
    <Code id="urn:ssb:code:stabas:467929-473727">
      <CodeValue>20</CodeValue>
      <CodeTextGrp>
        <CodeText xml:lang="nn">Frå klassetrinn 20</CodeText>
        <CodeText xml:lang="nb">Fra klassetrinn 20</CodeText>
      </CodeTextGrp>
    </Code>
    <Code id="urn:ssb:code:stabas:467929-474333">
      <CodeValue>21</CodeValue>
      <CodeTextGrp>
        <CodeText xml:lang="nn">Frå klassetrinn 21</CodeText>
        <CodeText xml:lang="nb">Fra klassetrinn 21</CodeText>
      </CodeTextGrp>
    </Code>
    <Code id="urn:ssb:code:stabas:467929-474335">
      <CodeValue>22</CodeValue>
      <CodeTextGrp>
        <CodeText xml:lang="nn">Frå klassetrinn 22</CodeText>
        <CodeText xml:lang="nb">Fra klassetrinn 22</CodeText>
      </CodeTextGrp>
    </Code>
  </Codes>
</Codelist>