<?xml version="1.0" encoding="utf-8"?>
<Codelist xmlns:xsi="http://www.w3.org/2001/XMLSchema-instance" xmlns:xsd="http://www.w3.org/2001/XMLSchema" id="urn:ssb:codelist:stabas:4684793" defaultValidFrom="2006-01-01" defaultValidTo="2006-12-31" lastChangedDate="2007-11-13" parentCodelistId="urn:ssb:codelist:stabas:4818025" isCurrent="true" relationId="urn:ssb:classversion:stabas:4684789" xmlns="http://www.ssb.no/ns/meta/codelist">
  <CodelistMeta>
    <TitleGrp>
      <Title xml:lang="nn">Verdsdel, alternativ gruppering 2006: Verdsdel, alternativ gruppering</Title>
      <Title xml:lang="nb">Verdensdel, alternativ gruppering 2006: Verdensdel, alternativ gruppering</Title>
      <Title xml:lang="en">Continents, alternative grouping 2006: Continents, alternative grouping</Title>
    </TitleGrp>
    <DescriptionGrp>
      <Description xml:lang="nn">Ikkje relevant</Description>
      <Description xml:lang="nb">Ikke relevant</Description>
      <Description xml:lang="en">Not relevant</Description>
    </DescriptionGrp>
    <ContactInformation>
      <Person xmlns="http://www.ssb.no/ns/meta/common">kva</Person>
      <Division xmlns="http://www.ssb.no/ns/meta/common">320</Division>
    </ContactInformation>
    <NoteGrp>
      <Note xml:lang="nn">Ikkje relevant</Note>
      <Note xml:lang="nb">Ikke relevant</Note>
      <Note xml:lang="en">Not relevant</Note>
    </NoteGrp>
  </CodelistMeta>
  <Codes>
    <Code id="urn:ssb:code:stabas:4684793-4684796" parentCodeId="urn:ssb:code:stabas:4818025-4818027">
      <CodeValue>0</CodeValue>
      <CodeTextGrp>
        <CodeText xml:lang="nn">Noreg</CodeText>
        <CodeText xml:lang="nb">Norge</CodeText>
        <CodeText xml:lang="en">Norway</CodeText>
      </CodeTextGrp>
    </Code>
    <Code id="urn:ssb:code:stabas:4684793-4684799" parentCodeId="urn:ssb:code:stabas:4818025-4818029">
      <CodeValue>1</CodeValue>
      <CodeTextGrp>
        <CodeText xml:lang="nn">Europa unnateke Tyrkia</CodeText>
        <CodeText xml:lang="nb">Europa unntatt Tyrkia</CodeText>
        <CodeText xml:lang="en">Europe except Turkey</CodeText>
      </CodeTextGrp>
    </Code>
    <Code id="urn:ssb:code:stabas:4684793-4684846" parentCodeId="urn:ssb:code:stabas:4818025-4818029">
      <CodeValue>2</CodeValue>
      <CodeTextGrp>
        <CodeText xml:lang="nn">Afrika</CodeText>
        <CodeText xml:lang="nb">Afrika</CodeText>
        <CodeText xml:lang="en">Africa</CodeText>
      </CodeTextGrp>
    </Code>
    <Code id="urn:ssb:code:stabas:4684793-4684906" parentCodeId="urn:ssb:code:stabas:4818025-4818029">
      <CodeValue>3</CodeValue>
      <CodeTextGrp>
        <CodeText xml:lang="nn">Asia med Tyrkia</CodeText>
        <CodeText xml:lang="nb">Asia med Tyrkia</CodeText>
        <CodeText xml:lang="en">Asia including Turkey</CodeText>
      </CodeTextGrp>
    </Code>
    <Code id="urn:ssb:code:stabas:4684793-4684959" parentCodeId="urn:ssb:code:stabas:4818025-4818029">
      <CodeValue>4</CodeValue>
      <CodeTextGrp>
        <CodeText xml:lang="nn">Nord-Amerika</CodeText>
        <CodeText xml:lang="nb">Nord-Amerika</CodeText>
        <CodeText xml:lang="en">North America</CodeText>
      </CodeTextGrp>
    </Code>
    <Code id="urn:ssb:code:stabas:4684793-4684963" parentCodeId="urn:ssb:code:stabas:4818025-4818029">
      <CodeValue>5</CodeValue>
      <CodeTextGrp>
        <CodeText xml:lang="nn">Sør- og Mellom-Amerika</CodeText>
        <CodeText xml:lang="nb">Sør- og Mellom-Amerika</CodeText>
        <CodeText xml:lang="en">South- og Central-Amerika</CodeText>
      </CodeTextGrp>
    </Code>
    <Code id="urn:ssb:code:stabas:4684793-4685013" parentCodeId="urn:ssb:code:stabas:4818025-4818029">
      <CodeValue>6</CodeValue>
      <CodeTextGrp>
        <CodeText xml:lang="nn">Oseania</CodeText>
        <CodeText xml:lang="nb">Oseania</CodeText>
        <CodeText xml:lang="en">Oceania</CodeText>
      </CodeTextGrp>
    </Code>
    <Code id="urn:ssb:code:stabas:4684793-4685043" parentCodeId="urn:ssb:code:stabas:4818025-4818029">
      <CodeValue>8</CodeValue>
      <CodeTextGrp>
        <CodeText xml:lang="nn">Statslaus</CodeText>
        <CodeText xml:lang="nb">Statsløs</CodeText>
        <CodeText xml:lang="en">Stateless</CodeText>
      </CodeTextGrp>
    </Code>
    <Code id="urn:ssb:code:stabas:4684793-4685045" parentCodeId="urn:ssb:code:stabas:4818025-4818029">
      <CodeValue>9</CodeValue>
      <CodeTextGrp>
        <CodeText xml:lang="nn">Ikkje oppgjeve</CodeText>
        <CodeText xml:lang="nb">Uoppgitt</CodeText>
        <CodeText xml:lang="en">Unknown</CodeText>
      </CodeTextGrp>
    </Code>
  </Codes>
</Codelist>