<?xml version="1.0" encoding="utf-8"?>
<Codelist xmlns:xsi="http://www.w3.org/2001/XMLSchema-instance" xmlns:xsd="http://www.w3.org/2001/XMLSchema" id="urn:ssb:codelist:stabas:4688003" defaultValidFrom="2007-01-01" defaultValidTo="2007-06-30" lastChangedDate="2011-01-25" isCurrent="false" relationId="urn:ssb:classversion:stabas:4688001" xmlns="http://www.ssb.no/ns/meta/codelist">
  <CodelistMeta>
    <TitleGrp>
      <Title xml:lang="nn">Norsk standard for utdanningsgruppering (NUS2000) 2007/1 : Utdanningsnivå</Title>
      <Title xml:lang="nb">Norsk standard for utdanningsgruppering (NUS2000) 2007/1: Utdanningsnivå</Title>
      <Title xml:lang="en">Norwegian Standard Classification of Education (NUS2000) 2007/1: Education level</Title>
    </TitleGrp>
    <DescriptionGrp>
      <Description xml:lang="nn">Norsk standard for utdanningsgruppering(NUS2000) blir brukt for å gruppere utdanningsaktivitetar og utdanningsbakgrunn til personar i SSBs utdanningsstatistikk og i andre statistikkar der utdanning er med som ein variabel. I tillegg blir standarden brukt i ekstern forsking og av ei rekkje bedrifter som nyttar han i sine personal-administrative system. For meir informasjon, sjå NOS C 676 (under publikasjonar).</Description>
      <Description xml:lang="nb">Norsk standard for utdanningsgruppering (NUS2000) brukes for å gruppere personers utdanningsaktiviteter og personers utdanningsbakgrunn i SSBs utdanningsstatistikk og i andre statistikker der utdanning inngår som en variabel. I tillegg brukes standarden i ekstern forskning og av en rekke bedrifter i deres personal-administrative systemer. For mer informasjon, se NOS C 617  (under publikasjoner).</Description>
      <Description xml:lang="en">The Norwegian Standard Classification of Education (NUS2000) is used for grouping peoples education activities and education background. The standard is used in Statistic Norway's education statistics, and in other statistics where education is included as an variable. In addition to this, the standard is used in external research and of companies in their personal administrative systems. For more information, see NOS C 751 (under publications).

</Description>
    </DescriptionGrp>
    <ContactInformation>
      <Person xmlns="http://www.ssb.no/ns/meta/common">gki</Person>
      <Division xmlns="http://www.ssb.no/ns/meta/common">360</Division>
    </ContactInformation>
    <NoteGrp>
      <Note xml:lang="nn">Hovudendringane i høve til dei tidlegare utgåvene av Norsk standard for utdanningsgruppering (NUS1970, NUS1973, NUS1989), er ei ny nivåinndeling, ei faginndeling som er lik på alle nivå, og ei presisering av kva fag kvar enkeltutdanning omfattar. Ei anna stor endring er innføring av grupperinga kodetype. For utdanningsaktivitetar fullførde innanfor det ordinære utdanningssystemet i Noreg, skal standarden vere fullstendig. Alle utdanningsaktivitar har eigne utdanningskodar. Konkret inneber dette mellom anna at gradar og fag under lov om vidaregåande opplæring har eigne kodar. Andre utdanningsaktivitetar blir òg klassifiserte gjennom standarden, men da med bruk av samlekodar som er spesifiserte anten på fagfelt, faggruppe eller utdanningsgruppe.</Note>
      <Note xml:lang="nb">Hovedendringene i forhold til de tidligere utgavene av Norsk standard for utdanningsgruppering (NUS1970, NUS1973, NUS1989), er en ny nivåinndeling, en faginndeling som er lik på alle nivåer, og en presisering av hvilke fag hver enkeltutdanning omfatter.En annen stor endring er innføring av grupperingen kodetype. For utdanningsaktiviteter fullført innenfor det ordinære utdanningssystemet i Norge skal standarden være fullstendig. Alle utdanningsaktiviteter har egne utdanningskoder. Konkret innebærer dette blant annet at grader og fag under lov om videregående opplæring har egne koder. Andre utdanningsaktiviteter klassifiseres også gjennom standarden, men da ved bruk av samlekoder spesifisert enten på fagfelt, faggruppe eller utdanningsgruppe</Note>
      <Note xml:lang="en">The main changes compared with the previous versions of The Norwegian Standard Classification of Education (NUS1970, NUS1973, NUS1989) is a new classification of levels, a distribution of subjects equal on all levels, and an specification on which subjects each education include. An other big change is the introduction of code type. For education activities completed within Norway's ordinary education system, the standard shall be complete. All education activities have their own education codes. This means, for example, that grades and subjects under the Upper Secondary Education Act have own codes. Also other education activities is classified with the standard, but then with use of codes ether specified on education field, subject group or education group.









</Note>
    </NoteGrp>
  </CodelistMeta>
  <Codes>
    <Code id="urn:ssb:code:stabas:4688003-4688013">
      <CodeValue>0</CodeValue>
      <CodeTextGrp>
        <CodeText xml:lang="nn">Inga utdanning og førskoleutdanning</CodeText>
        <CodeText xml:lang="nb">Ingen utdanning og førskoleutdanning</CodeText>
        <CodeText xml:lang="en">No education and pre-school education</CodeText>
      </CodeTextGrp>
    </Code>
    <Code id="urn:ssb:code:stabas:4688003-4688025">
      <CodeValue>1</CodeValue>
      <CodeTextGrp>
        <CodeText xml:lang="nn">Barneskoleutdanning</CodeText>
        <CodeText xml:lang="nb">Barneskoleutdanning</CodeText>
        <CodeText xml:lang="en">Primary education</CodeText>
      </CodeTextGrp>
    </Code>
    <Code id="urn:ssb:code:stabas:4688003-4688043">
      <CodeValue>2</CodeValue>
      <CodeTextGrp>
        <CodeText xml:lang="nn">Ungdomsskoleutdanning</CodeText>
        <CodeText xml:lang="nb">Ungdomsskoleutdanning</CodeText>
        <CodeText xml:lang="en">Lower secondary education</CodeText>
      </CodeTextGrp>
    </Code>
    <Code id="urn:ssb:code:stabas:4688003-4688137">
      <CodeValue>3</CodeValue>
      <CodeTextGrp>
        <CodeText xml:lang="nn">Vidaregåande, grunnutdanning</CodeText>
        <CodeText xml:lang="nb">Videregående, grunnutdanning</CodeText>
        <CodeText xml:lang="en">Upper secondary, basic </CodeText>
      </CodeTextGrp>
    </Code>
    <Code id="urn:ssb:code:stabas:4688003-4689469">
      <CodeValue>4</CodeValue>
      <CodeTextGrp>
        <CodeText xml:lang="nn">Vidaregåande, avsluttande utdanning</CodeText>
        <CodeText xml:lang="nb">Videregående, avsluttende utdanning</CodeText>
        <CodeText xml:lang="en">Upper secondary, final year</CodeText>
      </CodeTextGrp>
    </Code>
    <Code id="urn:ssb:code:stabas:4688003-4690947">
      <CodeValue>5</CodeValue>
      <CodeTextGrp>
        <CodeText xml:lang="nn">Påbygging til vidaregåande utdanning</CodeText>
        <CodeText xml:lang="nb">Påbygging til videregående utdanning</CodeText>
        <CodeText xml:lang="en">Post-secondary non-tertiary education</CodeText>
      </CodeTextGrp>
    </Code>
    <Code id="urn:ssb:code:stabas:4688003-4692045">
      <CodeValue>6</CodeValue>
      <CodeTextGrp>
        <CodeText xml:lang="nn">Universitets- og høgskoleutdanning, lågare nivå</CodeText>
        <CodeText xml:lang="nb">Universitets- og høgskoleutdanning, lavere nivå</CodeText>
        <CodeText xml:lang="en">First stage of tertiary education, undergraduate level</CodeText>
      </CodeTextGrp>
    </Code>
    <Code id="urn:ssb:code:stabas:4688003-4694825">
      <CodeValue>7</CodeValue>
      <CodeTextGrp>
        <CodeText xml:lang="nn">Universitets- og høgskoleutdanning, høgare nivå</CodeText>
        <CodeText xml:lang="nb">Universitets- og høgskoleutdanning, høyere nivå</CodeText>
        <CodeText xml:lang="en">First stage of tertiary education, graduate level</CodeText>
      </CodeTextGrp>
    </Code>
    <Code id="urn:ssb:code:stabas:4688003-4697431">
      <CodeValue>8</CodeValue>
      <CodeTextGrp>
        <CodeText xml:lang="nn">Forskarutdanning</CodeText>
        <CodeText xml:lang="nb">Forskerutdanning</CodeText>
        <CodeText xml:lang="en">Second stage of tertiary education (postgraduate education)</CodeText>
      </CodeTextGrp>
    </Code>
    <Code id="urn:ssb:code:stabas:4688003-4698727">
      <CodeValue>9</CodeValue>
      <CodeTextGrp>
        <CodeText xml:lang="nn">Uoppgitt</CodeText>
        <CodeText xml:lang="nb">Uoppgitt</CodeText>
        <CodeText xml:lang="en">Unspecified</CodeText>
      </CodeTextGrp>
    </Code>
  </Codes>
</Codelist>