<?xml version="1.0" encoding="utf-8"?>
<Codelist xmlns:xsi="http://www.w3.org/2001/XMLSchema-instance" xmlns:xsd="http://www.w3.org/2001/XMLSchema" id="urn:ssb:codelist:stabas:4732522" defaultValidFrom="2007-01-01" defaultValidTo="2007-06-30" lastChangedDate="2011-01-24" isCurrent="false" relationId="urn:ssb:classversion:stabas:4732520" xmlns="http://www.ssb.no/ns/meta/codelist">
  <CodelistMeta>
    <TitleGrp>
      <Title xml:lang="nn">Studieretning/utdanningsprogram (NUS 2007/1): Studieretning/utdanningsprogram</Title>
      <Title xml:lang="nb">Studieretning/utdanningsprogram (NUS 2007/1): Studieretning utdanningsprogram</Title>
      <Title xml:lang="en">Areas of study- /education programmes (NUS 2007/1): Areas of study- /education programmes</Title>
    </TitleGrp>
    <DescriptionGrp>
      <Description xml:lang="nn">Studieretnings-/utdanningsprogramkode blir brukt for å gruppere utdanningar på nivå 3-5. Dette er ei skjematisk standardgruppering som framfor alt er tenkt som ei forenkling i samband med presentasjonen av offisiell utdanningsstatistikk. Studieretningskodane 21-50, samt 99, høyrer inn under Reform 94. Utdanningsprogramkodane 60-98 høyrer inn under reforma Kunnskapsløftet frå 2006, men  Alternativ opplæring (kode 98) er ikkje eit utdanningsprogram. For meir informasjon, sjå pkt. 3.2.4. i NOS C 676 (under publikasjoner).





</Description>
      <Description xml:lang="nb">Studieretnings-/utdanningsprogramkode brukes for å gruppere utdanninger på nivå 3-5. Dette er en grovere standardgruppering som først og fremst er tenkt som en forenkling i forbindelse med presentasjon av offisiell utdanningsstatistikk. Studieretningskodene 21-50, samt 99, hører inn under Reform 94. Utdanningsprogramkodene 60-98 hører inn under reformen Kunnskapsløftet fra 2006, men  Alternativ opplæring (kode 98) er ikke et utdanningsprogram. For mer informasjon, se pkt. 3.2.4. i NOS C 617  (under publikasjoner).





</Description>
      <Description xml:lang="en">An area of study- /education programme code is used to classify educations at level 3-5. This is a course standard classification primarily for simplifying the presentation of official education statistics. The area of study codes 21-50, and 99, belong to Reform 94. The education programmes 60-98 belong to The Knowledge Promotion from 2006, but Alternative education (code 98) is not an education programme. For more information, see 3.2.4. in NOS C 751 (under publications). 









</Description>
    </DescriptionGrp>
    <ContactInformation>
      <Person xmlns="http://www.ssb.no/ns/meta/common">gki</Person>
      <Division xmlns="http://www.ssb.no/ns/meta/common">360</Division>
    </ContactInformation>
    <NoteGrp>
      <Note xml:lang="nn">Ikkje relevant</Note>
      <Note xml:lang="nb">Ikke relevant</Note>
      <Note xml:lang="en">Not relevant</Note>
    </NoteGrp>
  </CodelistMeta>
  <Codes>
    <Code id="urn:ssb:code:stabas:4732522-4732526">
      <CodeValue>21</CodeValue>
      <CodeTextGrp>
        <CodeText xml:lang="nn">Allmenne, økonomiske og administrative fag</CodeText>
        <CodeText xml:lang="nb">Allmenne, økonomiske og administrative fag</CodeText>
        <CodeText xml:lang="en">General and business studies</CodeText>
      </CodeTextGrp>
    </Code>
    <Code id="urn:ssb:code:stabas:4732522-4732564">
      <CodeValue>22</CodeValue>
      <CodeTextGrp>
        <CodeText xml:lang="nn">Musikk, dans og drama</CodeText>
        <CodeText xml:lang="nb">Musikk, dans og drama</CodeText>
        <CodeText xml:lang="en">Music, dance and drama</CodeText>
      </CodeTextGrp>
    </Code>
    <Code id="urn:ssb:code:stabas:4732522-4732580">
      <CodeValue>23</CodeValue>
      <CodeTextGrp>
        <CodeText xml:lang="nn">Idrettsfag</CodeText>
        <CodeText xml:lang="nb">Idrettsfag</CodeText>
        <CodeText xml:lang="en">Sports and physical education</CodeText>
      </CodeTextGrp>
    </Code>
    <Code id="urn:ssb:code:stabas:4732522-4732588">
      <CodeValue>31</CodeValue>
      <CodeTextGrp>
        <CodeText xml:lang="nn">Helse- og sosialfag</CodeText>
        <CodeText xml:lang="nb">Helse- og sosialfag</CodeText>
        <CodeText xml:lang="en">Health and social care studies</CodeText>
      </CodeTextGrp>
    </Code>
    <Code id="urn:ssb:code:stabas:4732522-4737832">
      <CodeValue>32</CodeValue>
      <CodeTextGrp>
        <CodeText xml:lang="nn">Naturbruk</CodeText>
        <CodeText xml:lang="nb">Naturbruk</CodeText>
        <CodeText xml:lang="en">Agriculture, fishing and forestry</CodeText>
      </CodeTextGrp>
    </Code>
    <Code id="urn:ssb:code:stabas:4732522-4737882">
      <CodeValue>33</CodeValue>
      <CodeTextGrp>
        <CodeText xml:lang="nn">Formgivingsfag</CodeText>
        <CodeText xml:lang="nb">Formgivingsfag</CodeText>
        <CodeText xml:lang="en">Arts, crafts and design studies</CodeText>
      </CodeTextGrp>
    </Code>
    <Code id="urn:ssb:code:stabas:4732522-4737988">
      <CodeValue>34</CodeValue>
      <CodeTextGrp>
        <CodeText xml:lang="nn">Hotell- og næringsmiddelfag</CodeText>
        <CodeText xml:lang="nb">Hotell- og næringsmiddelfag</CodeText>
        <CodeText xml:lang="en">Hotel and food-processing trades</CodeText>
      </CodeTextGrp>
    </Code>
    <Code id="urn:ssb:code:stabas:4732522-4738034">
      <CodeValue>35</CodeValue>
      <CodeTextGrp>
        <CodeText xml:lang="nn">Byggfag</CodeText>
        <CodeText xml:lang="nb">Byggfag</CodeText>
        <CodeText xml:lang="en">Building and construction</CodeText>
      </CodeTextGrp>
    </Code>
    <Code id="urn:ssb:code:stabas:4732522-4738086">
      <CodeValue>36</CodeValue>
      <CodeTextGrp>
        <CodeText xml:lang="nn">Tekniske byggfag</CodeText>
        <CodeText xml:lang="nb">Tekniske byggfag</CodeText>
        <CodeText xml:lang="en">Technical building trades</CodeText>
      </CodeTextGrp>
    </Code>
    <Code id="urn:ssb:code:stabas:4732522-4738138">
      <CodeValue>37</CodeValue>
      <CodeTextGrp>
        <CodeText xml:lang="nn">Elektrofag</CodeText>
        <CodeText xml:lang="nb">Elektrofag</CodeText>
        <CodeText xml:lang="en">Electrical trades</CodeText>
      </CodeTextGrp>
    </Code>
    <Code id="urn:ssb:code:stabas:4732522-4738224">
      <CodeValue>38</CodeValue>
      <CodeTextGrp>
        <CodeText xml:lang="nn">Mekaniske fag</CodeText>
        <CodeText xml:lang="nb">Mekaniske fag</CodeText>
        <CodeText xml:lang="en">Engineering and mechanical trades</CodeText>
      </CodeTextGrp>
    </Code>
    <Code id="urn:ssb:code:stabas:4732522-4738406">
      <CodeValue>39</CodeValue>
      <CodeTextGrp>
        <CodeText xml:lang="nn">Kjemi- og prosessfag</CodeText>
        <CodeText xml:lang="nb">Kjemi- og prosessfag</CodeText>
        <CodeText xml:lang="en">Chemical and processing trades</CodeText>
      </CodeTextGrp>
    </Code>
    <Code id="urn:ssb:code:stabas:4732522-4738424">
      <CodeValue>40</CodeValue>
      <CodeTextGrp>
        <CodeText xml:lang="nn">Trearbeidsfag</CodeText>
        <CodeText xml:lang="nb">Trearbeidsfag</CodeText>
        <CodeText xml:lang="en">Woodworking trades</CodeText>
      </CodeTextGrp>
    </Code>
    <Code id="urn:ssb:code:stabas:4732522-4738472">
      <CodeValue>41</CodeValue>
      <CodeTextGrp>
        <CodeText xml:lang="nn">Medium og kommunikasjon</CodeText>
        <CodeText xml:lang="nb">Medier og kommunikasjon</CodeText>
        <CodeText xml:lang="en">Media and communication</CodeText>
      </CodeTextGrp>
    </Code>
    <Code id="urn:ssb:code:stabas:4732522-4738496">
      <CodeValue>42</CodeValue>
      <CodeTextGrp>
        <CodeText xml:lang="nn">Sal og service</CodeText>
        <CodeText xml:lang="nb">Salg og service</CodeText>
        <CodeText xml:lang="en">Sales and service</CodeText>
      </CodeTextGrp>
    </Code>
    <Code id="urn:ssb:code:stabas:4732522-4738512">
      <CodeValue>50</CodeValue>
      <CodeTextGrp>
        <CodeText xml:lang="nn">Teknisk fagskole</CodeText>
        <CodeText xml:lang="nb">Teknisk fagskole t.o.m. skoleåret 2006/07</CodeText>
        <CodeText xml:lang="en">Technical vocational school including school year 2006/07</CodeText>
      </CodeTextGrp>
    </Code>
    <Code id="urn:ssb:code:stabas:4732522-4738594">
      <CodeValue>60</CodeValue>
      <CodeTextGrp>
        <CodeText xml:lang="nn">Idrettsfag</CodeText>
        <CodeText xml:lang="nb">Idrettsfag</CodeText>
        <CodeText xml:lang="en">Sports and physical education</CodeText>
      </CodeTextGrp>
    </Code>
    <Code id="urn:ssb:code:stabas:4732522-4738598">
      <CodeValue>61</CodeValue>
      <CodeTextGrp>
        <CodeText xml:lang="nn">Musikk, dans og drama </CodeText>
        <CodeText xml:lang="nb">Musikk, dans og drama</CodeText>
        <CodeText xml:lang="en">Music, dance and drama</CodeText>
      </CodeTextGrp>
    </Code>
    <Code id="urn:ssb:code:stabas:4732522-4738602">
      <CodeValue>62</CodeValue>
      <CodeTextGrp>
        <CodeText xml:lang="nn">Studiespesialisering </CodeText>
        <CodeText xml:lang="nb">Studiespesialisering</CodeText>
        <CodeText xml:lang="en">Specialization in general studies</CodeText>
      </CodeTextGrp>
    </Code>
    <Code id="urn:ssb:code:stabas:4732522-4738606">
      <CodeValue>70</CodeValue>
      <CodeTextGrp>
        <CodeText xml:lang="nn">Bygg- og anleggsteknikk   </CodeText>
        <CodeText xml:lang="nb">Bygg- og anleggsteknikk</CodeText>
        <CodeText xml:lang="en">Building and construction</CodeText>
      </CodeTextGrp>
    </Code>
    <Code id="urn:ssb:code:stabas:4732522-4738610">
      <CodeValue>71</CodeValue>
      <CodeTextGrp>
        <CodeText xml:lang="nn">Design og handverk</CodeText>
        <CodeText xml:lang="nb">Design og håndverk</CodeText>
        <CodeText xml:lang="en">Design, arts and crafts</CodeText>
      </CodeTextGrp>
    </Code>
    <Code id="urn:ssb:code:stabas:4732522-4738614">
      <CodeValue>72</CodeValue>
      <CodeTextGrp>
        <CodeText xml:lang="nn">Elektrofag </CodeText>
        <CodeText xml:lang="nb">Elektrofag</CodeText>
        <CodeText xml:lang="en">Electricity and electronic</CodeText>
      </CodeTextGrp>
    </Code>
    <Code id="urn:ssb:code:stabas:4732522-4738618">
      <CodeValue>73</CodeValue>
      <CodeTextGrp>
        <CodeText xml:lang="nn">Helse- og sosialfag </CodeText>
        <CodeText xml:lang="nb">Helse- og sosialfag</CodeText>
        <CodeText xml:lang="en">Health and social care</CodeText>
      </CodeTextGrp>
    </Code>
    <Code id="urn:ssb:code:stabas:4732522-4738622">
      <CodeValue>74</CodeValue>
      <CodeTextGrp>
        <CodeText xml:lang="nn">Medium og kommunikasjon</CodeText>
        <CodeText xml:lang="nb">Medier og kommunikasjon</CodeText>
        <CodeText xml:lang="en">Media and communication</CodeText>
      </CodeTextGrp>
    </Code>
    <Code id="urn:ssb:code:stabas:4732522-4738626">
      <CodeValue>75</CodeValue>
      <CodeTextGrp>
        <CodeText xml:lang="nn">Naturbruk </CodeText>
        <CodeText xml:lang="nb">Naturbruk</CodeText>
        <CodeText xml:lang="en">Agriculture, fishing and forestry</CodeText>
      </CodeTextGrp>
    </Code>
    <Code id="urn:ssb:code:stabas:4732522-4738630">
      <CodeValue>76</CodeValue>
      <CodeTextGrp>
        <CodeText xml:lang="nn">Restaurant- og matfag </CodeText>
        <CodeText xml:lang="nb">Restaurant- og matfag</CodeText>
        <CodeText xml:lang="en">Restaurant  and food processing</CodeText>
      </CodeTextGrp>
    </Code>
    <Code id="urn:ssb:code:stabas:4732522-4738634">
      <CodeValue>77</CodeValue>
      <CodeTextGrp>
        <CodeText xml:lang="nn">Service og samferdsel </CodeText>
        <CodeText xml:lang="nb">Service og samferdsel</CodeText>
        <CodeText xml:lang="en">Service and transport</CodeText>
      </CodeTextGrp>
    </Code>
    <Code id="urn:ssb:code:stabas:4732522-4738638">
      <CodeValue>78</CodeValue>
      <CodeTextGrp>
        <CodeText xml:lang="nn">Teknikk og industriell produksjon </CodeText>
        <CodeText xml:lang="nb">Teknikk og industriell produksjon</CodeText>
        <CodeText xml:lang="en">Technical and industrial production</CodeText>
      </CodeTextGrp>
    </Code>
    <Code id="urn:ssb:code:stabas:4732522-4738642">
      <CodeValue>98</CodeValue>
      <CodeTextGrp>
        <CodeText xml:lang="nn">Alternativ opplæring </CodeText>
        <CodeText xml:lang="nb">Alternativ opplæring</CodeText>
        <CodeText xml:lang="en">Alternative education</CodeText>
      </CodeTextGrp>
    </Code>
    <Code id="urn:ssb:code:stabas:4732522-4738646">
      <CodeValue>99</CodeValue>
      <CodeTextGrp>
        <CodeText xml:lang="nn">Kurs for praksiskandidatar, alle studieretningar</CodeText>
        <CodeText xml:lang="nb">Kurs for praksiskanditater, alle studieretninger (ikke i bruk)</CodeText>
        <CodeText xml:lang="en">Course for practice candidates, unspecified area of study (not in use)</CodeText>
      </CodeTextGrp>
    </Code>
  </Codes>
</Codelist>