<?xml version="1.0" encoding="utf-8"?>
<Codelist xmlns:xsi="http://www.w3.org/2001/XMLSchema-instance" xmlns:xsd="http://www.w3.org/2001/XMLSchema" id="urn:ssb:codelist:stabas:4739604" defaultValidFrom="2007-01-01" defaultValidTo="2007-06-30" lastChangedDate="2011-01-24" isCurrent="false" relationId="urn:ssb:classversion:stabas:4739602" xmlns="http://www.ssb.no/ns/meta/codelist">
  <CodelistMeta>
    <TitleGrp>
      <Title xml:lang="nn">Kompetansekode (NUS 2007/1): Kompetansekode</Title>
      <Title xml:lang="nb">Kompetansekode (NUS 2007/1): Kompetansekode</Title>
      <Title xml:lang="en">Competence code (NUS 2007/1): Competence code</Title>
    </TitleGrp>
    <DescriptionGrp>
      <Description xml:lang="nn">Kompetansekoden gir ei oversikt over ulike typar av kompetanse frå vidaregåande opplæring. I den vidare-gåande opplæringa skil vi mellom studieførebuande og yrkesfagleg opplæring. Den studieførebuande opplæringa legg mest vekt på teoretiske kunnskapar og fører fram til studiekompetanse, mens den yrkesfaglege opplæringa fører fram til eit yrke og gir yrkeskompetanse med vitnemål eller fag-/sveinebrev. For meir informasjon, sjå pkt. 3.2.6. i NOS C 676 (under publikasjonar).</Description>
      <Description xml:lang="nb">Kompetansekoden gir oversikt over ulike typer av kompetanse fra videregående opplæring. I videregående opplæring skilles det mellom studieforberedende og yrkesfaglig opplæring. Den studieforberedende opplæringen legger mest vekt på teoretisk kunnskap og fører frem til studiekompetanse, mens den yrkesfaglige opplæringen fører frem til et yrke og gir yrkeskompetanse med vitnemål eller  fag-/svennebrev. For mer informasjon, se pkt. 3.2.6. i NOS C 617  (under publikasjoner).</Description>
      <Description xml:lang="en">The competence code provides an overview of alternative qualification for tertiary education or vocational skills in upper secondary education and training. In upper secondary education and training, a distinction is drawn between college preparatory and vocational education. College preparatory training places the most emphasis on theoretical knowledge, and leads to entrance qualifications for tertiary education. The vocational programmes lead to an occupation and provide occupational qualification with a vocational certificate. For more information, see 3.2.6. in NOS C 751 (under publications).</Description>
    </DescriptionGrp>
    <ContactInformation>
      <Person xmlns="http://www.ssb.no/ns/meta/common">gki</Person>
      <Division xmlns="http://www.ssb.no/ns/meta/common">360</Division>
    </ContactInformation>
    <NoteGrp>
      <Note xml:lang="nn">Ikkje relevant</Note>
      <Note xml:lang="nb">Ikke relevant</Note>
      <Note xml:lang="en">Not relevant</Note>
    </NoteGrp>
  </CodelistMeta>
  <Codes>
    <Code id="urn:ssb:code:stabas:4739604-4739608">
      <CodeValue>1</CodeValue>
      <CodeTextGrp>
        <CodeText xml:lang="nn">Generell studiekompetanse</CodeText>
        <CodeText xml:lang="nb">Generell studiekompetanse</CodeText>
        <CodeText xml:lang="en">General studies competence</CodeText>
      </CodeTextGrp>
    </Code>
    <Code id="urn:ssb:code:stabas:4739604-4739642">
      <CodeValue>2</CodeValue>
      <CodeTextGrp>
        <CodeText xml:lang="nn">Yrkeskompetanse dokumentert med sveinebrev eller fagbrev, læretid normalt etter to år i skole</CodeText>
        <CodeText xml:lang="nb">Yrkeskompetanse dokumentert med svennebrev eller fagbrev, læretid normalt etter to år i skole</CodeText>
        <CodeText xml:lang="en">Vocational studies competence documented by vocational certificate, apprenticeship begins after two years of school tuition</CodeText>
      </CodeTextGrp>
    </Code>
    <Code id="urn:ssb:code:stabas:4739604-4740034">
      <CodeValue>3</CodeValue>
      <CodeTextGrp>
        <CodeText xml:lang="nn">Yrkeskompetanse dokumentert med vitnemål</CodeText>
        <CodeText xml:lang="nb">Yrkeskompetanse dokumentert med vitnemål</CodeText>
        <CodeText xml:lang="en">Vocational studies competence documented by high school diploma</CodeText>
      </CodeTextGrp>
    </Code>
    <Code id="urn:ssb:code:stabas:4739604-4740086">
      <CodeValue>4</CodeValue>
      <CodeTextGrp>
        <CodeText xml:lang="nn">Undervegs til yrkeskompetanse, tredje år i skole før læretid</CodeText>
        <CodeText xml:lang="nb">Underveis til yrkeskompetanse, tredje år i skole før læretid</CodeText>
        <CodeText xml:lang="en">Working towards vocational studies competence, in third year of school before starting apprenticeship</CodeText>
      </CodeTextGrp>
    </Code>
    <Code id="urn:ssb:code:stabas:4739604-4740118">
      <CodeValue>5</CodeValue>
      <CodeTextGrp>
        <CodeText xml:lang="nn">Yrkeskompetanse dokumentert med sveinebrev eller fagbrev, læretid etter tre år i skole</CodeText>
        <CodeText xml:lang="nb">Yrkeskompetanse dokumentert med svennebrev eller fagbrev, læretid etter tre år i skole</CodeText>
        <CodeText xml:lang="en">Vocational studies competence with vocational certificate, apprenticeship begins after three years of school tuition</CodeText>
      </CodeTextGrp>
    </Code>
  </Codes>
</Codelist>