<?xml version="1.0" encoding="utf-8"?>
<Codelist xmlns:xsi="http://www.w3.org/2001/XMLSchema-instance" xmlns:xsd="http://www.w3.org/2001/XMLSchema" id="urn:ssb:codelist:stabas:4747293" defaultValidFrom="2007-01-01" defaultValidTo="2007-06-30" lastChangedDate="2011-01-24" isCurrent="false" relationId="urn:ssb:classversion:stabas:4747291" xmlns="http://www.ssb.no/ns/meta/codelist">
  <CodelistMeta>
    <TitleGrp>
      <Title xml:lang="nn">Historisk kode (NUS 2007/1): Historisk kode</Title>
      <Title xml:lang="nb">Historisk kode (NUS 2007/1): Historisk kode</Title>
      <Title xml:lang="en">Historic code (NUS 2007/1): Historical code</Title>
    </TitleGrp>
    <DescriptionGrp>
      <Description xml:lang="nn">Utdanningskodar som er interessante for å beskrive den historiske utviklinga i utdanningssystemet, men som ikkje lenger er i bruk. Desse kodane er markerte med ei stjerne '*'. For meir informasjon, sjå pkt. 2.2.3. i NOS C 676  (under publikasjonar).






</Description>
      <Description xml:lang="nb">Utdanningskoder som er interessante for å beskrive den historiske utviklingen i utdanningssystemet, men som ikke lenger er i bruk. Disse kodene er markert med en stjerne '*'.
For mer informasjon, se pkt. 2.2.3. i NOS C 617  (under publikasjoner)</Description>
      <Description xml:lang="en">Education codes that are interesting for describing the historical development in the education system, but are no longer used. These codes are marked with an asterisk '*'. For more information, see 2.2.3. in NOS C 751 (under publications).










</Description>
    </DescriptionGrp>
    <ContactInformation>
      <Person xmlns="http://www.ssb.no/ns/meta/common">gki</Person>
      <Division xmlns="http://www.ssb.no/ns/meta/common">360</Division>
    </ContactInformation>
    <NoteGrp>
      <Note xml:lang="nn">Ikkje relevant</Note>
      <Note xml:lang="nb">Ikke relevant</Note>
      <Note xml:lang="en">Not relevant</Note>
    </NoteGrp>
  </CodelistMeta>
  <Codes>
    <Code id="urn:ssb:code:stabas:4747293-4747297">
      <CodeValue>*</CodeValue>
      <CodeTextGrp>
        <CodeText xml:lang="nn">Historisk kode</CodeText>
        <CodeText xml:lang="nb">Historisk kode</CodeText>
        <CodeText xml:lang="en">Historical code</CodeText>
      </CodeTextGrp>
    </Code>
  </Codes>
</Codelist>