<?xml version="1.0" encoding="utf-8"?>
<Codelist xmlns:xsi="http://www.w3.org/2001/XMLSchema-instance" xmlns:xsd="http://www.w3.org/2001/XMLSchema" id="urn:ssb:codelist:stabas:4770952" defaultValidFrom="2007-01-01" defaultValidTo="2007-06-30" lastChangedDate="2011-01-24" isCurrent="false" relationId="urn:ssb:classversion:stabas:4770950" xmlns="http://www.ssb.no/ns/meta/codelist">
  <CodelistMeta>
    <TitleGrp>
      <Title xml:lang="nn">ISCED97 tidslengd (NUS 2007/1): ISCED97 varighet</Title>
      <Title xml:lang="nb">ISCED97 varighet (NUS 2007/1): ISCED97 varighet</Title>
      <Title xml:lang="en">ISCED97 Durability (NUS 2007/1): ISCED97 duration</Title>
    </TitleGrp>
    <DescriptionGrp>
      <Description xml:lang="nn">ISCED97 er, som Norsk standard for utdanningsgruppering, oppbygd ved hjelp av nivå- og faginndeling. I tillegg har ISCED97 fire tilleggsdimensjonar (Destination, Orientation, National Degree Structure og Duration). Desse blir berre nytta på enkelte nivå. Standarden har denne strukturen:
1. siffer:	Level (nivå)
2. siffer:	Broad field (fagfelt)
3. siffer:	Narrow field (Fields of education) (utdanningsfelt)
4. siffer:	Detailed field (Fields of education and training) (fordjupingsfelt)
Pos 5:	Destination (destinasjon)
Pos 6:	Orientation (orientering)
Pos 7:	Duration (tidslengd)
Pos 8:      National Degree Structure (grad)
For meir informasjon, sjå pkt. 4.1.5. i NOS C 676  (under publikasjonar). 
</Description>
      <Description xml:lang="nb">ISCED97 er på samme måte som Norsk standard for utdanningsgruppering, bygget opp ved hjelp av nivå- og faginndeling. I tillegg har ISCED97 fire tilleggsdimensjoner (Destination, Orientation, National Degree Structure og Duration). Disse benyttes kun på enkelte nivåer. Standarden har følgende struktur:
1. siffer:	Level (nivå)
2. siffer:	Broad field (fagfelt)
3. siffer:	Narrow field (Fields of education) (utdanningsfelt)
4. siffer:	Detailed field (Fields of education and training) (fordypningsfelt)
Pos 5:	Destination (destinasjon)
Pos 6:	Orientation (orientering)
Pos 7:	Duration (varighet)
Pos 8:      National Degree Structure (grad)
For mer informasjon, se pkt. 4.1.5. i NOS C 617  (under publikasjoner).
</Description>
      <Description xml:lang="en">ISCED97 is organized according to level and field of education in the same way as the Norwegian Standard Classification of Education. In addition, ISCED97 has four complementary dimensions (Destination, Orientation, National degree structure and Duration). These are used only for certain levels of education. The classification has the following structure:
1st digit:	 Level
2nd digit:	 Broad field of education
3rd digit:	 Narrow field of education
4th digit:	 Detailed field of education
Position 5: Destination
Position 6: Orientation
Position 7: Duration
Position 8: National degree structure 
For more information, see 4.1.5. in NOS C 751 (under publications).
</Description>
    </DescriptionGrp>
    <ContactInformation>
      <Person xmlns="http://www.ssb.no/ns/meta/common">gki</Person>
      <Division xmlns="http://www.ssb.no/ns/meta/common">360</Division>
    </ContactInformation>
    <NoteGrp>
      <Note xml:lang="nn">Ikkje relevant</Note>
      <Note xml:lang="nb">Ikke relevant</Note>
      <Note xml:lang="en">Not relevant</Note>
    </NoteGrp>
  </CodelistMeta>
  <Codes>
    <Code id="urn:ssb:code:stabas:4770952-4770956">
      <CodeValue>1</CodeValue>
      <CodeTextGrp>
        <CodeText xml:lang="nn">Kort</CodeText>
        <CodeText xml:lang="nb">Kort</CodeText>
        <CodeText xml:lang="en">Short</CodeText>
      </CodeTextGrp>
    </Code>
    <Code id="urn:ssb:code:stabas:4770952-4772244">
      <CodeValue>2</CodeValue>
      <CodeTextGrp>
        <CodeText xml:lang="nn">Middels</CodeText>
        <CodeText xml:lang="nb">Middels</CodeText>
        <CodeText xml:lang="en">Medium</CodeText>
      </CodeTextGrp>
    </Code>
    <Code id="urn:ssb:code:stabas:4770952-4773994">
      <CodeValue>3</CodeValue>
      <CodeTextGrp>
        <CodeText xml:lang="nn">Lang</CodeText>
        <CodeText xml:lang="nb">Lang</CodeText>
        <CodeText xml:lang="en">Long</CodeText>
      </CodeTextGrp>
    </Code>
    <Code id="urn:ssb:code:stabas:4770952-4775894">
      <CodeValue>4</CodeValue>
      <CodeTextGrp>
        <CodeText xml:lang="nn">Svært lang</CodeText>
        <CodeText xml:lang="nb">Meget lang</CodeText>
        <CodeText xml:lang="en">Very long</CodeText>
      </CodeTextGrp>
    </Code>
  </Codes>
</Codelist>