<?xml version="1.0" encoding="utf-8"?>
<Codelist xmlns:xsi="http://www.w3.org/2001/XMLSchema-instance" xmlns:xsd="http://www.w3.org/2001/XMLSchema" id="urn:ssb:codelist:stabas:480797" lastChangedDate="2006-11-16" isCurrent="false" relationId="urn:ssb:classversion:stabas:480794" xmlns="http://www.ssb.no/ns/meta/codelist">
  <CodelistMeta>
    <TitleGrp>
      <Title xml:lang="nn">Tidslengda på utdanninga: Tidslengda på utdanninga</Title>
      <Title xml:lang="nb">Utdanningens varighet: Utdanningens varighet</Title>
    </TitleGrp>
    <DescriptionGrp>
      <Description xml:lang="nn">Tidslengda blir oppgitt i talet på månader for utdanningar på nivå 1-5. 10 månader utgjer eit år (skoleår). 20 månader er dermed to år, 30 månader er tre år osv. For utdanningar på nivå 6-8 blir tidslengda oppgitt i vekttal/studiepoeng. 20 vekttal/60studiepoeng utgjer ei arbeidsmengd som svarar til eitt års studium.
Tidslengda i vekttal/studiepoeng refererer til normert studieprogresjon. Kva for informasjon ein kan lese ut frå tidslengd, er avhengig av kva slags kode (enkeltutdanningar/samlekodar) som blir brukt. For enkeltutdanningar gir tidslengd den absolutte tidslengda til kvar enkelt utdanning. For samlekodar blir det oppgitt ei maksimum mengd vekttal/studiepoeng fordi dei inneheld utdanningar av forskjellig lengd og skjer på forskjellige klassetrinn.
</Description>
      <Description xml:lang="nb">Varigheten angis i antall måneder for utdanninger på nivå 1-5. 10 måneder utgjør et år (skoleår). 20 måneder er dermed to år, 30 måneder er tre år, osv. For utdanninger på nivå 6-8 angis varigheten i vekttall/studiepoeng. 20 vekttall/60 studiepoeng utgjør en arbeidsmengde tilsvarende et års studier.
Varigheten i vekttall/studiepoeng refererer til normert studieprogresjon for en utdanningsaktivitet. Hvilken informasjon som faktisk kan leses ut fra varighet, avhenger av hva slags type kode det dreier seg om. For enkeltutdanninger angir varigheten utdanningsaktivitetens absolutte varighet. For samlekoder angis antall vekttall/studiepoeng som et maksimum antall vekttall/studiepoeng, fordi det inngår utdanningsaktiviteter av ulik varighet, og på ulike klassetrinn. 
</Description>
    </DescriptionGrp>
    <ContactInformation>
      <Person xmlns="http://www.ssb.no/ns/meta/common">gki</Person>
      <Division xmlns="http://www.ssb.no/ns/meta/common">320</Division>
    </ContactInformation>
    <NoteGrp>
      <Note xml:lang="nn">Tidslengd gitt opp i studiepoeng er ny i NUS2000</Note>
      <Note xml:lang="nb">Varighet angitt i studiepoeng er nytt i NUS2000</Note>
    </NoteGrp>
  </CodelistMeta>
  <Codes>
    <Code id="urn:ssb:code:stabas:480797-480800">
      <CodeValue>03</CodeValue>
      <CodeTextGrp>
        <CodeText xml:lang="nn">Tidslengd 3 mndr.</CodeText>
        <CodeText xml:lang="nb">Varighet 3 mndr.</CodeText>
      </CodeTextGrp>
    </Code>
    <Code id="urn:ssb:code:stabas:480797-480904">
      <CodeValue>05</CodeValue>
      <CodeTextGrp>
        <CodeText xml:lang="nn">Tidslengd 5 mndr.</CodeText>
        <CodeText xml:lang="nb">Varighet 5 mndr.</CodeText>
      </CodeTextGrp>
    </Code>
    <Code id="urn:ssb:code:stabas:480797-480909">
      <CodeValue>08</CodeValue>
      <CodeTextGrp>
        <CodeText xml:lang="nn">Tidslengd 8 mndr.</CodeText>
        <CodeText xml:lang="nb">Varighet 8 mndr.</CodeText>
      </CodeTextGrp>
    </Code>
    <Code id="urn:ssb:code:stabas:480797-480912">
      <CodeValue>10</CodeValue>
      <CodeTextGrp>
        <CodeText xml:lang="nn">Tidslengd 10 mndr.</CodeText>
        <CodeText xml:lang="nb">Varighet 10 mndr.</CodeText>
      </CodeTextGrp>
    </Code>
    <Code id="urn:ssb:code:stabas:480797-481723">
      <CodeValue>15</CodeValue>
      <CodeTextGrp>
        <CodeText xml:lang="nn">Tidslengd 15 mndr.</CodeText>
        <CodeText xml:lang="nb">Varighet 15 mndr.</CodeText>
      </CodeTextGrp>
    </Code>
    <Code id="urn:ssb:code:stabas:480797-481727">
      <CodeValue>20</CodeValue>
      <CodeTextGrp>
        <CodeText xml:lang="nn">Tidslengd 20 mndr.</CodeText>
        <CodeText xml:lang="nb">Varighet 20 mndr.</CodeText>
      </CodeTextGrp>
    </Code>
    <Code id="urn:ssb:code:stabas:480797-482375">
      <CodeValue>30</CodeValue>
      <CodeTextGrp>
        <CodeText xml:lang="nn">Tidslengd 30 mndr.</CodeText>
        <CodeText xml:lang="nb">Varighet 30 mndr.</CodeText>
      </CodeTextGrp>
    </Code>
    <Code id="urn:ssb:code:stabas:480797-483304">
      <CodeValue>40</CodeValue>
      <CodeTextGrp>
        <CodeText xml:lang="nn">Tidslengd 40 mndr.</CodeText>
        <CodeText xml:lang="nb">Varighet 40 mndr.</CodeText>
      </CodeTextGrp>
    </Code>
    <Code id="urn:ssb:code:stabas:480797-483311">
      <CodeValue>70</CodeValue>
      <CodeTextGrp>
        <CodeText xml:lang="nn">Tidslengd 70 mndr.</CodeText>
        <CodeText xml:lang="nb">Varighet 70 mndr.</CodeText>
      </CodeTextGrp>
    </Code>
  </Codes>
</Codelist>