<?xml version="1.0" encoding="utf-8"?>
<Codelist xmlns:xsi="http://www.w3.org/2001/XMLSchema-instance" xmlns:xsd="http://www.w3.org/2001/XMLSchema" id="urn:ssb:codelist:stabas:4818037" defaultValidFrom="2006-01-01" defaultValidTo="2006-12-31" lastChangedDate="2007-11-13" isCurrent="true" relationId="urn:ssb:classversion:stabas:4685570" xmlns="http://www.ssb.no/ns/meta/codelist">
  <CodelistMeta>
    <TitleGrp>
      <Title xml:lang="nn">Vestlege/Ikkje-vestlege  2006: Noreg/Utlandet</Title>
      <Title xml:lang="nb">Vestlige/Ikke-vestlige 2006: Norge/Utlandet</Title>
      <Title xml:lang="en">Western/non-Western countries 2006: Norway/abroad</Title>
    </TitleGrp>
    <DescriptionGrp>
      <Description xml:lang="nn">Ikkje relevant</Description>
      <Description xml:lang="nb">Ikke relevant</Description>
      <Description xml:lang="en">Not relevant</Description>
    </DescriptionGrp>
    <ContactInformation>
      <Person xmlns="http://www.ssb.no/ns/meta/common">kva</Person>
      <Division xmlns="http://www.ssb.no/ns/meta/common">320</Division>
    </ContactInformation>
    <NoteGrp>
      <Note xml:lang="nn">Ikkje relevant</Note>
      <Note xml:lang="nb">Ikke relevant</Note>
      <Note xml:lang="en">Not relevant</Note>
    </NoteGrp>
  </CodelistMeta>
  <Codes>
    <Code id="urn:ssb:code:stabas:4818037-4818039">
      <CodeValue>N</CodeValue>
      <CodeTextGrp>
        <CodeText xml:lang="nn">Noreg</CodeText>
        <CodeText xml:lang="nb">Norge</CodeText>
        <CodeText xml:lang="en">Norway</CodeText>
      </CodeTextGrp>
    </Code>
    <Code id="urn:ssb:code:stabas:4818037-4818041">
      <CodeValue>U</CodeValue>
      <CodeTextGrp>
        <CodeText xml:lang="nn">Utlandet </CodeText>
        <CodeText xml:lang="nb">Utlandet</CodeText>
        <CodeText xml:lang="en">Abroad</CodeText>
      </CodeTextGrp>
    </Code>
  </Codes>
</Codelist>