<?xml version="1.0" encoding="utf-8"?>
<Codelist xmlns:xsi="http://www.w3.org/2001/XMLSchema-instance" xmlns:xsd="http://www.w3.org/2001/XMLSchema" id="urn:ssb:codelist:stabas:4858003" defaultValidFrom="2007-07-01" defaultValidTo="2007-12-31" lastChangedDate="2011-01-21" isCurrent="false" relationId="urn:ssb:classversion:stabas:4858001" xmlns="http://www.ssb.no/ns/meta/codelist">
  <CodelistMeta>
    <TitleGrp>
      <Title xml:lang="nn">Kodetype (NUS 2007/2): Kodetype</Title>
      <Title xml:lang="nb">Kodetype (NUS 2007/2): Kodetype</Title>
      <Title xml:lang="en">Code Type (NUS 2007/2): Code Type</Title>
    </TitleGrp>
    <DescriptionGrp>
      <Description xml:lang="nn">Kodetype beskriv om NUS-koden er ein kode for enkeltutdanning eller ein samlekode. Samlekode: Kan bestå av fleire utdanningsaktivitetar på forskjellige klassetrinn og med forskjellig tidslengd. Enkeltutdanning: Utdanningsaktivitetar som har felles fagkrins/fagleg innhald, klassetrinn og tidslengd. 
For meir informasjon, sjå pkt. 3.2.1. i NOS C 676 (under publikasjonar).
</Description>
      <Description xml:lang="nb">Kodetype beskriver hvorvidt NUS-koden er en kode for enkeltutdanning eller en samlekode. Samlekode: Kan bestå av flere utdanningsaktiviteter på ulike klassetrinn og med ulik varighet. Enkeltutdanning: Utdanningsaktiviteter med likhet i fagkrets/faglig innhold, klassetrinn og varighet. For mer informasjon, se pkt. 3.2.1. i NOS C 617  (under publikasjoner).
</Description>
      <Description xml:lang="en">Type of code describes whether the NUS2000 code is a code for individual educational programmes or an aggregate code. Aggregate codes consist of several educational activities at different class levels and/or duration. Individual educational programmes are educational activities with a similar range of subjects/subject content, class level and duration. For more information, see 3.2.1. in NOS C 751 (under publications).
</Description>
    </DescriptionGrp>
    <ContactInformation>
      <Person xmlns="http://www.ssb.no/ns/meta/common">gki</Person>
      <Division xmlns="http://www.ssb.no/ns/meta/common">360</Division>
    </ContactInformation>
    <NoteGrp>
      <Note xml:lang="nn">Ikkje relevant</Note>
      <Note xml:lang="nb">Ikke relevant</Note>
      <Note xml:lang="en">Not relevant</Note>
    </NoteGrp>
  </CodelistMeta>
  <Codes>
    <Code id="urn:ssb:code:stabas:4858003-4858007">
      <CodeValue>1</CodeValue>
      <CodeTextGrp>
        <CodeText xml:lang="nn">Samlekodar</CodeText>
        <CodeText xml:lang="nb">Samlekoder</CodeText>
        <CodeText xml:lang="en">Aggregate codes</CodeText>
      </CodeTextGrp>
    </Code>
    <Code id="urn:ssb:code:stabas:4858003-4860585">
      <CodeValue>2</CodeValue>
      <CodeTextGrp>
        <CodeText xml:lang="nn">Enkeltutdanningar</CodeText>
        <CodeText xml:lang="nb">Enkeltutdanninger</CodeText>
        <CodeText xml:lang="en">Individual educational programmes</CodeText>
      </CodeTextGrp>
    </Code>
  </Codes>
</Codelist>