<?xml version="1.0" encoding="utf-8"?>
<Codelist xmlns:xsi="http://www.w3.org/2001/XMLSchema-instance" xmlns:xsd="http://www.w3.org/2001/XMLSchema" id="urn:ssb:codelist:stabas:4865943" defaultValidFrom="2007-07-01" defaultValidTo="2007-12-31" lastChangedDate="2011-01-21" isCurrent="false" relationId="urn:ssb:classversion:stabas:4865941" xmlns="http://www.ssb.no/ns/meta/codelist">
  <CodelistMeta>
    <TitleGrp>
      <Title xml:lang="nn">Klassetrinn (NUS 2007/2): Klassetrinn</Title>
      <Title xml:lang="nb">Klassetrinn (NUS 2007/2): Klassetrinn</Title>
      <Title xml:lang="en">Form (NUS 2007/2): Form</Title>
    </TitleGrp>
    <DescriptionGrp>
      <Description xml:lang="nn">Vi kan skilje mellom klassetrinn for enkeltutdanningar og klassetrinn for samlekodar. Enkeltutdanningane har førehandsbestemte klassetrinn, mens dei som har teke utdanning som fell inn under samlekodane, vil finnast på forskjellige klassetrinn. Klassetrinna blir rekna frå nivå 1 (barneskoleutdanning), der det første året i grunnskolen er klassetrinn 01. Nivå 1 og 2 utgjer klassetrinn 01 - 10. Det første året etter obligatorisk grunnskole (nivå 3) blir såleis 11. klassetrinn osv. Høgaste klassetrinn er 22 (forskarutdanning).
</Description>
      <Description xml:lang="nb">Vi kan skille mellom klassetrinn for enkeltutdanninger og klassetrinn for samlekoder. Enkeltutdanningene har forhåndsbestemte klassetrinn, mens de som har tatt utdanning som faller inn under samlekodene vil befinne seg på ulike klassetrinn. Klassetrinn regnes fra nivå 1 (barneskoleutdanning), hvor første året i grunnskolen er klassetrinn 01. Nivåene 1 og 2 utgjør klassetrinn 01 - 10. Første år etter obligatorisk grunnskole (nivå 3) blir således 11. klassetrinn osv. Høyeste klassetrinn er 22 (forskerutdanning).
</Description>
      <Description xml:lang="en">We can differentiate between class levels for individual educational programmes and class levels for aggregate codes. Individual programmes such as tertiary degrees have predetermined class levels, while programmes that come under the same aggregate code may have different class levels. Class levels are calculated from level 1 (primary education), where the first year of primary school is class level 1. Compulsory education (levels 1 and 2) comprises class levels 1-10. The first year of upper secondary school (level 3) is class level 11. Tertiary education (level 6) starts from class level 14. The highest possible class level is 21 (postgraduate education). 
</Description>
    </DescriptionGrp>
    <ContactInformation>
      <Person xmlns="http://www.ssb.no/ns/meta/common">gki</Person>
      <Division xmlns="http://www.ssb.no/ns/meta/common">360</Division>
    </ContactInformation>
    <NoteGrp>
      <Note xml:lang="nn">Ikkje relevant</Note>
      <Note xml:lang="nb">Ikke relevant</Note>
      <Note xml:lang="en">Not relevant</Note>
    </NoteGrp>
  </CodelistMeta>
  <Codes>
    <Code id="urn:ssb:code:stabas:4865943-4865947">
      <CodeValue>01-07</CodeValue>
      <CodeTextGrp>
        <CodeText xml:lang="nn">Frå-til klassetrinn</CodeText>
        <CodeText xml:lang="nb">Fra-til klassetrinn</CodeText>
        <CodeText xml:lang="en">From-to class level</CodeText>
      </CodeTextGrp>
    </Code>
    <Code id="urn:ssb:code:stabas:4865943-4865953">
      <CodeValue>01-08</CodeValue>
      <CodeTextGrp>
        <CodeText xml:lang="nn">Frå-til klassetrinn</CodeText>
        <CodeText xml:lang="nb">Fra-til klassetrinn</CodeText>
        <CodeText xml:lang="en">From-to class level</CodeText>
      </CodeTextGrp>
    </Code>
    <Code id="urn:ssb:code:stabas:4865943-4865957">
      <CodeValue>08-10</CodeValue>
      <CodeTextGrp>
        <CodeText xml:lang="nn">Frå-til klassetrinn</CodeText>
        <CodeText xml:lang="nb">Fra-til klassetrinn</CodeText>
        <CodeText xml:lang="en">From-to class level</CodeText>
      </CodeTextGrp>
    </Code>
    <Code id="urn:ssb:code:stabas:4865943-4865983">
      <CodeValue>09-10</CodeValue>
      <CodeTextGrp>
        <CodeText xml:lang="nn">Frå-til klassetrinn</CodeText>
        <CodeText xml:lang="nb">Fra-til klassetrinn</CodeText>
        <CodeText xml:lang="en">From-to class level</CodeText>
      </CodeTextGrp>
    </Code>
    <Code id="urn:ssb:code:stabas:4865943-4865987">
      <CodeValue>09-11</CodeValue>
      <CodeTextGrp>
        <CodeText xml:lang="nn">Frå-til klassetrinn</CodeText>
        <CodeText xml:lang="nb">Fra-til klassetrinn</CodeText>
        <CodeText xml:lang="en">From-to class level</CodeText>
      </CodeTextGrp>
    </Code>
    <Code id="urn:ssb:code:stabas:4865943-4865991">
      <CodeValue>10-10</CodeValue>
      <CodeTextGrp>
        <CodeText xml:lang="nn">Frå-til klassetrinn</CodeText>
        <CodeText xml:lang="nb">Fra-til klassetrinn</CodeText>
        <CodeText xml:lang="en">From-to class level</CodeText>
      </CodeTextGrp>
    </Code>
    <Code id="urn:ssb:code:stabas:4865943-4865997">
      <CodeValue>11-11</CodeValue>
      <CodeTextGrp>
        <CodeText xml:lang="nn">Frå-til klassetrinn</CodeText>
        <CodeText xml:lang="nb">Fra-til klassetrinn</CodeText>
        <CodeText xml:lang="en">From-to class level</CodeText>
      </CodeTextGrp>
    </Code>
    <Code id="urn:ssb:code:stabas:4865943-4866085">
      <CodeValue>11-12</CodeValue>
      <CodeTextGrp>
        <CodeText xml:lang="nn">Frå-til klassetrinn</CodeText>
        <CodeText xml:lang="nb">Fra-til klassetrinn</CodeText>
        <CodeText xml:lang="en">From-to class level</CodeText>
      </CodeTextGrp>
    </Code>
    <Code id="urn:ssb:code:stabas:4865943-4866649">
      <CodeValue>11-13</CodeValue>
      <CodeTextGrp>
        <CodeText xml:lang="nn">Frå-til klassetrinn</CodeText>
        <CodeText xml:lang="nb">Fra-til klassetrinn</CodeText>
        <CodeText xml:lang="en">From-to class level</CodeText>
      </CodeTextGrp>
    </Code>
    <Code id="urn:ssb:code:stabas:4865943-4867101">
      <CodeValue>11-14</CodeValue>
      <CodeTextGrp>
        <CodeText xml:lang="nn">Frå-til klassetrinn</CodeText>
        <CodeText xml:lang="nb">Fra-til klassetrinn</CodeText>
        <CodeText xml:lang="en">From-to class level</CodeText>
      </CodeTextGrp>
    </Code>
    <Code id="urn:ssb:code:stabas:4865943-4867105">
      <CodeValue>12-12</CodeValue>
      <CodeTextGrp>
        <CodeText xml:lang="nn">Frå-til klassetrinn</CodeText>
        <CodeText xml:lang="nb">Fra-til klassetrinn</CodeText>
        <CodeText xml:lang="en">From-to class level</CodeText>
      </CodeTextGrp>
    </Code>
    <Code id="urn:ssb:code:stabas:4865943-4867327">
      <CodeValue>12-13</CodeValue>
      <CodeTextGrp>
        <CodeText xml:lang="nn">Frå-til klassetrinn</CodeText>
        <CodeText xml:lang="nb">Fra-til klassetrinn</CodeText>
        <CodeText xml:lang="en">From-to class level</CodeText>
      </CodeTextGrp>
    </Code>
    <Code id="urn:ssb:code:stabas:4865943-4867435">
      <CodeValue>12-14</CodeValue>
      <CodeTextGrp>
        <CodeText xml:lang="nn">Frå-til klassetrinn</CodeText>
        <CodeText xml:lang="nb">Fra-til klassetrinn</CodeText>
        <CodeText xml:lang="en">From-to class level</CodeText>
      </CodeTextGrp>
    </Code>
    <Code id="urn:ssb:code:stabas:4865943-4867461">
      <CodeValue>12-15</CodeValue>
      <CodeTextGrp>
        <CodeText xml:lang="nn">Frå-til klassetrinn</CodeText>
        <CodeText xml:lang="nb">Fra-til klassetrinn</CodeText>
        <CodeText xml:lang="en">From-to class level</CodeText>
      </CodeTextGrp>
    </Code>
    <Code id="urn:ssb:code:stabas:4865943-4867465">
      <CodeValue>13-13</CodeValue>
      <CodeTextGrp>
        <CodeText xml:lang="nn">Frå-til klassetrinn</CodeText>
        <CodeText xml:lang="nb">Fra-til klassetrinn</CodeText>
        <CodeText xml:lang="en">From-to class level</CodeText>
      </CodeTextGrp>
    </Code>
    <Code id="urn:ssb:code:stabas:4865943-4867931">
      <CodeValue>13-14</CodeValue>
      <CodeTextGrp>
        <CodeText xml:lang="nn">Frå-til klassetrinn</CodeText>
        <CodeText xml:lang="nb">Fra-til klassetrinn</CodeText>
        <CodeText xml:lang="en">From-to class level</CodeText>
      </CodeTextGrp>
    </Code>
    <Code id="urn:ssb:code:stabas:4865943-4867943">
      <CodeValue>14-14</CodeValue>
      <CodeTextGrp>
        <CodeText xml:lang="nn">Frå-til klassetrinn</CodeText>
        <CodeText xml:lang="nb">Fra-til klassetrinn</CodeText>
        <CodeText xml:lang="en">From-to class level</CodeText>
      </CodeTextGrp>
    </Code>
    <Code id="urn:ssb:code:stabas:4865943-4868053">
      <CodeValue>14-15</CodeValue>
      <CodeTextGrp>
        <CodeText xml:lang="nn">Frå-til klassetrinn</CodeText>
        <CodeText xml:lang="nb">Fra-til klassetrinn</CodeText>
        <CodeText xml:lang="en">From-to class level</CodeText>
      </CodeTextGrp>
    </Code>
    <Code id="urn:ssb:code:stabas:4865943-4868443">
      <CodeValue>14-16</CodeValue>
      <CodeTextGrp>
        <CodeText xml:lang="nn">Frå-til klassetrinn</CodeText>
        <CodeText xml:lang="nb">Fra-til klassetrinn</CodeText>
        <CodeText xml:lang="en">From-to class level</CodeText>
      </CodeTextGrp>
    </Code>
    <Code id="urn:ssb:code:stabas:4865943-4869713">
      <CodeValue>14-17</CodeValue>
      <CodeTextGrp>
        <CodeText xml:lang="nn">Frå-til klassetrinn</CodeText>
        <CodeText xml:lang="nb">Fra-til klassetrinn</CodeText>
        <CodeText xml:lang="en">From-to class level</CodeText>
      </CodeTextGrp>
    </Code>
    <Code id="urn:ssb:code:stabas:4865943-4870573">
      <CodeValue>14-18</CodeValue>
      <CodeTextGrp>
        <CodeText xml:lang="nn">Frå-til klassetrinn</CodeText>
        <CodeText xml:lang="nb">Fra-til klassetrinn</CodeText>
        <CodeText xml:lang="en">From-to class level</CodeText>
      </CodeTextGrp>
    </Code>
    <Code id="urn:ssb:code:stabas:4865943-4870785">
      <CodeValue>14-19</CodeValue>
      <CodeTextGrp>
        <CodeText xml:lang="nn">Frå-til klassetrinn</CodeText>
        <CodeText xml:lang="nb">Fra-til klassetrinn</CodeText>
        <CodeText xml:lang="en">From-to class level</CodeText>
      </CodeTextGrp>
    </Code>
    <Code id="urn:ssb:code:stabas:4865943-4871097">
      <CodeValue>15-15</CodeValue>
      <CodeTextGrp>
        <CodeText xml:lang="nn">Frå-til klassetrinn</CodeText>
        <CodeText xml:lang="nb">Fra-til klassetrinn</CodeText>
        <CodeText xml:lang="en">From-to class level</CodeText>
      </CodeTextGrp>
    </Code>
    <Code id="urn:ssb:code:stabas:4865943-4871129">
      <CodeValue>15-16</CodeValue>
      <CodeTextGrp>
        <CodeText xml:lang="nn">Frå-til klassetrinn</CodeText>
        <CodeText xml:lang="nb">Fra-til klassetrinn</CodeText>
        <CodeText xml:lang="en">From-to class level</CodeText>
      </CodeTextGrp>
    </Code>
    <Code id="urn:ssb:code:stabas:4865943-4871149">
      <CodeValue>15-19</CodeValue>
      <CodeTextGrp>
        <CodeText xml:lang="nn">Frå-til klassetrinn</CodeText>
        <CodeText xml:lang="nb">Fra-til klassetrinn</CodeText>
        <CodeText xml:lang="en">From-to class level</CodeText>
      </CodeTextGrp>
    </Code>
    <Code id="urn:ssb:code:stabas:4865943-4871153">
      <CodeValue>16-16</CodeValue>
      <CodeTextGrp>
        <CodeText xml:lang="nn">Frå-til klassetrinn</CodeText>
        <CodeText xml:lang="nb">Fra-til klassetrinn</CodeText>
        <CodeText xml:lang="en">From-to class level</CodeText>
      </CodeTextGrp>
    </Code>
    <Code id="urn:ssb:code:stabas:4865943-4871183">
      <CodeValue>16-17</CodeValue>
      <CodeTextGrp>
        <CodeText xml:lang="nn">Frå-til klassetrinn</CodeText>
        <CodeText xml:lang="nb">Fra-til klassetrinn</CodeText>
        <CodeText xml:lang="en">From-to class level</CodeText>
      </CodeTextGrp>
    </Code>
    <Code id="urn:ssb:code:stabas:4865943-4871199">
      <CodeValue>16-18</CodeValue>
      <CodeTextGrp>
        <CodeText xml:lang="nn">Frå-til klassetrinn</CodeText>
        <CodeText xml:lang="nb">Fra-til klassetrinn</CodeText>
        <CodeText xml:lang="en">From-to class level</CodeText>
      </CodeTextGrp>
    </Code>
    <Code id="urn:ssb:code:stabas:4865943-4871203">
      <CodeValue>16-19</CodeValue>
      <CodeTextGrp>
        <CodeText xml:lang="nn">Frå-til klassetrinn</CodeText>
        <CodeText xml:lang="nb">Fra-til klassetrinn</CodeText>
        <CodeText xml:lang="en">From-to class level</CodeText>
      </CodeTextGrp>
    </Code>
    <Code id="urn:ssb:code:stabas:4865943-4871367">
      <CodeValue>17-17</CodeValue>
      <CodeTextGrp>
        <CodeText xml:lang="nn">Frå-til klassetrinn</CodeText>
        <CodeText xml:lang="nb">Fra-til klassetrinn</CodeText>
        <CodeText xml:lang="en">From-to class level</CodeText>
      </CodeTextGrp>
    </Code>
    <Code id="urn:ssb:code:stabas:4865943-4871595">
      <CodeValue>17-18</CodeValue>
      <CodeTextGrp>
        <CodeText xml:lang="nn">Frå-til klassetrinn</CodeText>
        <CodeText xml:lang="nb">Fra-til klassetrinn</CodeText>
        <CodeText xml:lang="en">From-to class level</CodeText>
      </CodeTextGrp>
    </Code>
    <Code id="urn:ssb:code:stabas:4865943-4872527">
      <CodeValue>17-19</CodeValue>
      <CodeTextGrp>
        <CodeText xml:lang="nn">Frå-til klassetrinn</CodeText>
        <CodeText xml:lang="nb">Fra-til klassetrinn</CodeText>
        <CodeText xml:lang="en">From-to class level</CodeText>
      </CodeTextGrp>
    </Code>
    <Code id="urn:ssb:code:stabas:4865943-4872535">
      <CodeValue>18-18</CodeValue>
      <CodeTextGrp>
        <CodeText xml:lang="nn">Frå-til klassetrinn</CodeText>
        <CodeText xml:lang="nb">Fra-til klassetrinn</CodeText>
        <CodeText xml:lang="en">From-to class level</CodeText>
      </CodeTextGrp>
    </Code>
    <Code id="urn:ssb:code:stabas:4865943-4872567">
      <CodeValue>18-19</CodeValue>
      <CodeTextGrp>
        <CodeText xml:lang="nn">Frå-til klassetrinn</CodeText>
        <CodeText xml:lang="nb">Fra-til klassetrinn</CodeText>
        <CodeText xml:lang="en">From-to class level</CodeText>
      </CodeTextGrp>
    </Code>
    <Code id="urn:ssb:code:stabas:4865943-4873005">
      <CodeValue>19-19</CodeValue>
      <CodeTextGrp>
        <CodeText xml:lang="nn">Frå-til klassetrinn</CodeText>
        <CodeText xml:lang="nb">Fra-til klassetrinn</CodeText>
        <CodeText xml:lang="en">From-to class level</CodeText>
      </CodeTextGrp>
    </Code>
    <Code id="urn:ssb:code:stabas:4865943-4873023">
      <CodeValue>19-20</CodeValue>
      <CodeTextGrp>
        <CodeText xml:lang="nn">Frå-til klassetrinn</CodeText>
        <CodeText xml:lang="nb">Fra-til klassetrinn</CodeText>
        <CodeText xml:lang="en">From-to class level</CodeText>
      </CodeTextGrp>
    </Code>
    <Code id="urn:ssb:code:stabas:4865943-4873041">
      <CodeValue>19-21</CodeValue>
      <CodeTextGrp>
        <CodeText xml:lang="nn">Frå-til klassetrinn</CodeText>
        <CodeText xml:lang="nb">Fra-til klassetrinn</CodeText>
        <CodeText xml:lang="en">From-to class level</CodeText>
      </CodeTextGrp>
    </Code>
    <Code id="urn:ssb:code:stabas:4865943-4873333">
      <CodeValue>19-22</CodeValue>
      <CodeTextGrp>
        <CodeText xml:lang="nn">Frå-til klassetrinn</CodeText>
        <CodeText xml:lang="nb">Fra-til klassetrinn</CodeText>
        <CodeText xml:lang="en">From-to class level</CodeText>
      </CodeTextGrp>
    </Code>
    <Code id="urn:ssb:code:stabas:4865943-4873337">
      <CodeValue>20-20</CodeValue>
      <CodeTextGrp>
        <CodeText xml:lang="nn">Frå-til klassetrinn</CodeText>
        <CodeText xml:lang="nb">Fra-til klassetrinn</CodeText>
        <CodeText xml:lang="en">From-to class level</CodeText>
      </CodeTextGrp>
    </Code>
    <Code id="urn:ssb:code:stabas:4865943-4873427">
      <CodeValue>20-21</CodeValue>
      <CodeTextGrp>
        <CodeText xml:lang="nn">Frå-til klassetrinn</CodeText>
        <CodeText xml:lang="nb">Fra-til klassetrinn</CodeText>
        <CodeText xml:lang="en">From-to class level</CodeText>
      </CodeTextGrp>
    </Code>
    <Code id="urn:ssb:code:stabas:4865943-4873489">
      <CodeValue>20-22</CodeValue>
      <CodeTextGrp>
        <CodeText xml:lang="nn">Frå-til klassetrinn</CodeText>
        <CodeText xml:lang="nb">Fra-til klassetrinn</CodeText>
        <CodeText xml:lang="en">From-to class level</CodeText>
      </CodeTextGrp>
    </Code>
  </Codes>
</Codelist>