<?xml version="1.0" encoding="utf-8"?>
<Codelist xmlns:xsi="http://www.w3.org/2001/XMLSchema-instance" xmlns:xsd="http://www.w3.org/2001/XMLSchema" id="urn:ssb:codelist:stabas:491770" lastChangedDate="2006-11-16" isCurrent="false" relationId="urn:ssb:classversion:stabas:491767" xmlns="http://www.ssb.no/ns/meta/codelist">
  <CodelistMeta>
    <TitleGrp>
      <Title xml:lang="nn">Kurstrinn : Kurstrinn </Title>
      <Title xml:lang="nb">Kurstrinn: Kurstrinn</Title>
    </TitleGrp>
    <DescriptionGrp>
      <Description xml:lang="nn">Kurstrinnskoden gir ei oversikt over dei ulike  kurstrinna på vidaregåande-skole-nivå og teknisk fagskole.</Description>
      <Description xml:lang="nb">Kurstrinnskoden gir oversikt over de ulike kurstrinn på videregående-skole-nivå og teknisk fagskole. 

</Description>
    </DescriptionGrp>
    <ContactInformation>
      <Person xmlns="http://www.ssb.no/ns/meta/common">gki</Person>
      <Division xmlns="http://www.ssb.no/ns/meta/common">320</Division>
    </ContactInformation>
    <NoteGrp>
      <Note xml:lang="nn">NUS2000 inneheld berre kurstrinnskodar i samsvar med "Etter Reform 94".</Note>
      <Note xml:lang="nb">NUS2000 inneholder bare kurstrinnskoder i henhold til "Etter Reform-94".</Note>
    </NoteGrp>
  </CodelistMeta>
  <Codes>
    <Code id="urn:ssb:code:stabas:491770-491773">
      <CodeValue>A</CodeValue>
      <CodeTextGrp>
        <CodeText xml:lang="nn">Eittårig grunnkurs</CodeText>
        <CodeText xml:lang="nb">Ettårig grunnkurs</CodeText>
      </CodeTextGrp>
    </Code>
    <Code id="urn:ssb:code:stabas:491770-491792">
      <CodeValue>H</CodeValue>
      <CodeTextGrp>
        <CodeText xml:lang="nn">VK I </CodeText>
        <CodeText xml:lang="nb">VK I</CodeText>
      </CodeTextGrp>
    </Code>
    <Code id="urn:ssb:code:stabas:491770-491990">
      <CodeValue>I</CodeValue>
      <CodeTextGrp>
        <CodeText xml:lang="nn">Særløp </CodeText>
        <CodeText xml:lang="nb">Særløp</CodeText>
      </CodeTextGrp>
    </Code>
    <Code id="urn:ssb:code:stabas:491770-492120">
      <CodeValue>K</CodeValue>
      <CodeTextGrp>
        <CodeText xml:lang="nn">To- eller treårige kurs (ikkje GK over to år)</CodeText>
        <CodeText xml:lang="nb">To- eller treårige kurs (ikke GK over to år)</CodeText>
      </CodeTextGrp>
    </Code>
    <Code id="urn:ssb:code:stabas:491770-492127">
      <CodeValue>P</CodeValue>
      <CodeTextGrp>
        <CodeText xml:lang="nn">VK II/bedriftsopplæring </CodeText>
        <CodeText xml:lang="nb">VK II/bedriftsopplæring</CodeText>
      </CodeTextGrp>
    </Code>
    <Code id="urn:ssb:code:stabas:491770-492539">
      <CodeValue>T</CodeValue>
      <CodeTextGrp>
        <CodeText xml:lang="nn">VK III </CodeText>
        <CodeText xml:lang="nb">VK III</CodeText>
      </CodeTextGrp>
    </Code>
    <Code id="urn:ssb:code:stabas:491770-492553">
      <CodeValue>U</CodeValue>
      <CodeTextGrp>
        <CodeText xml:lang="nn">Teknisk fagskole </CodeText>
        <CodeText xml:lang="nb">Teknisk fagskole</CodeText>
      </CodeTextGrp>
    </Code>
    <Code id="urn:ssb:code:stabas:491770-492585">
      <CodeValue>Z</CodeValue>
      <CodeTextGrp>
        <CodeText xml:lang="nn">Kurs for praksiskandidatar</CodeText>
        <CodeText xml:lang="nb">Kurs for praksiskandidater</CodeText>
      </CodeTextGrp>
    </Code>
  </Codes>
</Codelist>