<?xml version="1.0" encoding="utf-8"?>
<Codelist xmlns:xsi="http://www.w3.org/2001/XMLSchema-instance" xmlns:xsd="http://www.w3.org/2001/XMLSchema" id="urn:ssb:codelist:stabas:4924207" defaultValidFrom="2007-07-01" defaultValidTo="2007-12-31" lastChangedDate="2011-01-25" isCurrent="false" relationId="urn:ssb:classversion:stabas:4924205" xmlns="http://www.ssb.no/ns/meta/codelist">
  <CodelistMeta>
    <TitleGrp>
      <Title xml:lang="nn">Gradmerke (NUS 2007/2): Gradmerke</Title>
      <Title xml:lang="nb">Gradmerke (NUS 2007/2): Gradmerke</Title>
      <Title xml:lang="en">Grade mark (NUS 2007/2): Grade mark</Title>
    </TitleGrp>
    <DescriptionGrp>
      <Description xml:lang="nn">Koden for gradmerke gir ei oversikt over nokre av gradnemningane som vart tekne i bruk i samband med Kvalitetsreformen innanfor høgare utdanning frå hausten 2002.</Description>
      <Description xml:lang="nb">Koden for gradmerke gir oversikt over noen av gradbenevnelsene som ble innført i forbindelse med Kvalitetsreformen innen høyere utdanning fra høsten 2002.</Description>
      <Description xml:lang="en">The degree mark code give an overview of some of the degree titles introduced with the Quality  Reform within tertiary education autumn 2002.</Description>
    </DescriptionGrp>
    <ContactInformation>
      <Person xmlns="http://www.ssb.no/ns/meta/common">gki</Person>
      <Division xmlns="http://www.ssb.no/ns/meta/common">360</Division>
    </ContactInformation>
    <NoteGrp>
      <Note xml:lang="nn">Ikkje relevant</Note>
      <Note xml:lang="nb">Ikke relevant</Note>
      <Note xml:lang="en">Not relevant</Note>
    </NoteGrp>
  </CodelistMeta>
  <Codes>
    <Code id="urn:ssb:code:stabas:4924207-4924211">
      <CodeValue>B</CodeValue>
      <CodeTextGrp>
        <CodeText xml:lang="nn">Bachelor</CodeText>
        <CodeText xml:lang="nb">Bachelor</CodeText>
        <CodeText xml:lang="en">Bachelor degree</CodeText>
      </CodeTextGrp>
    </Code>
    <Code id="urn:ssb:code:stabas:4924207-4924819">
      <CodeValue>H</CodeValue>
      <CodeTextGrp>
        <CodeText xml:lang="nn">Høgskolekandidat i ingeniørfag</CodeText>
        <CodeText xml:lang="nb">Høgskolekandidat i ingeniørfag</CodeText>
        <CodeText xml:lang="en">College diploma in engineering, two-year</CodeText>
      </CodeTextGrp>
    </Code>
    <Code id="urn:ssb:code:stabas:4924207-4924831">
      <CodeValue>M</CodeValue>
      <CodeTextGrp>
        <CodeText xml:lang="nn">Master</CodeText>
        <CodeText xml:lang="nb">Master</CodeText>
        <CodeText xml:lang="en">Master degree</CodeText>
      </CodeTextGrp>
    </Code>
  </Codes>
</Codelist>