<?xml version="1.0" encoding="utf-8"?>
<Codelist xmlns:xsi="http://www.w3.org/2001/XMLSchema-instance" xmlns:xsd="http://www.w3.org/2001/XMLSchema" id="urn:ssb:codelist:stabas:492600" lastChangedDate="2006-11-16" isCurrent="false" relationId="urn:ssb:classversion:stabas:492597" xmlns="http://www.ssb.no/ns/meta/codelist">
  <CodelistMeta>
    <TitleGrp>
      <Title xml:lang="nn">Kompetanse : Kompetanse </Title>
      <Title xml:lang="nb">Kompetanse: Kompetanse</Title>
    </TitleGrp>
    <DescriptionGrp>
      <Description xml:lang="nn">Kompetansekoden gir ei oversikt over alternativ studie- og yrkeskompetanse i vidaregåande kurs II (VK II) og vidaregåande kurs III (VK III). I den vidaregåande utdanninga skil vi mellom studieførebuande og yrkesfagleg utdanning. Den studieførebuande utdanninga legg mest vekt på teoretiske kunnskapar og fører fram til studiekompetanse, mens den yrkesfaglege utdanninga fører fram til eit yrke og gir yrkeskompetanse med eller utan fagbrev eller sveinebrev. Det er mogleg å byggje på yrkeskompetansen og dermed få studiekompetanse. For dei studieretningane som gir yrkeskompetanse finst det alternative måtar å byggje opp utdanninga på. Eit hovudskilje er om utdanninga gir fag- eller sveinebrev, og om opplæringa i VK II går føre seg på skole eller i bedrift.
 
Det er fem kompetansekodar:
1	VK II	gir generell studiekompetanse.
2	VK II	gir yrkeskompetanse med sveinebrev eller fagbrev, og VK II går føre seg i bedrift.
3	VK II	gir yrkeskompetanse utan sveinebrev eller fagbrev.
4	VK II	gir yrkeskompetanse med sveinebrev eller fagbrev, men VK II går føre seg i skole før læretid i bedrift.
5	VK III	gir yrkeskompetanse med sveinebrev eller fagbrev, men VK II går føre seg i skole før læretid i bedrift.


</Description>
      <Description xml:lang="nb">Kompetansekoden gir oversikt over alternativ studie- og yrkeskompetanse i videregående kurs II (VK II) og videregående kurs III (VK III). 
I videregående utdanning skilles det mellom studieforberedende og yrkesfaglig utdanning. Den studieforberedende utdanningen legger mest vekt på teoretisk kunnskap og fører frem til studiekompetanse, mens den yrkesfaglige utdanningen fører frem til et yrke og gir yrkeskompetanse med eller uten fagbrev eller svennebrev. Det er imidlertid mulig å bygge på yrkeskompetansen og få studiekompetanse. For de studieretninger som gir yrkeskompetanse finnes det alternative måter å bygge opp utdanningen på. Et hovedskille er om utdanningen gir fag- eller svennebrev, og om opplæringen i VK II foregår på skole eller i bedrift.
 
Det er fem kompetansekoder:
1	VK II	gir generell studiekompetanse
2	VK II	gir yrkeskompetanse med svennebrev eller fagbrev og VK II foregår i bedrift
3	VK II	gir yrkeskompetanse uten svennebrev eller fagbrev
4	VK II	gir yrkeskompetanse med svennebrev eller fagbrev, men VK II foregår i skole før læretid i bedrift.
5	VK III	gir yrkeskompetanse med svennebrev eller fagbrev, men VK II foregår i skole før læretid i bedrift.
</Description>
    </DescriptionGrp>
    <ContactInformation>
      <Person xmlns="http://www.ssb.no/ns/meta/common">gki</Person>
      <Division xmlns="http://www.ssb.no/ns/meta/common">320</Division>
    </ContactInformation>
    <NoteGrp>
      <Note xml:lang="nn">Ikkje relevant</Note>
      <Note xml:lang="nb">Ikke relevant</Note>
    </NoteGrp>
  </CodelistMeta>
  <Codes>
    <Code id="urn:ssb:code:stabas:492600-492703">
      <CodeValue>1</CodeValue>
      <CodeTextGrp>
        <CodeText xml:lang="nn">VK II gir generell studiekompetanse </CodeText>
        <CodeText xml:lang="nb">VK II gir generell studiekompetanse</CodeText>
      </CodeTextGrp>
    </Code>
    <Code id="urn:ssb:code:stabas:492600-492721">
      <CodeValue>2</CodeValue>
      <CodeTextGrp>
        <CodeText xml:lang="nn">VK II gir yrkeskompetanse med sveinebrev eller fagbrev og VK II går føre seg i bedrift</CodeText>
        <CodeText xml:lang="nb">VK II gir yrkeskompetanse med svennebrev eller fagbrev og VK II foregår i bedrift</CodeText>
      </CodeTextGrp>
    </Code>
    <Code id="urn:ssb:code:stabas:492600-493111">
      <CodeValue>3</CodeValue>
      <CodeTextGrp>
        <CodeText xml:lang="nn">VK II gir yrkeskompetanse utan sveinebrev eller fagbrev</CodeText>
        <CodeText xml:lang="nb">VK II gir yrkeskompetanse uten svennebrev eller fagbrev</CodeText>
      </CodeTextGrp>
    </Code>
    <Code id="urn:ssb:code:stabas:492600-493138">
      <CodeValue>4</CodeValue>
      <CodeTextGrp>
        <CodeText xml:lang="nn">VK II gir yrkeskompetanse med sveinebrev eller fagbrev, men VK II går føre seg i skole før læretid i bedrift.</CodeText>
        <CodeText xml:lang="nb">VK II gir yrkeskompetanse med svennebrev eller fagbrev, men VK II foregår i skole før læretid i bedrift.</CodeText>
      </CodeTextGrp>
    </Code>
    <Code id="urn:ssb:code:stabas:492600-493155">
      <CodeValue>5</CodeValue>
      <CodeTextGrp>
        <CodeText xml:lang="nn">VK III gir yrkeskompetanse med sveinebrev eller fagbrev, men VK II går føre seg i skole før læretid i bedrift.</CodeText>
        <CodeText xml:lang="nb">VK III gir yrkeskompetanse med svennebrev eller fagbrev, men VK II foregår i skole før læretid i bedrift.</CodeText>
      </CodeTextGrp>
    </Code>
  </Codes>
</Codelist>