<?xml version="1.0" encoding="utf-8"?>
<Codelist xmlns:xsi="http://www.w3.org/2001/XMLSchema-instance" xmlns:xsd="http://www.w3.org/2001/XMLSchema" id="urn:ssb:codelist:stabas:4972803" defaultValidFrom="2007-07-01" defaultValidTo="2007-12-31" lastChangedDate="2011-04-15" isCurrent="false" relationId="urn:ssb:classversion:stabas:4972801" xmlns="http://www.ssb.no/ns/meta/codelist">
  <CodelistMeta>
    <TitleGrp>
      <Title xml:lang="nn">ISCED97 nivå og fagfelt (NUS 2007/2): ISCED97 nivå</Title>
      <Title xml:lang="nb">ISCED97 nivå og fagfelt (NUS 2007/2): ISCED97 nivå</Title>
      <Title xml:lang="en">ISCED97 Level and Fields of Education and Training (NUS 2007/2): ISCED97 Broad field</Title>
    </TitleGrp>
    <DescriptionGrp>
      <Description xml:lang="nn">ISCED97 er, som Norsk standard for utdanningsgruppering, oppbygd ved hjelp av nivå- og faginndeling. I tillegg har ISCED97 fire tilleggsdimensjonar (Destination, Orientation, National Degree Structure og Duration). Desse blir berre nytta på enkelte nivå. Standarden har denne strukturen:
1. siffer:	Level (nivå)
2. siffer:	Broad field (fagfelt)
3. siffer:	Narrow field (Fields of education) (utdanningsfelt)
4. siffer:	Detailed field (Fields of education and training) (fordjupingsfelt)
Pos 5:	Destination (destinasjon)
Pos 6:	Orientation (orientering)
Pos 7:	Duration (tidslengd)
Pos 8:      National Degree Structure (grad)
For meir informasjon, sjå pkt. 4. i NOS C 676  (under publikasjonar).



</Description>
      <Description xml:lang="nb">ISCED97 er på samme måte som Norsk standard for utdanningsgruppering, bygget opp ved hjelp av nivå- og faginndeling. I tillegg har ISCED97 fire tilleggsdimensjoner (Destination, Orientation, National Degree Structure og Duration). Disse benyttes kun på enkelte nivåer. Standarden har følgende struktur:
1. siffer:	Level (nivå)
2. siffer:	Broad field (fagfelt)
3. siffer:	Narrow field (Fields of education) (utdanningsfelt)
4. siffer:	Detailed field (Fields of education and training) (fordypningsfelt)
Pos 5:	Destination (destinasjon)
Pos 6:	Orientation (orientering)
Pos 7:	Duration (varighet)
Pos 8:      National Degree Structure (grad)
For mer informasjon, se pkt. 4. i NOS C 617  (under publikasjoner).






</Description>
      <Description xml:lang="en">ISCED97 is organized according to level and field of education in the same way as the Norwegian Standard Classification of Education. In addition, ISCED97 has four complementary dimensions (Destination, Orientation, National degree structure and Duration). These are used only for certain levels of education. The classification has the following structure:
1st digit:	 Level
2nd digit:	 Broad field of education
3rd digit:	 Narrow field of education
4th digit:	 Detailed field of education
Position 5: Destination
Position 6: Orientation
Position 7: Duration
Position 8: National degree structure 
For more information, see 4. in NOS C 751 (under publications).





</Description>
    </DescriptionGrp>
    <ContactInformation>
      <Person xmlns="http://www.ssb.no/ns/meta/common">gki</Person>
      <Division xmlns="http://www.ssb.no/ns/meta/common">360</Division>
    </ContactInformation>
    <NoteGrp>
      <Note xml:lang="nn">Ikkje relevant</Note>
      <Note xml:lang="nb">Ikke relevant</Note>
      <Note xml:lang="en">Not relevant</Note>
    </NoteGrp>
  </CodelistMeta>
  <Codes>
    <Code id="urn:ssb:code:stabas:4972803-4972813">
      <CodeValue>0</CodeValue>
      <CodeTextGrp>
        <CodeText xml:lang="nn">Pre-primary (Førskoleutdanning)</CodeText>
        <CodeText xml:lang="nb">Pre-primary (Førskoleutdanning)</CodeText>
        <CodeText xml:lang="en">Pre-primary</CodeText>
      </CodeTextGrp>
    </Code>
    <Code id="urn:ssb:code:stabas:4972803-4972825">
      <CodeValue>1</CodeValue>
      <CodeTextGrp>
        <CodeText xml:lang="nn">Primary (Grunnskoleutdanning, første trinn)</CodeText>
        <CodeText xml:lang="nb">Primary (Grunnskoleutdanning, første trinn)</CodeText>
        <CodeText xml:lang="en">Primary</CodeText>
      </CodeTextGrp>
    </Code>
    <Code id="urn:ssb:code:stabas:4972803-4972843">
      <CodeValue>2</CodeValue>
      <CodeTextGrp>
        <CodeText xml:lang="nn">Lower secondary (Grunnskoleutdanning, andre trinn)</CodeText>
        <CodeText xml:lang="nb">Lower secondary (Grunnskoleutdanning, andre trinn)</CodeText>
        <CodeText xml:lang="en">Lower secondary</CodeText>
      </CodeTextGrp>
    </Code>
    <Code id="urn:ssb:code:stabas:4972803-4972927">
      <CodeValue>3</CodeValue>
      <CodeTextGrp>
        <CodeText xml:lang="nn">Upper secondary (Videregåande utdanning)</CodeText>
        <CodeText xml:lang="nb">Upper secondary (Videregående utdanning)</CodeText>
        <CodeText xml:lang="en">Upper secondary</CodeText>
      </CodeTextGrp>
    </Code>
    <Code id="urn:ssb:code:stabas:4972803-4975073">
      <CodeValue>4</CodeValue>
      <CodeTextGrp>
        <CodeText xml:lang="nn">Post-secondary non-tertiary (ikkje vidaregåande utdanning, universitets- eller høgskoleutdanning)</CodeText>
        <CodeText xml:lang="nb">Post-secondary non-tertiary (ikke videregående utdanning, universitets- eller høgskoleutdanning)</CodeText>
        <CodeText xml:lang="en">Post-secondary non-tertiary</CodeText>
      </CodeTextGrp>
    </Code>
    <Code id="urn:ssb:code:stabas:4972803-4975941">
      <CodeValue>5</CodeValue>
      <CodeTextGrp>
        <CodeText xml:lang="nn">First stage of tertiary education (Universitets- og høgskoleutdanning)</CodeText>
        <CodeText xml:lang="nb">First stage of tertiary education (Universitets- og høgskoleutdanning)</CodeText>
        <CodeText xml:lang="en">First stage of tertiary education</CodeText>
      </CodeTextGrp>
    </Code>
    <Code id="urn:ssb:code:stabas:4972803-4980739">
      <CodeValue>6</CodeValue>
      <CodeTextGrp>
        <CodeText xml:lang="nn">Second stage of tertiary education (Forskarutdanning)</CodeText>
        <CodeText xml:lang="nb">Second stage of tertiary education (Forskerutdanning)</CodeText>
        <CodeText xml:lang="en">Second stage of tertiary education</CodeText>
      </CodeTextGrp>
    </Code>
    <Code id="urn:ssb:code:stabas:4972803-4981803">
      <CodeValue>9</CodeValue>
      <CodeTextGrp>
        <CodeText xml:lang="nn">Unknown level</CodeText>
        <CodeText xml:lang="nb">Unknown level</CodeText>
        <CodeText xml:lang="en">Unknown level</CodeText>
      </CodeTextGrp>
    </Code>
  </Codes>
</Codelist>