<?xml version="1.0" encoding="utf-8"?>
<Codelist xmlns:xsi="http://www.w3.org/2001/XMLSchema-instance" xmlns:xsd="http://www.w3.org/2001/XMLSchema" id="urn:ssb:codelist:stabas:5043072" defaultValidFrom="2007-01-01" defaultValidTo="2007-12-31" lastChangedDate="2007-11-13" isCurrent="false" relationId="urn:ssb:classversion:stabas:5043068" xmlns="http://www.ssb.no/ns/meta/codelist">
  <CodelistMeta>
    <TitleGrp>
      <Title xml:lang="nn">Verdsdel, standard 2007: Noreg/Utlandet</Title>
      <Title xml:lang="nb">Verdensdel, standard 2007: Norge/Utlandet</Title>
      <Title xml:lang="en">Continents, standard grouping 2007: Norway/abroad.</Title>
    </TitleGrp>
    <DescriptionGrp>
      <Description xml:lang="nn">Ikkje relevant</Description>
      <Description xml:lang="nb">Ikke relevant</Description>
      <Description xml:lang="en">Not relevant</Description>
    </DescriptionGrp>
    <ContactInformation>
      <Person xmlns="http://www.ssb.no/ns/meta/common">kva</Person>
      <Division xmlns="http://www.ssb.no/ns/meta/common">320</Division>
    </ContactInformation>
    <NoteGrp>
      <Note xml:lang="nn">Ikkje relevant</Note>
      <Note xml:lang="nb">Ikke relevant</Note>
      <Note xml:lang="en">Not relevant</Note>
    </NoteGrp>
  </CodelistMeta>
  <Codes>
    <Code id="urn:ssb:code:stabas:5043072-5043077">
      <CodeValue>N</CodeValue>
      <CodeTextGrp>
        <CodeText xml:lang="nn">Noreg</CodeText>
        <CodeText xml:lang="nb">Norge</CodeText>
        <CodeText xml:lang="en">Norway</CodeText>
      </CodeTextGrp>
    </Code>
    <Code id="urn:ssb:code:stabas:5043072-5043082">
      <CodeValue>U</CodeValue>
      <CodeTextGrp>
        <CodeText xml:lang="nn">Utlandet</CodeText>
        <CodeText xml:lang="nb">Utlandet</CodeText>
        <CodeText xml:lang="en">Abroad</CodeText>
      </CodeTextGrp>
    </Code>
  </Codes>
</Codelist>