<?xml version="1.0" encoding="utf-8"?>
<Codelist xmlns:xsi="http://www.w3.org/2001/XMLSchema-instance" xmlns:xsd="http://www.w3.org/2001/XMLSchema" id="urn:ssb:codelist:stabas:5043076" defaultValidFrom="2007-01-01" defaultValidTo="2007-12-31" lastChangedDate="2007-11-13" parentCodelistId="urn:ssb:codelist:stabas:5043074" isCurrent="false" relationId="urn:ssb:classversion:stabas:5043068" xmlns="http://www.ssb.no/ns/meta/codelist">
  <CodelistMeta>
    <TitleGrp>
      <Title xml:lang="nn">Verdsdel, standard 2007: Land</Title>
      <Title xml:lang="nb">Verdensdel, standard 2007: Land</Title>
      <Title xml:lang="en">Continents, standard grouping 2007: Country</Title>
    </TitleGrp>
    <DescriptionGrp>
      <Description xml:lang="nn">Ikkje relevant</Description>
      <Description xml:lang="nb">Ikke relevant</Description>
      <Description xml:lang="en">Not relevant</Description>
    </DescriptionGrp>
    <ContactInformation>
      <Person xmlns="http://www.ssb.no/ns/meta/common">kva</Person>
      <Division xmlns="http://www.ssb.no/ns/meta/common">320</Division>
    </ContactInformation>
    <NoteGrp>
      <Note xml:lang="nn">Ikkje relevant</Note>
      <Note xml:lang="nb">Ikke relevant</Note>
      <Note xml:lang="en">Not relevant</Note>
    </NoteGrp>
  </CodelistMeta>
  <Codes>
    <Code id="urn:ssb:code:stabas:5043076-5043081" parentCodeId="urn:ssb:code:stabas:5043074-5043079">
      <CodeValue>000</CodeValue>
      <CodeTextGrp>
        <CodeText xml:lang="nn">Noreg</CodeText>
        <CodeText xml:lang="nb">Norge</CodeText>
        <CodeText xml:lang="en">Norway</CodeText>
      </CodeTextGrp>
    </Code>
    <Code id="urn:ssb:code:stabas:5043076-5043086" parentCodeId="urn:ssb:code:stabas:5043074-5043084">
      <CodeValue>101</CodeValue>
      <CodeTextGrp>
        <CodeText xml:lang="nn">Danmark</CodeText>
        <CodeText xml:lang="nb">Danmark</CodeText>
        <CodeText xml:lang="en">Denmark</CodeText>
      </CodeTextGrp>
    </Code>
    <Code id="urn:ssb:code:stabas:5043076-5043087" parentCodeId="urn:ssb:code:stabas:5043074-5043084">
      <CodeValue>102</CodeValue>
      <CodeTextGrp>
        <CodeText xml:lang="nn">Grønland</CodeText>
        <CodeText xml:lang="nb">Grønland</CodeText>
        <CodeText xml:lang="en">Greenland</CodeText>
      </CodeTextGrp>
    </Code>
    <Code id="urn:ssb:code:stabas:5043076-5043088" parentCodeId="urn:ssb:code:stabas:5043074-5043084">
      <CodeValue>103</CodeValue>
      <CodeTextGrp>
        <CodeText xml:lang="nn">Finland</CodeText>
        <CodeText xml:lang="nb">Finland</CodeText>
        <CodeText xml:lang="en">Finland</CodeText>
      </CodeTextGrp>
    </Code>
    <Code id="urn:ssb:code:stabas:5043076-5043089" parentCodeId="urn:ssb:code:stabas:5043074-5043084">
      <CodeValue>104</CodeValue>
      <CodeTextGrp>
        <CodeText xml:lang="nn">Færøyane</CodeText>
        <CodeText xml:lang="nb">Færøyene</CodeText>
        <CodeText xml:lang="en">Faroe Islands</CodeText>
      </CodeTextGrp>
    </Code>
    <Code id="urn:ssb:code:stabas:5043076-5043090" parentCodeId="urn:ssb:code:stabas:5043074-5043084">
      <CodeValue>105</CodeValue>
      <CodeTextGrp>
        <CodeText xml:lang="nn">Island</CodeText>
        <CodeText xml:lang="nb">Island</CodeText>
        <CodeText xml:lang="en">Iceland</CodeText>
      </CodeTextGrp>
    </Code>
    <Code id="urn:ssb:code:stabas:5043076-5043091" parentCodeId="urn:ssb:code:stabas:5043074-5043084">
      <CodeValue>106</CodeValue>
      <CodeTextGrp>
        <CodeText xml:lang="nn">Sverige</CodeText>
        <CodeText xml:lang="nb">Sverige</CodeText>
        <CodeText xml:lang="en">Sweden</CodeText>
      </CodeTextGrp>
    </Code>
    <Code id="urn:ssb:code:stabas:5043076-5043092" parentCodeId="urn:ssb:code:stabas:5043074-5043084">
      <CodeValue>111</CodeValue>
      <CodeTextGrp>
        <CodeText xml:lang="nn">Albania</CodeText>
        <CodeText xml:lang="nb">Albania</CodeText>
        <CodeText xml:lang="en">Albania</CodeText>
      </CodeTextGrp>
    </Code>
    <Code id="urn:ssb:code:stabas:5043076-5043093" parentCodeId="urn:ssb:code:stabas:5043074-5043084">
      <CodeValue>112</CodeValue>
      <CodeTextGrp>
        <CodeText xml:lang="nn">Belgia</CodeText>
        <CodeText xml:lang="nb">Belgia</CodeText>
        <CodeText xml:lang="en">Belgium</CodeText>
      </CodeTextGrp>
    </Code>
    <Code id="urn:ssb:code:stabas:5043076-5043094" parentCodeId="urn:ssb:code:stabas:5043074-5043084">
      <CodeValue>113</CodeValue>
      <CodeTextGrp>
        <CodeText xml:lang="nn">Bulgaria</CodeText>
        <CodeText xml:lang="nb">Bulgaria</CodeText>
        <CodeText xml:lang="en">Bulgaria</CodeText>
      </CodeTextGrp>
    </Code>
    <Code id="urn:ssb:code:stabas:5043076-5043095" parentCodeId="urn:ssb:code:stabas:5043074-5043084">
      <CodeValue>114</CodeValue>
      <CodeTextGrp>
        <CodeText xml:lang="nn">Andorra</CodeText>
        <CodeText xml:lang="nb">Andorra</CodeText>
        <CodeText xml:lang="en">Andorra</CodeText>
      </CodeTextGrp>
    </Code>
    <Code id="urn:ssb:code:stabas:5043076-5043096" parentCodeId="urn:ssb:code:stabas:5043074-5043084">
      <CodeValue>115</CodeValue>
      <CodeTextGrp>
        <CodeText xml:lang="nn">Estland</CodeText>
        <CodeText xml:lang="nb">Estland</CodeText>
        <CodeText xml:lang="en">Estonia</CodeText>
      </CodeTextGrp>
    </Code>
    <Code id="urn:ssb:code:stabas:5043076-5043097" parentCodeId="urn:ssb:code:stabas:5043074-5043084">
      <CodeValue>117</CodeValue>
      <CodeTextGrp>
        <CodeText xml:lang="nn">Frankrike</CodeText>
        <CodeText xml:lang="nb">Frankrike</CodeText>
        <CodeText xml:lang="en">France</CodeText>
      </CodeTextGrp>
    </Code>
    <Code id="urn:ssb:code:stabas:5043076-5043098" parentCodeId="urn:ssb:code:stabas:5043074-5043084">
      <CodeValue>118</CodeValue>
      <CodeTextGrp>
        <CodeText xml:lang="nn">Gibraltar</CodeText>
        <CodeText xml:lang="nb">Gibraltar</CodeText>
        <CodeText xml:lang="en">Gibraltar</CodeText>
      </CodeTextGrp>
    </Code>
    <Code id="urn:ssb:code:stabas:5043076-5043099" parentCodeId="urn:ssb:code:stabas:5043074-5043084">
      <CodeValue>119</CodeValue>
      <CodeTextGrp>
        <CodeText xml:lang="nn">Hellas</CodeText>
        <CodeText xml:lang="nb">Hellas</CodeText>
        <CodeText xml:lang="en">Greece</CodeText>
      </CodeTextGrp>
    </Code>
    <Code id="urn:ssb:code:stabas:5043076-5043100" parentCodeId="urn:ssb:code:stabas:5043074-5043084">
      <CodeValue>120</CodeValue>
      <CodeTextGrp>
        <CodeText xml:lang="nn">Kviterussland</CodeText>
        <CodeText xml:lang="nb">Hviterussland</CodeText>
        <CodeText xml:lang="en">Belarus</CodeText>
      </CodeTextGrp>
    </Code>
    <Code id="urn:ssb:code:stabas:5043076-5043101" parentCodeId="urn:ssb:code:stabas:5043074-5043084">
      <CodeValue>121</CodeValue>
      <CodeTextGrp>
        <CodeText xml:lang="nn">Irland</CodeText>
        <CodeText xml:lang="nb">Irland</CodeText>
        <CodeText xml:lang="en">Ireland</CodeText>
      </CodeTextGrp>
    </Code>
    <Code id="urn:ssb:code:stabas:5043076-5043102" parentCodeId="urn:ssb:code:stabas:5043074-5043084">
      <CodeValue>122</CodeValue>
      <CodeTextGrp>
        <CodeText xml:lang="nn">Kroatia</CodeText>
        <CodeText xml:lang="nb">Kroatia</CodeText>
        <CodeText xml:lang="en">Croatia</CodeText>
      </CodeTextGrp>
    </Code>
    <Code id="urn:ssb:code:stabas:5043076-5043103" parentCodeId="urn:ssb:code:stabas:5043074-5043084">
      <CodeValue>123</CodeValue>
      <CodeTextGrp>
        <CodeText xml:lang="nn">Italia</CodeText>
        <CodeText xml:lang="nb">Italia</CodeText>
        <CodeText xml:lang="en">Italy</CodeText>
      </CodeTextGrp>
    </Code>
    <Code id="urn:ssb:code:stabas:5043076-5043104" parentCodeId="urn:ssb:code:stabas:5043074-5043084">
      <CodeValue>124</CodeValue>
      <CodeTextGrp>
        <CodeText xml:lang="nn">Latvia</CodeText>
        <CodeText xml:lang="nb">Latvia</CodeText>
        <CodeText xml:lang="en">Latvia</CodeText>
      </CodeTextGrp>
    </Code>
    <Code id="urn:ssb:code:stabas:5043076-5043106" parentCodeId="urn:ssb:code:stabas:5043074-5043084">
      <CodeValue>126</CodeValue>
      <CodeTextGrp>
        <CodeText xml:lang="nn">Malta</CodeText>
        <CodeText xml:lang="nb">Malta</CodeText>
        <CodeText xml:lang="en">Malta</CodeText>
      </CodeTextGrp>
    </Code>
    <Code id="urn:ssb:code:stabas:5043076-5043107" parentCodeId="urn:ssb:code:stabas:5043074-5043084">
      <CodeValue>127</CodeValue>
      <CodeTextGrp>
        <CodeText xml:lang="nn">Nederland</CodeText>
        <CodeText xml:lang="nb">Nederland</CodeText>
        <CodeText xml:lang="en">Netherlands</CodeText>
      </CodeTextGrp>
    </Code>
    <Code id="urn:ssb:code:stabas:5043076-5043108" parentCodeId="urn:ssb:code:stabas:5043074-5043084">
      <CodeValue>128</CodeValue>
      <CodeTextGrp>
        <CodeText xml:lang="nn">Liechtenstein</CodeText>
        <CodeText xml:lang="nb">Liechtenstein</CodeText>
        <CodeText xml:lang="en">Liechtenstein</CodeText>
      </CodeTextGrp>
    </Code>
    <Code id="urn:ssb:code:stabas:5043076-5043109" parentCodeId="urn:ssb:code:stabas:5043074-5043084">
      <CodeValue>129</CodeValue>
      <CodeTextGrp>
        <CodeText xml:lang="nn">Luxembourg</CodeText>
        <CodeText xml:lang="nb">Luxembourg</CodeText>
        <CodeText xml:lang="en">Luxembourg</CodeText>
      </CodeTextGrp>
    </Code>
    <Code id="urn:ssb:code:stabas:5043076-5043110" parentCodeId="urn:ssb:code:stabas:5043074-5043084">
      <CodeValue>130</CodeValue>
      <CodeTextGrp>
        <CodeText xml:lang="nn">Monaco</CodeText>
        <CodeText xml:lang="nb">Monaco</CodeText>
        <CodeText xml:lang="en">Monaco</CodeText>
      </CodeTextGrp>
    </Code>
    <Code id="urn:ssb:code:stabas:5043076-5043111" parentCodeId="urn:ssb:code:stabas:5043074-5043084">
      <CodeValue>131</CodeValue>
      <CodeTextGrp>
        <CodeText xml:lang="nn">Polen</CodeText>
        <CodeText xml:lang="nb">Polen</CodeText>
        <CodeText xml:lang="en">Poland</CodeText>
      </CodeTextGrp>
    </Code>
    <Code id="urn:ssb:code:stabas:5043076-5043112" parentCodeId="urn:ssb:code:stabas:5043074-5043084">
      <CodeValue>132</CodeValue>
      <CodeTextGrp>
        <CodeText xml:lang="nn">Portugal</CodeText>
        <CodeText xml:lang="nb">Portugal</CodeText>
        <CodeText xml:lang="en">Portugal</CodeText>
      </CodeTextGrp>
    </Code>
    <Code id="urn:ssb:code:stabas:5043076-5043113" parentCodeId="urn:ssb:code:stabas:5043074-5043084">
      <CodeValue>133</CodeValue>
      <CodeTextGrp>
        <CodeText xml:lang="nn">Romania</CodeText>
        <CodeText xml:lang="nb">Romania</CodeText>
        <CodeText xml:lang="en">Romania</CodeText>
      </CodeTextGrp>
    </Code>
    <Code id="urn:ssb:code:stabas:5043076-5043114" parentCodeId="urn:ssb:code:stabas:5043074-5043084">
      <CodeValue>134</CodeValue>
      <CodeTextGrp>
        <CodeText xml:lang="nn">San Marino</CodeText>
        <CodeText xml:lang="nb">San Marino</CodeText>
        <CodeText xml:lang="en">San Marino</CodeText>
      </CodeTextGrp>
    </Code>
    <Code id="urn:ssb:code:stabas:5043076-5043115" parentCodeId="urn:ssb:code:stabas:5043074-5043084">
      <CodeValue>136</CodeValue>
      <CodeTextGrp>
        <CodeText xml:lang="nn">Litauen</CodeText>
        <CodeText xml:lang="nb">Litauen</CodeText>
        <CodeText xml:lang="en">Lithuania</CodeText>
      </CodeTextGrp>
    </Code>
    <Code id="urn:ssb:code:stabas:5043076-5043116" parentCodeId="urn:ssb:code:stabas:5043074-5043084">
      <CodeValue>137</CodeValue>
      <CodeTextGrp>
        <CodeText xml:lang="nn">Spania</CodeText>
        <CodeText xml:lang="nb">Spania</CodeText>
        <CodeText xml:lang="en">Spain</CodeText>
      </CodeTextGrp>
    </Code>
    <Code id="urn:ssb:code:stabas:5043076-5043117" parentCodeId="urn:ssb:code:stabas:5043074-5043084">
      <CodeValue>138</CodeValue>
      <CodeTextGrp>
        <CodeText xml:lang="nn">Moldova</CodeText>
        <CodeText xml:lang="nb">Moldova</CodeText>
        <CodeText xml:lang="en">Moldova</CodeText>
      </CodeTextGrp>
    </Code>
    <Code id="urn:ssb:code:stabas:5043076-5043118" parentCodeId="urn:ssb:code:stabas:5043074-5043084">
      <CodeValue>139</CodeValue>
      <CodeTextGrp>
        <CodeText xml:lang="nn">Storbritannia</CodeText>
        <CodeText xml:lang="nb">Storbritannia</CodeText>
        <CodeText xml:lang="en">United Kingdom</CodeText>
      </CodeTextGrp>
    </Code>
    <Code id="urn:ssb:code:stabas:5043076-5043119" parentCodeId="urn:ssb:code:stabas:5043074-5043084">
      <CodeValue>140</CodeValue>
      <CodeTextGrp>
        <CodeText xml:lang="nn">Russland</CodeText>
        <CodeText xml:lang="nb">Russland</CodeText>
        <CodeText xml:lang="en">Russia</CodeText>
      </CodeTextGrp>
    </Code>
    <Code id="urn:ssb:code:stabas:5043076-5043120" parentCodeId="urn:ssb:code:stabas:5043074-5043084">
      <CodeValue>141</CodeValue>
      <CodeTextGrp>
        <CodeText xml:lang="nn">Sveits</CodeText>
        <CodeText xml:lang="nb">Sveits</CodeText>
        <CodeText xml:lang="en">Switzerland</CodeText>
      </CodeTextGrp>
    </Code>
    <Code id="urn:ssb:code:stabas:5043076-5043121" parentCodeId="urn:ssb:code:stabas:5043074-5043084">
      <CodeValue>143</CodeValue>
      <CodeTextGrp>
        <CodeText xml:lang="nn">Tyrkia</CodeText>
        <CodeText xml:lang="nb">Tyrkia</CodeText>
        <CodeText xml:lang="en">Turkey</CodeText>
      </CodeTextGrp>
    </Code>
    <Code id="urn:ssb:code:stabas:5043076-5043122" parentCodeId="urn:ssb:code:stabas:5043074-5043084">
      <CodeValue>144</CodeValue>
      <CodeTextGrp>
        <CodeText xml:lang="nn">Tyskland</CodeText>
        <CodeText xml:lang="nb">Tyskland</CodeText>
        <CodeText xml:lang="en">Germany</CodeText>
      </CodeTextGrp>
    </Code>
    <Code id="urn:ssb:code:stabas:5043076-5043123" parentCodeId="urn:ssb:code:stabas:5043074-5043084">
      <CodeValue>146</CodeValue>
      <CodeTextGrp>
        <CodeText xml:lang="nn">Slovenia</CodeText>
        <CodeText xml:lang="nb">Slovenia</CodeText>
        <CodeText xml:lang="en">Slovenia</CodeText>
      </CodeTextGrp>
    </Code>
    <Code id="urn:ssb:code:stabas:5043076-5043124" parentCodeId="urn:ssb:code:stabas:5043074-5043084">
      <CodeValue>148</CodeValue>
      <CodeTextGrp>
        <CodeText xml:lang="nn">Ukraina</CodeText>
        <CodeText xml:lang="nb">Ukraina</CodeText>
        <CodeText xml:lang="en">Ukraine</CodeText>
      </CodeTextGrp>
    </Code>
    <Code id="urn:ssb:code:stabas:5043076-5043125" parentCodeId="urn:ssb:code:stabas:5043074-5043084">
      <CodeValue>152</CodeValue>
      <CodeTextGrp>
        <CodeText xml:lang="nn">Ungarn</CodeText>
        <CodeText xml:lang="nb">Ungarn</CodeText>
        <CodeText xml:lang="en">Hungary</CodeText>
      </CodeTextGrp>
    </Code>
    <Code id="urn:ssb:code:stabas:5043076-5043126" parentCodeId="urn:ssb:code:stabas:5043074-5043084">
      <CodeValue>153</CodeValue>
      <CodeTextGrp>
        <CodeText xml:lang="nn">Austerrike</CodeText>
        <CodeText xml:lang="nb">Østerrike</CodeText>
        <CodeText xml:lang="en">Austria</CodeText>
      </CodeTextGrp>
    </Code>
    <Code id="urn:ssb:code:stabas:5043076-5043127" parentCodeId="urn:ssb:code:stabas:5043074-5043084">
      <CodeValue>154</CodeValue>
      <CodeTextGrp>
        <CodeText xml:lang="nn">Vatikanstaten</CodeText>
        <CodeText xml:lang="nb">Vatikanstaten</CodeText>
        <CodeText xml:lang="en">Vatican City State</CodeText>
      </CodeTextGrp>
    </Code>
    <Code id="urn:ssb:code:stabas:5043076-5043128" parentCodeId="urn:ssb:code:stabas:5043074-5043084">
      <CodeValue>155</CodeValue>
      <CodeTextGrp>
        <CodeText xml:lang="nn">Bosnia-Hercegovina</CodeText>
        <CodeText xml:lang="nb">Bosnia-Hercegovina</CodeText>
        <CodeText xml:lang="en">Bosnia-Herzegovina</CodeText>
      </CodeTextGrp>
    </Code>
    <Code id="urn:ssb:code:stabas:5043076-5043129" parentCodeId="urn:ssb:code:stabas:5043074-5043084">
      <CodeValue>156</CodeValue>
      <CodeTextGrp>
        <CodeText xml:lang="nn">Makedonia</CodeText>
        <CodeText xml:lang="nb">Makedonia</CodeText>
        <CodeText xml:lang="en">Macedonia</CodeText>
      </CodeTextGrp>
    </Code>
    <Code id="urn:ssb:code:stabas:5043076-5043130" parentCodeId="urn:ssb:code:stabas:5043074-5043084">
      <CodeValue>157</CodeValue>
      <CodeTextGrp>
        <CodeText xml:lang="nn">Slovakia</CodeText>
        <CodeText xml:lang="nb">Slovakia</CodeText>
        <CodeText xml:lang="en">Slovakia</CodeText>
      </CodeTextGrp>
    </Code>
    <Code id="urn:ssb:code:stabas:5043076-5043131" parentCodeId="urn:ssb:code:stabas:5043074-5043084">
      <CodeValue>158</CodeValue>
      <CodeTextGrp>
        <CodeText xml:lang="nn">Tsjekkia</CodeText>
        <CodeText xml:lang="nb">Tsjekkia</CodeText>
        <CodeText xml:lang="en">Czech Republic</CodeText>
      </CodeTextGrp>
    </Code>
    <Code id="urn:ssb:code:stabas:5043076-5044423" parentCodeId="urn:ssb:code:stabas:5043074-5043084">
      <CodeValue>159</CodeValue>
      <CodeTextGrp>
        <CodeText xml:lang="nn">Serbia</CodeText>
        <CodeText xml:lang="nb">Serbia</CodeText>
        <CodeText xml:lang="en">Serbia </CodeText>
      </CodeTextGrp>
      <DescriptionGrp>
        <Description xml:lang="nn">Sjølvstendeg stat frå 1. november 2006</Description>
        <Description xml:lang="nb">Selvstendig stat fra 1. november 2006</Description>
        <Description xml:lang="en">Independent state from 1. November 2006</Description>
      </DescriptionGrp>
    </Code>
    <Code id="urn:ssb:code:stabas:5043076-5044426" parentCodeId="urn:ssb:code:stabas:5043074-5043084">
      <CodeValue>160</CodeValue>
      <CodeTextGrp>
        <CodeText xml:lang="nn">Montenegro</CodeText>
        <CodeText xml:lang="nb">Montenegro</CodeText>
        <CodeText xml:lang="en">Montenegro</CodeText>
      </CodeTextGrp>
      <DescriptionGrp>
        <Description xml:lang="nn">Sjølvstendeg stat frå 1. november 2006</Description>
        <Description xml:lang="nb">Selvstendig stat fra 1. november 2006</Description>
        <Description xml:lang="en">Independent state from 1. November 2006</Description>
      </DescriptionGrp>
    </Code>
    <Code id="urn:ssb:code:stabas:5043076-5043134" parentCodeId="urn:ssb:code:stabas:5043074-5043132">
      <CodeValue>203</CodeValue>
      <CodeTextGrp>
        <CodeText xml:lang="nn">Algerie</CodeText>
        <CodeText xml:lang="nb">Algerie</CodeText>
        <CodeText xml:lang="en">Algeria</CodeText>
      </CodeTextGrp>
    </Code>
    <Code id="urn:ssb:code:stabas:5043076-5043135" parentCodeId="urn:ssb:code:stabas:5043074-5043132">
      <CodeValue>204</CodeValue>
      <CodeTextGrp>
        <CodeText xml:lang="nn">Angola</CodeText>
        <CodeText xml:lang="nb">Angola</CodeText>
        <CodeText xml:lang="en">Angola</CodeText>
      </CodeTextGrp>
    </Code>
    <Code id="urn:ssb:code:stabas:5043076-5043136" parentCodeId="urn:ssb:code:stabas:5043074-5043132">
      <CodeValue>205</CodeValue>
      <CodeTextGrp>
        <CodeText xml:lang="nn">Botswana</CodeText>
        <CodeText xml:lang="nb">Botswana</CodeText>
        <CodeText xml:lang="en">Botswana</CodeText>
      </CodeTextGrp>
    </Code>
    <Code id="urn:ssb:code:stabas:5043076-5043137" parentCodeId="urn:ssb:code:stabas:5043074-5043132">
      <CodeValue>209</CodeValue>
      <CodeTextGrp>
        <CodeText xml:lang="nn">St. Helena</CodeText>
        <CodeText xml:lang="nb">St. Helena</CodeText>
        <CodeText xml:lang="en">St. Helena</CodeText>
      </CodeTextGrp>
    </Code>
    <Code id="urn:ssb:code:stabas:5043076-5043138" parentCodeId="urn:ssb:code:stabas:5043074-5043132">
      <CodeValue>213</CodeValue>
      <CodeTextGrp>
        <CodeText xml:lang="nn">Det britiske området i Indiahavet</CodeText>
        <CodeText xml:lang="nb">Det britiske området i Indiahavet</CodeText>
        <CodeText xml:lang="en">British Indian Ocean Territory</CodeText>
      </CodeTextGrp>
    </Code>
    <Code id="urn:ssb:code:stabas:5043076-5043139" parentCodeId="urn:ssb:code:stabas:5043074-5043132">
      <CodeValue>216</CodeValue>
      <CodeTextGrp>
        <CodeText xml:lang="nn">Burundi</CodeText>
        <CodeText xml:lang="nb">Burundi</CodeText>
        <CodeText xml:lang="en">Burundi</CodeText>
      </CodeTextGrp>
    </Code>
    <Code id="urn:ssb:code:stabas:5043076-5043140" parentCodeId="urn:ssb:code:stabas:5043074-5043132">
      <CodeValue>220</CodeValue>
      <CodeTextGrp>
        <CodeText xml:lang="nn">Komorene</CodeText>
        <CodeText xml:lang="nb">Komorene</CodeText>
        <CodeText xml:lang="en">Comoros</CodeText>
      </CodeTextGrp>
    </Code>
    <Code id="urn:ssb:code:stabas:5043076-5043141" parentCodeId="urn:ssb:code:stabas:5043074-5043132">
      <CodeValue>229</CodeValue>
      <CodeTextGrp>
        <CodeText xml:lang="nn">Benin</CodeText>
        <CodeText xml:lang="nb">Benin</CodeText>
        <CodeText xml:lang="en">Benin</CodeText>
      </CodeTextGrp>
    </Code>
    <Code id="urn:ssb:code:stabas:5043076-5043142" parentCodeId="urn:ssb:code:stabas:5043074-5043132">
      <CodeValue>235</CodeValue>
      <CodeTextGrp>
        <CodeText xml:lang="nn">Ekvatorial-Guinea</CodeText>
        <CodeText xml:lang="nb">Ekvatorial-Guinea</CodeText>
        <CodeText xml:lang="en">Equatorial Guinea</CodeText>
      </CodeTextGrp>
    </Code>
    <Code id="urn:ssb:code:stabas:5043076-5043143" parentCodeId="urn:ssb:code:stabas:5043074-5043132">
      <CodeValue>239</CodeValue>
      <CodeTextGrp>
        <CodeText xml:lang="nn">Elfenbeinskysten</CodeText>
        <CodeText xml:lang="nb">Elfenbeinskysten</CodeText>
        <CodeText xml:lang="en">Côte d'Ivore</CodeText>
      </CodeTextGrp>
    </Code>
    <Code id="urn:ssb:code:stabas:5043076-5043144" parentCodeId="urn:ssb:code:stabas:5043074-5043132">
      <CodeValue>241</CodeValue>
      <CodeTextGrp>
        <CodeText xml:lang="nn">Eritrea</CodeText>
        <CodeText xml:lang="nb">Eritrea</CodeText>
        <CodeText xml:lang="en">Eritrea</CodeText>
      </CodeTextGrp>
    </Code>
    <Code id="urn:ssb:code:stabas:5043076-5043145" parentCodeId="urn:ssb:code:stabas:5043074-5043132">
      <CodeValue>246</CodeValue>
      <CodeTextGrp>
        <CodeText xml:lang="nn">Etiopia</CodeText>
        <CodeText xml:lang="nb">Etiopia</CodeText>
        <CodeText xml:lang="en">Ethiopia</CodeText>
      </CodeTextGrp>
    </Code>
    <Code id="urn:ssb:code:stabas:5043076-5043146" parentCodeId="urn:ssb:code:stabas:5043074-5043132">
      <CodeValue>249</CodeValue>
      <CodeTextGrp>
        <CodeText xml:lang="nn">Egypt</CodeText>
        <CodeText xml:lang="nb">Egypt</CodeText>
        <CodeText xml:lang="en">Egypt</CodeText>
      </CodeTextGrp>
    </Code>
    <Code id="urn:ssb:code:stabas:5043076-5043147" parentCodeId="urn:ssb:code:stabas:5043074-5043132">
      <CodeValue>250</CodeValue>
      <CodeTextGrp>
        <CodeText xml:lang="nn">Djibouti</CodeText>
        <CodeText xml:lang="nb">Djibouti</CodeText>
        <CodeText xml:lang="en">Djibouti</CodeText>
      </CodeTextGrp>
    </Code>
    <Code id="urn:ssb:code:stabas:5043076-5043148" parentCodeId="urn:ssb:code:stabas:5043074-5043132">
      <CodeValue>254</CodeValue>
      <CodeTextGrp>
        <CodeText xml:lang="nn">Gabon</CodeText>
        <CodeText xml:lang="nb">Gabon</CodeText>
        <CodeText xml:lang="en">Gabon</CodeText>
      </CodeTextGrp>
    </Code>
    <Code id="urn:ssb:code:stabas:5043076-5043149" parentCodeId="urn:ssb:code:stabas:5043074-5043132">
      <CodeValue>256</CodeValue>
      <CodeTextGrp>
        <CodeText xml:lang="nn">Gambia</CodeText>
        <CodeText xml:lang="nb">Gambia</CodeText>
        <CodeText xml:lang="en">Gambia</CodeText>
      </CodeTextGrp>
    </Code>
    <Code id="urn:ssb:code:stabas:5043076-5043150" parentCodeId="urn:ssb:code:stabas:5043074-5043132">
      <CodeValue>260</CodeValue>
      <CodeTextGrp>
        <CodeText xml:lang="nn">Ghana</CodeText>
        <CodeText xml:lang="nb">Ghana</CodeText>
        <CodeText xml:lang="en">Ghana</CodeText>
      </CodeTextGrp>
    </Code>
    <Code id="urn:ssb:code:stabas:5043076-5043151" parentCodeId="urn:ssb:code:stabas:5043074-5043132">
      <CodeValue>264</CodeValue>
      <CodeTextGrp>
        <CodeText xml:lang="nn">Guinea</CodeText>
        <CodeText xml:lang="nb">Guinea</CodeText>
        <CodeText xml:lang="en">Guinea</CodeText>
      </CodeTextGrp>
    </Code>
    <Code id="urn:ssb:code:stabas:5043076-5043152" parentCodeId="urn:ssb:code:stabas:5043074-5043132">
      <CodeValue>266</CodeValue>
      <CodeTextGrp>
        <CodeText xml:lang="nn">Guinea-Bissau</CodeText>
        <CodeText xml:lang="nb">Guinea-Bissau</CodeText>
        <CodeText xml:lang="en">Guinea-Bissau</CodeText>
      </CodeTextGrp>
    </Code>
    <Code id="urn:ssb:code:stabas:5043076-5043153" parentCodeId="urn:ssb:code:stabas:5043074-5043132">
      <CodeValue>270</CodeValue>
      <CodeTextGrp>
        <CodeText xml:lang="nn">Kamerun</CodeText>
        <CodeText xml:lang="nb">Kamerun</CodeText>
        <CodeText xml:lang="en">Cameroon</CodeText>
      </CodeTextGrp>
    </Code>
    <Code id="urn:ssb:code:stabas:5043076-5043154" parentCodeId="urn:ssb:code:stabas:5043074-5043132">
      <CodeValue>273</CodeValue>
      <CodeTextGrp>
        <CodeText xml:lang="nn">Kapp Verde</CodeText>
        <CodeText xml:lang="nb">Kapp Verde</CodeText>
        <CodeText xml:lang="en">Cape Verde</CodeText>
      </CodeTextGrp>
    </Code>
    <Code id="urn:ssb:code:stabas:5043076-5043155" parentCodeId="urn:ssb:code:stabas:5043074-5043132">
      <CodeValue>276</CodeValue>
      <CodeTextGrp>
        <CodeText xml:lang="nn">Kenya</CodeText>
        <CodeText xml:lang="nb">Kenya</CodeText>
        <CodeText xml:lang="en">Kenya</CodeText>
      </CodeTextGrp>
    </Code>
    <Code id="urn:ssb:code:stabas:5043076-5043156" parentCodeId="urn:ssb:code:stabas:5043074-5043132">
      <CodeValue>278</CodeValue>
      <CodeTextGrp>
        <CodeText xml:lang="nn">Kongo-Brazzaville</CodeText>
        <CodeText xml:lang="nb">Kongo-Brazzaville</CodeText>
        <CodeText xml:lang="en">Congo Brazzaville</CodeText>
      </CodeTextGrp>
    </Code>
    <Code id="urn:ssb:code:stabas:5043076-5043157" parentCodeId="urn:ssb:code:stabas:5043074-5043132">
      <CodeValue>279</CodeValue>
      <CodeTextGrp>
        <CodeText xml:lang="nn">Kongo</CodeText>
        <CodeText xml:lang="nb">Kongo</CodeText>
        <CodeText xml:lang="en">Congo</CodeText>
      </CodeTextGrp>
      <DescriptionGrp>
        <Description xml:lang="nn">Tidligare Zaire</Description>
        <Description xml:lang="nb">Tidligere Zaire</Description>
        <Description xml:lang="en">Former Zaire</Description>
      </DescriptionGrp>
    </Code>
    <Code id="urn:ssb:code:stabas:5043076-5043158" parentCodeId="urn:ssb:code:stabas:5043074-5043132">
      <CodeValue>281</CodeValue>
      <CodeTextGrp>
        <CodeText xml:lang="nn">Lesotho</CodeText>
        <CodeText xml:lang="nb">Lesotho</CodeText>
        <CodeText xml:lang="en">Lesotho</CodeText>
      </CodeTextGrp>
    </Code>
    <Code id="urn:ssb:code:stabas:5043076-5043159" parentCodeId="urn:ssb:code:stabas:5043074-5043132">
      <CodeValue>283</CodeValue>
      <CodeTextGrp>
        <CodeText xml:lang="nn">Liberia</CodeText>
        <CodeText xml:lang="nb">Liberia</CodeText>
        <CodeText xml:lang="en">Liberia</CodeText>
      </CodeTextGrp>
    </Code>
    <Code id="urn:ssb:code:stabas:5043076-5043160" parentCodeId="urn:ssb:code:stabas:5043074-5043132">
      <CodeValue>286</CodeValue>
      <CodeTextGrp>
        <CodeText xml:lang="nn">Libya</CodeText>
        <CodeText xml:lang="nb">Libya</CodeText>
        <CodeText xml:lang="en">Libya</CodeText>
      </CodeTextGrp>
    </Code>
    <Code id="urn:ssb:code:stabas:5043076-5043161" parentCodeId="urn:ssb:code:stabas:5043074-5043132">
      <CodeValue>289</CodeValue>
      <CodeTextGrp>
        <CodeText xml:lang="nn">Madagaskar</CodeText>
        <CodeText xml:lang="nb">Madagaskar</CodeText>
        <CodeText xml:lang="en">Madagascar</CodeText>
      </CodeTextGrp>
    </Code>
    <Code id="urn:ssb:code:stabas:5043076-5043162" parentCodeId="urn:ssb:code:stabas:5043074-5043132">
      <CodeValue>296</CodeValue>
      <CodeTextGrp>
        <CodeText xml:lang="nn">Malawi</CodeText>
        <CodeText xml:lang="nb">Malawi</CodeText>
        <CodeText xml:lang="en">Malawi</CodeText>
      </CodeTextGrp>
    </Code>
    <Code id="urn:ssb:code:stabas:5043076-5043163" parentCodeId="urn:ssb:code:stabas:5043074-5043132">
      <CodeValue>299</CodeValue>
      <CodeTextGrp>
        <CodeText xml:lang="nn">Mali</CodeText>
        <CodeText xml:lang="nb">Mali</CodeText>
        <CodeText xml:lang="en">Mali</CodeText>
      </CodeTextGrp>
    </Code>
    <Code id="urn:ssb:code:stabas:5043076-5043164" parentCodeId="urn:ssb:code:stabas:5043074-5043132">
      <CodeValue>303</CodeValue>
      <CodeTextGrp>
        <CodeText xml:lang="nn">Marokko</CodeText>
        <CodeText xml:lang="nb">Marokko</CodeText>
        <CodeText xml:lang="en">Morocco</CodeText>
      </CodeTextGrp>
    </Code>
    <Code id="urn:ssb:code:stabas:5043076-5043165" parentCodeId="urn:ssb:code:stabas:5043074-5043132">
      <CodeValue>304</CodeValue>
      <CodeTextGrp>
        <CodeText xml:lang="nn">Vest-Sahara</CodeText>
        <CodeText xml:lang="nb">Vest-Sahara</CodeText>
        <CodeText xml:lang="en">Western Sahara</CodeText>
      </CodeTextGrp>
    </Code>
    <Code id="urn:ssb:code:stabas:5043076-5043166" parentCodeId="urn:ssb:code:stabas:5043074-5043132">
      <CodeValue>306</CodeValue>
      <CodeTextGrp>
        <CodeText xml:lang="nn">Mauritania</CodeText>
        <CodeText xml:lang="nb">Mauritania</CodeText>
        <CodeText xml:lang="en">Mauritania</CodeText>
      </CodeTextGrp>
    </Code>
    <Code id="urn:ssb:code:stabas:5043076-5043167" parentCodeId="urn:ssb:code:stabas:5043074-5043132">
      <CodeValue>307</CodeValue>
      <CodeTextGrp>
        <CodeText xml:lang="nn">Mauritius</CodeText>
        <CodeText xml:lang="nb">Mauritius</CodeText>
        <CodeText xml:lang="en">Mauritius</CodeText>
      </CodeTextGrp>
    </Code>
    <Code id="urn:ssb:code:stabas:5043076-5043168" parentCodeId="urn:ssb:code:stabas:5043074-5043132">
      <CodeValue>308</CodeValue>
      <CodeTextGrp>
        <CodeText xml:lang="nn">Namibia</CodeText>
        <CodeText xml:lang="nb">Namibia</CodeText>
        <CodeText xml:lang="en">Namibia</CodeText>
      </CodeTextGrp>
    </Code>
    <Code id="urn:ssb:code:stabas:5043076-5043169" parentCodeId="urn:ssb:code:stabas:5043074-5043132">
      <CodeValue>309</CodeValue>
      <CodeTextGrp>
        <CodeText xml:lang="nn">Niger</CodeText>
        <CodeText xml:lang="nb">Niger</CodeText>
        <CodeText xml:lang="en">Niger</CodeText>
      </CodeTextGrp>
    </Code>
    <Code id="urn:ssb:code:stabas:5043076-5043170" parentCodeId="urn:ssb:code:stabas:5043074-5043132">
      <CodeValue>313</CodeValue>
      <CodeTextGrp>
        <CodeText xml:lang="nn">Nigeria</CodeText>
        <CodeText xml:lang="nb">Nigeria</CodeText>
        <CodeText xml:lang="en">Nigeria</CodeText>
      </CodeTextGrp>
    </Code>
    <Code id="urn:ssb:code:stabas:5043076-5043171" parentCodeId="urn:ssb:code:stabas:5043074-5043132">
      <CodeValue>319</CodeValue>
      <CodeTextGrp>
        <CodeText xml:lang="nn">Mosambik</CodeText>
        <CodeText xml:lang="nb">Mosambik</CodeText>
        <CodeText xml:lang="en">Mozambique</CodeText>
      </CodeTextGrp>
    </Code>
    <Code id="urn:ssb:code:stabas:5043076-5043172" parentCodeId="urn:ssb:code:stabas:5043074-5043132">
      <CodeValue>322</CodeValue>
      <CodeTextGrp>
        <CodeText xml:lang="nn">Mayotte</CodeText>
        <CodeText xml:lang="nb">Mayotte</CodeText>
        <CodeText xml:lang="en">Mayotte</CodeText>
      </CodeTextGrp>
    </Code>
    <Code id="urn:ssb:code:stabas:5043076-5043173" parentCodeId="urn:ssb:code:stabas:5043074-5043132">
      <CodeValue>323</CodeValue>
      <CodeTextGrp>
        <CodeText xml:lang="nn">Réunion</CodeText>
        <CodeText xml:lang="nb">Réunion</CodeText>
        <CodeText xml:lang="en">Réunion</CodeText>
      </CodeTextGrp>
    </Code>
    <Code id="urn:ssb:code:stabas:5043076-5043174" parentCodeId="urn:ssb:code:stabas:5043074-5043132">
      <CodeValue>326</CodeValue>
      <CodeTextGrp>
        <CodeText xml:lang="nn">Zimbabwe</CodeText>
        <CodeText xml:lang="nb">Zimbabwe</CodeText>
        <CodeText xml:lang="en">Zimbabwe</CodeText>
      </CodeTextGrp>
    </Code>
    <Code id="urn:ssb:code:stabas:5043076-5043175" parentCodeId="urn:ssb:code:stabas:5043074-5043132">
      <CodeValue>329</CodeValue>
      <CodeTextGrp>
        <CodeText xml:lang="nn">Rwanda</CodeText>
        <CodeText xml:lang="nb">Rwanda</CodeText>
        <CodeText xml:lang="en">Rwanda</CodeText>
      </CodeTextGrp>
    </Code>
    <Code id="urn:ssb:code:stabas:5043076-5043176" parentCodeId="urn:ssb:code:stabas:5043074-5043132">
      <CodeValue>333</CodeValue>
      <CodeTextGrp>
        <CodeText xml:lang="nn">São Tomé og Príncipe</CodeText>
        <CodeText xml:lang="nb">São Tomé og Príncipe</CodeText>
        <CodeText xml:lang="en">Sao Tome and Principe</CodeText>
      </CodeTextGrp>
    </Code>
    <Code id="urn:ssb:code:stabas:5043076-5043177" parentCodeId="urn:ssb:code:stabas:5043074-5043132">
      <CodeValue>336</CodeValue>
      <CodeTextGrp>
        <CodeText xml:lang="nn">Senegal</CodeText>
        <CodeText xml:lang="nb">Senegal</CodeText>
        <CodeText xml:lang="en">Senegal</CodeText>
      </CodeTextGrp>
    </Code>
    <Code id="urn:ssb:code:stabas:5043076-5043178" parentCodeId="urn:ssb:code:stabas:5043074-5043132">
      <CodeValue>337</CodeValue>
      <CodeTextGrp>
        <CodeText xml:lang="nn">Den sentralafrikanske republikken</CodeText>
        <CodeText xml:lang="nb">Den sentralafrikanske republikk</CodeText>
        <CodeText xml:lang="en">Central African Republic</CodeText>
      </CodeTextGrp>
    </Code>
    <Code id="urn:ssb:code:stabas:5043076-5043179" parentCodeId="urn:ssb:code:stabas:5043074-5043132">
      <CodeValue>338</CodeValue>
      <CodeTextGrp>
        <CodeText xml:lang="nn">Seychellane</CodeText>
        <CodeText xml:lang="nb">Seychellene</CodeText>
        <CodeText xml:lang="en">Seychelles</CodeText>
      </CodeTextGrp>
    </Code>
    <Code id="urn:ssb:code:stabas:5043076-5043180" parentCodeId="urn:ssb:code:stabas:5043074-5043132">
      <CodeValue>339</CodeValue>
      <CodeTextGrp>
        <CodeText xml:lang="nn">Sierra Leone</CodeText>
        <CodeText xml:lang="nb">Sierra Leone</CodeText>
        <CodeText xml:lang="en">Sierra Leone</CodeText>
      </CodeTextGrp>
    </Code>
    <Code id="urn:ssb:code:stabas:5043076-5043181" parentCodeId="urn:ssb:code:stabas:5043074-5043132">
      <CodeValue>346</CodeValue>
      <CodeTextGrp>
        <CodeText xml:lang="nn">Somalia</CodeText>
        <CodeText xml:lang="nb">Somalia</CodeText>
        <CodeText xml:lang="en">Somalia</CodeText>
      </CodeTextGrp>
    </Code>
    <Code id="urn:ssb:code:stabas:5043076-5043182" parentCodeId="urn:ssb:code:stabas:5043074-5043132">
      <CodeValue>356</CodeValue>
      <CodeTextGrp>
        <CodeText xml:lang="nn">Sudan</CodeText>
        <CodeText xml:lang="nb">Sudan</CodeText>
        <CodeText xml:lang="en">Sudan</CodeText>
      </CodeTextGrp>
    </Code>
    <Code id="urn:ssb:code:stabas:5043076-5043183" parentCodeId="urn:ssb:code:stabas:5043074-5043132">
      <CodeValue>357</CodeValue>
      <CodeTextGrp>
        <CodeText xml:lang="nn">Swaziland</CodeText>
        <CodeText xml:lang="nb">Swaziland</CodeText>
        <CodeText xml:lang="en">Swaziland</CodeText>
      </CodeTextGrp>
    </Code>
    <Code id="urn:ssb:code:stabas:5043076-5043184" parentCodeId="urn:ssb:code:stabas:5043074-5043132">
      <CodeValue>359</CodeValue>
      <CodeTextGrp>
        <CodeText xml:lang="nn">Sør-Afrika</CodeText>
        <CodeText xml:lang="nb">Sør-Afrika</CodeText>
        <CodeText xml:lang="en">South Africa</CodeText>
      </CodeTextGrp>
    </Code>
    <Code id="urn:ssb:code:stabas:5043076-5043185" parentCodeId="urn:ssb:code:stabas:5043074-5043132">
      <CodeValue>369</CodeValue>
      <CodeTextGrp>
        <CodeText xml:lang="nn">Tanzania</CodeText>
        <CodeText xml:lang="nb">Tanzania</CodeText>
        <CodeText xml:lang="en">Tanzania</CodeText>
      </CodeTextGrp>
    </Code>
    <Code id="urn:ssb:code:stabas:5043076-5043186" parentCodeId="urn:ssb:code:stabas:5043074-5043132">
      <CodeValue>373</CodeValue>
      <CodeTextGrp>
        <CodeText xml:lang="nn">Tsjad</CodeText>
        <CodeText xml:lang="nb">Tsjad</CodeText>
        <CodeText xml:lang="en">Chad</CodeText>
      </CodeTextGrp>
    </Code>
    <Code id="urn:ssb:code:stabas:5043076-5043187" parentCodeId="urn:ssb:code:stabas:5043074-5043132">
      <CodeValue>376</CodeValue>
      <CodeTextGrp>
        <CodeText xml:lang="nn">Togo</CodeText>
        <CodeText xml:lang="nb">Togo</CodeText>
        <CodeText xml:lang="en">Togo</CodeText>
      </CodeTextGrp>
    </Code>
    <Code id="urn:ssb:code:stabas:5043076-5043188" parentCodeId="urn:ssb:code:stabas:5043074-5043132">
      <CodeValue>379</CodeValue>
      <CodeTextGrp>
        <CodeText xml:lang="nn">Tunisia</CodeText>
        <CodeText xml:lang="nb">Tunisia</CodeText>
        <CodeText xml:lang="en">Tunisia</CodeText>
      </CodeTextGrp>
    </Code>
    <Code id="urn:ssb:code:stabas:5043076-5043189" parentCodeId="urn:ssb:code:stabas:5043074-5043132">
      <CodeValue>386</CodeValue>
      <CodeTextGrp>
        <CodeText xml:lang="nn">Uganda</CodeText>
        <CodeText xml:lang="nb">Uganda</CodeText>
        <CodeText xml:lang="en">Uganda</CodeText>
      </CodeTextGrp>
    </Code>
    <Code id="urn:ssb:code:stabas:5043076-5043190" parentCodeId="urn:ssb:code:stabas:5043074-5043132">
      <CodeValue>389</CodeValue>
      <CodeTextGrp>
        <CodeText xml:lang="nn">Zambia</CodeText>
        <CodeText xml:lang="nb">Zambia</CodeText>
        <CodeText xml:lang="en">Zambia</CodeText>
      </CodeTextGrp>
    </Code>
    <Code id="urn:ssb:code:stabas:5043076-5043191" parentCodeId="urn:ssb:code:stabas:5043074-5043132">
      <CodeValue>393</CodeValue>
      <CodeTextGrp>
        <CodeText xml:lang="nn">Burkina Faso</CodeText>
        <CodeText xml:lang="nb">Burkina Faso</CodeText>
        <CodeText xml:lang="en">Burkina Faso</CodeText>
      </CodeTextGrp>
    </Code>
    <Code id="urn:ssb:code:stabas:5043076-5043194" parentCodeId="urn:ssb:code:stabas:5043074-5043192">
      <CodeValue>404</CodeValue>
      <CodeTextGrp>
        <CodeText xml:lang="nn">Afghanistan</CodeText>
        <CodeText xml:lang="nb">Afghanistan</CodeText>
        <CodeText xml:lang="en">Afghanistan</CodeText>
      </CodeTextGrp>
    </Code>
    <Code id="urn:ssb:code:stabas:5043076-5043195" parentCodeId="urn:ssb:code:stabas:5043074-5043192">
      <CodeValue>406</CodeValue>
      <CodeTextGrp>
        <CodeText xml:lang="nn">Armenia</CodeText>
        <CodeText xml:lang="nb">Armenia</CodeText>
        <CodeText xml:lang="en">Armenia</CodeText>
      </CodeTextGrp>
    </Code>
    <Code id="urn:ssb:code:stabas:5043076-5043196" parentCodeId="urn:ssb:code:stabas:5043074-5043192">
      <CodeValue>407</CodeValue>
      <CodeTextGrp>
        <CodeText xml:lang="nn">Aserbajdsjan</CodeText>
        <CodeText xml:lang="nb">Aserbajdsjan</CodeText>
        <CodeText xml:lang="en">Azerbaijan</CodeText>
      </CodeTextGrp>
    </Code>
    <Code id="urn:ssb:code:stabas:5043076-5043197" parentCodeId="urn:ssb:code:stabas:5043074-5043192">
      <CodeValue>409</CodeValue>
      <CodeTextGrp>
        <CodeText xml:lang="nn">Bahrain</CodeText>
        <CodeText xml:lang="nb">Bahrain</CodeText>
        <CodeText xml:lang="en">Bahrain</CodeText>
      </CodeTextGrp>
    </Code>
    <Code id="urn:ssb:code:stabas:5043076-5043198" parentCodeId="urn:ssb:code:stabas:5043074-5043192">
      <CodeValue>410</CodeValue>
      <CodeTextGrp>
        <CodeText xml:lang="nn">Bangladesh</CodeText>
        <CodeText xml:lang="nb">Bangladesh</CodeText>
        <CodeText xml:lang="en">Bangladesh</CodeText>
      </CodeTextGrp>
    </Code>
    <Code id="urn:ssb:code:stabas:5043076-5043199" parentCodeId="urn:ssb:code:stabas:5043074-5043192">
      <CodeValue>412</CodeValue>
      <CodeTextGrp>
        <CodeText xml:lang="nn">Bhutan</CodeText>
        <CodeText xml:lang="nb">Bhutan</CodeText>
        <CodeText xml:lang="en">Bhutan</CodeText>
      </CodeTextGrp>
    </Code>
    <Code id="urn:ssb:code:stabas:5043076-5043200" parentCodeId="urn:ssb:code:stabas:5043074-5043192">
      <CodeValue>416</CodeValue>
      <CodeTextGrp>
        <CodeText xml:lang="nn">Brunei</CodeText>
        <CodeText xml:lang="nb">Brunei</CodeText>
        <CodeText xml:lang="en">Brunei</CodeText>
      </CodeTextGrp>
    </Code>
    <Code id="urn:ssb:code:stabas:5043076-5043201" parentCodeId="urn:ssb:code:stabas:5043074-5043192">
      <CodeValue>420</CodeValue>
      <CodeTextGrp>
        <CodeText xml:lang="nn">Burma</CodeText>
        <CodeText xml:lang="nb">Burma</CodeText>
        <CodeText xml:lang="en">Burma</CodeText>
      </CodeTextGrp>
      <DescriptionGrp>
        <Description xml:lang="nn">Og kjend som Myanmar.</Description>
        <Description xml:lang="nb">Også kjent som Myanmar.</Description>
        <Description xml:lang="en">Also known as Myanmar.</Description>
      </DescriptionGrp>
    </Code>
    <Code id="urn:ssb:code:stabas:5043076-5043202" parentCodeId="urn:ssb:code:stabas:5043074-5043192">
      <CodeValue>424</CodeValue>
      <CodeTextGrp>
        <CodeText xml:lang="nn">Sri Lanka</CodeText>
        <CodeText xml:lang="nb">Sri Lanka</CodeText>
        <CodeText xml:lang="en">Sri Lanka</CodeText>
      </CodeTextGrp>
    </Code>
    <Code id="urn:ssb:code:stabas:5043076-5043203" parentCodeId="urn:ssb:code:stabas:5043074-5043192">
      <CodeValue>426</CodeValue>
      <CodeTextGrp>
        <CodeText xml:lang="nn">Dei sameinte arabiske emirata</CodeText>
        <CodeText xml:lang="nb">De forente arabiske emirater</CodeText>
        <CodeText xml:lang="en">United Arab Emirates</CodeText>
      </CodeTextGrp>
    </Code>
    <Code id="urn:ssb:code:stabas:5043076-5043204" parentCodeId="urn:ssb:code:stabas:5043074-5043192">
      <CodeValue>428</CodeValue>
      <CodeTextGrp>
        <CodeText xml:lang="nn">Filippinane</CodeText>
        <CodeText xml:lang="nb">Filippinene</CodeText>
        <CodeText xml:lang="en">Philippines</CodeText>
      </CodeTextGrp>
    </Code>
    <Code id="urn:ssb:code:stabas:5043076-5043205" parentCodeId="urn:ssb:code:stabas:5043074-5043192">
      <CodeValue>430</CodeValue>
      <CodeTextGrp>
        <CodeText xml:lang="nn">Georgia</CodeText>
        <CodeText xml:lang="nb">Georgia</CodeText>
        <CodeText xml:lang="en">Georgia</CodeText>
      </CodeTextGrp>
    </Code>
    <Code id="urn:ssb:code:stabas:5043076-5043206" parentCodeId="urn:ssb:code:stabas:5043074-5043192">
      <CodeValue>432</CodeValue>
      <CodeTextGrp>
        <CodeText xml:lang="nn">Taiwan</CodeText>
        <CodeText xml:lang="nb">Taiwan</CodeText>
        <CodeText xml:lang="en">Taiwan</CodeText>
      </CodeTextGrp>
    </Code>
    <Code id="urn:ssb:code:stabas:5043076-5043207" parentCodeId="urn:ssb:code:stabas:5043074-5043192">
      <CodeValue>436</CodeValue>
      <CodeTextGrp>
        <CodeText xml:lang="nn">Hongkong</CodeText>
        <CodeText xml:lang="nb">Hongkong</CodeText>
        <CodeText xml:lang="en">Hong Kong</CodeText>
      </CodeTextGrp>
    </Code>
    <Code id="urn:ssb:code:stabas:5043076-5043208" parentCodeId="urn:ssb:code:stabas:5043074-5043192">
      <CodeValue>444</CodeValue>
      <CodeTextGrp>
        <CodeText xml:lang="nn">India</CodeText>
        <CodeText xml:lang="nb">India</CodeText>
        <CodeText xml:lang="en">India</CodeText>
      </CodeTextGrp>
    </Code>
    <Code id="urn:ssb:code:stabas:5043076-5043209" parentCodeId="urn:ssb:code:stabas:5043074-5043192">
      <CodeValue>448</CodeValue>
      <CodeTextGrp>
        <CodeText xml:lang="nn">Indonesia</CodeText>
        <CodeText xml:lang="nb">Indonesia</CodeText>
        <CodeText xml:lang="en">Indonesia</CodeText>
      </CodeTextGrp>
    </Code>
    <Code id="urn:ssb:code:stabas:5043076-5043210" parentCodeId="urn:ssb:code:stabas:5043074-5043192">
      <CodeValue>452</CodeValue>
      <CodeTextGrp>
        <CodeText xml:lang="nn">Irak</CodeText>
        <CodeText xml:lang="nb">Irak</CodeText>
        <CodeText xml:lang="en">Iraq</CodeText>
      </CodeTextGrp>
    </Code>
    <Code id="urn:ssb:code:stabas:5043076-5043211" parentCodeId="urn:ssb:code:stabas:5043074-5043192">
      <CodeValue>456</CodeValue>
      <CodeTextGrp>
        <CodeText xml:lang="nn">Iran</CodeText>
        <CodeText xml:lang="nb">Iran</CodeText>
        <CodeText xml:lang="en">Iran</CodeText>
      </CodeTextGrp>
    </Code>
    <Code id="urn:ssb:code:stabas:5043076-5043212" parentCodeId="urn:ssb:code:stabas:5043074-5043192">
      <CodeValue>460</CodeValue>
      <CodeTextGrp>
        <CodeText xml:lang="nn">Israel</CodeText>
        <CodeText xml:lang="nb">Israel</CodeText>
        <CodeText xml:lang="en">Israel</CodeText>
      </CodeTextGrp>
    </Code>
    <Code id="urn:ssb:code:stabas:5043076-5043213" parentCodeId="urn:ssb:code:stabas:5043074-5043192">
      <CodeValue>464</CodeValue>
      <CodeTextGrp>
        <CodeText xml:lang="nn">Japan</CodeText>
        <CodeText xml:lang="nb">Japan</CodeText>
        <CodeText xml:lang="en">Japan</CodeText>
      </CodeTextGrp>
    </Code>
    <Code id="urn:ssb:code:stabas:5043076-5043214" parentCodeId="urn:ssb:code:stabas:5043074-5043192">
      <CodeValue>476</CodeValue>
      <CodeTextGrp>
        <CodeText xml:lang="nn">Jordan</CodeText>
        <CodeText xml:lang="nb">Jordan</CodeText>
        <CodeText xml:lang="en">Jordan</CodeText>
      </CodeTextGrp>
    </Code>
    <Code id="urn:ssb:code:stabas:5043076-5043215" parentCodeId="urn:ssb:code:stabas:5043074-5043192">
      <CodeValue>478</CodeValue>
      <CodeTextGrp>
        <CodeText xml:lang="nn">Kambodsja</CodeText>
        <CodeText xml:lang="nb">Kambodsja</CodeText>
        <CodeText xml:lang="en">Cambodia</CodeText>
      </CodeTextGrp>
    </Code>
    <Code id="urn:ssb:code:stabas:5043076-5043216" parentCodeId="urn:ssb:code:stabas:5043074-5043192">
      <CodeValue>480</CodeValue>
      <CodeTextGrp>
        <CodeText xml:lang="nn">Kasakhstan</CodeText>
        <CodeText xml:lang="nb">Kasakhstan</CodeText>
        <CodeText xml:lang="en">Kazakhstan</CodeText>
      </CodeTextGrp>
    </Code>
    <Code id="urn:ssb:code:stabas:5043076-5043217" parentCodeId="urn:ssb:code:stabas:5043074-5043192">
      <CodeValue>484</CodeValue>
      <CodeTextGrp>
        <CodeText xml:lang="nn">Kina</CodeText>
        <CodeText xml:lang="nb">Kina</CodeText>
        <CodeText xml:lang="en">China</CodeText>
      </CodeTextGrp>
    </Code>
    <Code id="urn:ssb:code:stabas:5043076-5043218" parentCodeId="urn:ssb:code:stabas:5043074-5043192">
      <CodeValue>488</CodeValue>
      <CodeTextGrp>
        <CodeText xml:lang="nn">Nord-Korea</CodeText>
        <CodeText xml:lang="nb">Nord-Korea</CodeText>
        <CodeText xml:lang="en">North Korea</CodeText>
      </CodeTextGrp>
    </Code>
    <Code id="urn:ssb:code:stabas:5043076-5043219" parentCodeId="urn:ssb:code:stabas:5043074-5043192">
      <CodeValue>492</CodeValue>
      <CodeTextGrp>
        <CodeText xml:lang="nn">Sør-Korea</CodeText>
        <CodeText xml:lang="nb">Sør-Korea</CodeText>
        <CodeText xml:lang="en">South Korea</CodeText>
      </CodeTextGrp>
    </Code>
    <Code id="urn:ssb:code:stabas:5043076-5043220" parentCodeId="urn:ssb:code:stabas:5043074-5043192">
      <CodeValue>496</CodeValue>
      <CodeTextGrp>
        <CodeText xml:lang="nn">Kuwait</CodeText>
        <CodeText xml:lang="nb">Kuwait</CodeText>
        <CodeText xml:lang="en">Kuwait</CodeText>
      </CodeTextGrp>
    </Code>
    <Code id="urn:ssb:code:stabas:5043076-5043221" parentCodeId="urn:ssb:code:stabas:5043074-5043192">
      <CodeValue>500</CodeValue>
      <CodeTextGrp>
        <CodeText xml:lang="nn">Kypros</CodeText>
        <CodeText xml:lang="nb">Kypros</CodeText>
        <CodeText xml:lang="en">Cyprus</CodeText>
      </CodeTextGrp>
    </Code>
    <Code id="urn:ssb:code:stabas:5043076-5043222" parentCodeId="urn:ssb:code:stabas:5043074-5043192">
      <CodeValue>502</CodeValue>
      <CodeTextGrp>
        <CodeText xml:lang="nn">Kirgisistan</CodeText>
        <CodeText xml:lang="nb">Kirgisistan</CodeText>
        <CodeText xml:lang="en">Kyrgyzstan</CodeText>
      </CodeTextGrp>
    </Code>
    <Code id="urn:ssb:code:stabas:5043076-5043223" parentCodeId="urn:ssb:code:stabas:5043074-5043192">
      <CodeValue>504</CodeValue>
      <CodeTextGrp>
        <CodeText xml:lang="nn">Laos</CodeText>
        <CodeText xml:lang="nb">Laos</CodeText>
        <CodeText xml:lang="en">Laos</CodeText>
      </CodeTextGrp>
    </Code>
    <Code id="urn:ssb:code:stabas:5043076-5043224" parentCodeId="urn:ssb:code:stabas:5043074-5043192">
      <CodeValue>508</CodeValue>
      <CodeTextGrp>
        <CodeText xml:lang="nn">Libanon</CodeText>
        <CodeText xml:lang="nb">Libanon</CodeText>
        <CodeText xml:lang="en">Lebanon</CodeText>
      </CodeTextGrp>
    </Code>
    <Code id="urn:ssb:code:stabas:5043076-5043225" parentCodeId="urn:ssb:code:stabas:5043074-5043192">
      <CodeValue>510</CodeValue>
      <CodeTextGrp>
        <CodeText xml:lang="nn">Macao</CodeText>
        <CodeText xml:lang="nb">Macao</CodeText>
        <CodeText xml:lang="en">Macao</CodeText>
      </CodeTextGrp>
    </Code>
    <Code id="urn:ssb:code:stabas:5043076-5043226" parentCodeId="urn:ssb:code:stabas:5043074-5043192">
      <CodeValue>512</CodeValue>
      <CodeTextGrp>
        <CodeText xml:lang="nn">Malaysia</CodeText>
        <CodeText xml:lang="nb">Malaysia</CodeText>
        <CodeText xml:lang="en">Malaysia</CodeText>
      </CodeTextGrp>
    </Code>
    <Code id="urn:ssb:code:stabas:5043076-5043227" parentCodeId="urn:ssb:code:stabas:5043074-5043192">
      <CodeValue>513</CodeValue>
      <CodeTextGrp>
        <CodeText xml:lang="nn">Maldivane</CodeText>
        <CodeText xml:lang="nb">Maldivene</CodeText>
        <CodeText xml:lang="en">Maldives</CodeText>
      </CodeTextGrp>
    </Code>
    <Code id="urn:ssb:code:stabas:5043076-5043228" parentCodeId="urn:ssb:code:stabas:5043074-5043192">
      <CodeValue>516</CodeValue>
      <CodeTextGrp>
        <CodeText xml:lang="nn">Mongolia</CodeText>
        <CodeText xml:lang="nb">Mongolia</CodeText>
        <CodeText xml:lang="en">Mongolia</CodeText>
      </CodeTextGrp>
    </Code>
    <Code id="urn:ssb:code:stabas:5043076-5043229" parentCodeId="urn:ssb:code:stabas:5043074-5043192">
      <CodeValue>520</CodeValue>
      <CodeTextGrp>
        <CodeText xml:lang="nn">Oman</CodeText>
        <CodeText xml:lang="nb">Oman</CodeText>
        <CodeText xml:lang="en">Oman</CodeText>
      </CodeTextGrp>
    </Code>
    <Code id="urn:ssb:code:stabas:5043076-5043230" parentCodeId="urn:ssb:code:stabas:5043074-5043192">
      <CodeValue>524</CodeValue>
      <CodeTextGrp>
        <CodeText xml:lang="nn">Det palestinske området</CodeText>
        <CodeText xml:lang="nb">Det palestinske området</CodeText>
        <CodeText xml:lang="en">Palestinian Territory</CodeText>
      </CodeTextGrp>
    </Code>
    <Code id="urn:ssb:code:stabas:5043076-5043231" parentCodeId="urn:ssb:code:stabas:5043074-5043192">
      <CodeValue>528</CodeValue>
      <CodeTextGrp>
        <CodeText xml:lang="nn">Nepal</CodeText>
        <CodeText xml:lang="nb">Nepal</CodeText>
        <CodeText xml:lang="en">Nepal</CodeText>
      </CodeTextGrp>
    </Code>
    <Code id="urn:ssb:code:stabas:5043076-5043232" parentCodeId="urn:ssb:code:stabas:5043074-5043192">
      <CodeValue>534</CodeValue>
      <CodeTextGrp>
        <CodeText xml:lang="nn">Pakistan</CodeText>
        <CodeText xml:lang="nb">Pakistan</CodeText>
        <CodeText xml:lang="en">Pakistan</CodeText>
      </CodeTextGrp>
    </Code>
    <Code id="urn:ssb:code:stabas:5043076-5043233" parentCodeId="urn:ssb:code:stabas:5043074-5043192">
      <CodeValue>537</CodeValue>
      <CodeTextGrp>
        <CodeText xml:lang="nn">Aust-Timor</CodeText>
        <CodeText xml:lang="nb">Øst-Timor</CodeText>
        <CodeText xml:lang="en">Timor-Leste</CodeText>
      </CodeTextGrp>
    </Code>
    <Code id="urn:ssb:code:stabas:5043076-5043234" parentCodeId="urn:ssb:code:stabas:5043074-5043192">
      <CodeValue>540</CodeValue>
      <CodeTextGrp>
        <CodeText xml:lang="nn">Qatar</CodeText>
        <CodeText xml:lang="nb">Qatar</CodeText>
        <CodeText xml:lang="en">Qatar</CodeText>
      </CodeTextGrp>
    </Code>
    <Code id="urn:ssb:code:stabas:5043076-5043235" parentCodeId="urn:ssb:code:stabas:5043074-5043192">
      <CodeValue>544</CodeValue>
      <CodeTextGrp>
        <CodeText xml:lang="nn">Saudi-Arabia</CodeText>
        <CodeText xml:lang="nb">Saudi-Arabia</CodeText>
        <CodeText xml:lang="en">Saudi Arabia</CodeText>
      </CodeTextGrp>
    </Code>
    <Code id="urn:ssb:code:stabas:5043076-5043236" parentCodeId="urn:ssb:code:stabas:5043074-5043192">
      <CodeValue>548</CodeValue>
      <CodeTextGrp>
        <CodeText xml:lang="nn">Singapore</CodeText>
        <CodeText xml:lang="nb">Singapore</CodeText>
        <CodeText xml:lang="en">Singapore</CodeText>
      </CodeTextGrp>
    </Code>
    <Code id="urn:ssb:code:stabas:5043076-5043237" parentCodeId="urn:ssb:code:stabas:5043074-5043192">
      <CodeValue>550</CodeValue>
      <CodeTextGrp>
        <CodeText xml:lang="nn">Tadsjikistan</CodeText>
        <CodeText xml:lang="nb">Tadsjikistan</CodeText>
        <CodeText xml:lang="en">Tajikistan</CodeText>
      </CodeTextGrp>
    </Code>
    <Code id="urn:ssb:code:stabas:5043076-5043238" parentCodeId="urn:ssb:code:stabas:5043074-5043192">
      <CodeValue>552</CodeValue>
      <CodeTextGrp>
        <CodeText xml:lang="nn">Turkmenistan</CodeText>
        <CodeText xml:lang="nb">Turkmenistan</CodeText>
        <CodeText xml:lang="en">Turkmenistan</CodeText>
      </CodeTextGrp>
    </Code>
    <Code id="urn:ssb:code:stabas:5043076-5043239" parentCodeId="urn:ssb:code:stabas:5043074-5043192">
      <CodeValue>554</CodeValue>
      <CodeTextGrp>
        <CodeText xml:lang="nn">Usbekistan</CodeText>
        <CodeText xml:lang="nb">Usbekistan</CodeText>
        <CodeText xml:lang="en">Uzbekistan</CodeText>
      </CodeTextGrp>
    </Code>
    <Code id="urn:ssb:code:stabas:5043076-5043240" parentCodeId="urn:ssb:code:stabas:5043074-5043192">
      <CodeValue>564</CodeValue>
      <CodeTextGrp>
        <CodeText xml:lang="nn">Syria</CodeText>
        <CodeText xml:lang="nb">Syria</CodeText>
        <CodeText xml:lang="en">Syria</CodeText>
      </CodeTextGrp>
    </Code>
    <Code id="urn:ssb:code:stabas:5043076-5043241" parentCodeId="urn:ssb:code:stabas:5043074-5043192">
      <CodeValue>568</CodeValue>
      <CodeTextGrp>
        <CodeText xml:lang="nn">Thailand</CodeText>
        <CodeText xml:lang="nb">Thailand</CodeText>
        <CodeText xml:lang="en">Thailand</CodeText>
      </CodeTextGrp>
    </Code>
    <Code id="urn:ssb:code:stabas:5043076-5043242" parentCodeId="urn:ssb:code:stabas:5043074-5043192">
      <CodeValue>575</CodeValue>
      <CodeTextGrp>
        <CodeText xml:lang="nn">Vietnam</CodeText>
        <CodeText xml:lang="nb">Vietnam</CodeText>
        <CodeText xml:lang="en">Vietnam</CodeText>
      </CodeTextGrp>
    </Code>
    <Code id="urn:ssb:code:stabas:5043076-5043243" parentCodeId="urn:ssb:code:stabas:5043074-5043192">
      <CodeValue>578</CodeValue>
      <CodeTextGrp>
        <CodeText xml:lang="nn">Jemen</CodeText>
        <CodeText xml:lang="nb">Jemen</CodeText>
        <CodeText xml:lang="en">Yemen</CodeText>
      </CodeTextGrp>
    </Code>
    <Code id="urn:ssb:code:stabas:5043076-5043246" parentCodeId="urn:ssb:code:stabas:5043074-5043244">
      <CodeValue>601</CodeValue>
      <CodeTextGrp>
        <CodeText xml:lang="nn">Dei amerikanske Jomfruøyane</CodeText>
        <CodeText xml:lang="nb">De amerikanske Jomfruøyene</CodeText>
        <CodeText xml:lang="en">United States Virgin Islands</CodeText>
      </CodeTextGrp>
    </Code>
    <Code id="urn:ssb:code:stabas:5043076-5043247" parentCodeId="urn:ssb:code:stabas:5043074-5043244">
      <CodeValue>602</CodeValue>
      <CodeTextGrp>
        <CodeText xml:lang="nn">Barbados</CodeText>
        <CodeText xml:lang="nb">Barbados</CodeText>
        <CodeText xml:lang="en">Barbados</CodeText>
      </CodeTextGrp>
    </Code>
    <Code id="urn:ssb:code:stabas:5043076-5043248" parentCodeId="urn:ssb:code:stabas:5043074-5043244">
      <CodeValue>603</CodeValue>
      <CodeTextGrp>
        <CodeText xml:lang="nn">Antigua og Barbuda</CodeText>
        <CodeText xml:lang="nb">Antigua og Barbuda</CodeText>
        <CodeText xml:lang="en">Antigua and Barbuda</CodeText>
      </CodeTextGrp>
    </Code>
    <Code id="urn:ssb:code:stabas:5043076-5043249" parentCodeId="urn:ssb:code:stabas:5043074-5043244">
      <CodeValue>604</CodeValue>
      <CodeTextGrp>
        <CodeText xml:lang="nn">Belize</CodeText>
        <CodeText xml:lang="nb">Belize</CodeText>
        <CodeText xml:lang="en">Belize</CodeText>
      </CodeTextGrp>
    </Code>
    <Code id="urn:ssb:code:stabas:5043076-5043250" parentCodeId="urn:ssb:code:stabas:5043074-5043244">
      <CodeValue>605</CodeValue>
      <CodeTextGrp>
        <CodeText xml:lang="nn">Bahamas</CodeText>
        <CodeText xml:lang="nb">Bahamas</CodeText>
        <CodeText xml:lang="en">Bahamas</CodeText>
      </CodeTextGrp>
    </Code>
    <Code id="urn:ssb:code:stabas:5043076-5043251" parentCodeId="urn:ssb:code:stabas:5043074-5043244">
      <CodeValue>606</CodeValue>
      <CodeTextGrp>
        <CodeText xml:lang="nn">Bermuda</CodeText>
        <CodeText xml:lang="nb">Bermuda</CodeText>
        <CodeText xml:lang="en">Bermuda</CodeText>
      </CodeTextGrp>
    </Code>
    <Code id="urn:ssb:code:stabas:5043076-5043252" parentCodeId="urn:ssb:code:stabas:5043074-5043244">
      <CodeValue>608</CodeValue>
      <CodeTextGrp>
        <CodeText xml:lang="nn">Dei britiske Jomfruøyane</CodeText>
        <CodeText xml:lang="nb">De britiske Jomfruøyene</CodeText>
        <CodeText xml:lang="en">British Virgin Islands</CodeText>
      </CodeTextGrp>
    </Code>
    <Code id="urn:ssb:code:stabas:5043076-5043253" parentCodeId="urn:ssb:code:stabas:5043074-5043244">
      <CodeValue>612</CodeValue>
      <CodeTextGrp>
        <CodeText xml:lang="nn">Canada</CodeText>
        <CodeText xml:lang="nb">Canada</CodeText>
        <CodeText xml:lang="en">Canada</CodeText>
      </CodeTextGrp>
    </Code>
    <Code id="urn:ssb:code:stabas:5043076-5043254" parentCodeId="urn:ssb:code:stabas:5043074-5043244">
      <CodeValue>613</CodeValue>
      <CodeTextGrp>
        <CodeText xml:lang="nn">Caymanøyane</CodeText>
        <CodeText xml:lang="nb">Caymanøyene</CodeText>
        <CodeText xml:lang="en">Cayman Islands</CodeText>
      </CodeTextGrp>
    </Code>
    <Code id="urn:ssb:code:stabas:5043076-5043255" parentCodeId="urn:ssb:code:stabas:5043074-5043244">
      <CodeValue>616</CodeValue>
      <CodeTextGrp>
        <CodeText xml:lang="nn">Costa Rica</CodeText>
        <CodeText xml:lang="nb">Costa Rica</CodeText>
        <CodeText xml:lang="en">Costa Rica</CodeText>
      </CodeTextGrp>
    </Code>
    <Code id="urn:ssb:code:stabas:5043076-5043256" parentCodeId="urn:ssb:code:stabas:5043074-5043244">
      <CodeValue>620</CodeValue>
      <CodeTextGrp>
        <CodeText xml:lang="nn">Cuba</CodeText>
        <CodeText xml:lang="nb">Cuba</CodeText>
        <CodeText xml:lang="en">Cuba</CodeText>
      </CodeTextGrp>
    </Code>
    <Code id="urn:ssb:code:stabas:5043076-5043257" parentCodeId="urn:ssb:code:stabas:5043074-5043244">
      <CodeValue>622</CodeValue>
      <CodeTextGrp>
        <CodeText xml:lang="nn">Dominica</CodeText>
        <CodeText xml:lang="nb">Dominica</CodeText>
        <CodeText xml:lang="en">Dominica</CodeText>
      </CodeTextGrp>
    </Code>
    <Code id="urn:ssb:code:stabas:5043076-5043258" parentCodeId="urn:ssb:code:stabas:5043074-5043244">
      <CodeValue>624</CodeValue>
      <CodeTextGrp>
        <CodeText xml:lang="nn">Den dominikanske republikken</CodeText>
        <CodeText xml:lang="nb">Den dominikanske republikk</CodeText>
        <CodeText xml:lang="en">Dominican Republic</CodeText>
      </CodeTextGrp>
    </Code>
    <Code id="urn:ssb:code:stabas:5043076-5043259" parentCodeId="urn:ssb:code:stabas:5043074-5043244">
      <CodeValue>629</CodeValue>
      <CodeTextGrp>
        <CodeText xml:lang="nn">Grenada</CodeText>
        <CodeText xml:lang="nb">Grenada</CodeText>
        <CodeText xml:lang="en">Grenada</CodeText>
      </CodeTextGrp>
    </Code>
    <Code id="urn:ssb:code:stabas:5043076-5043260" parentCodeId="urn:ssb:code:stabas:5043074-5043244">
      <CodeValue>631</CodeValue>
      <CodeTextGrp>
        <CodeText xml:lang="nn">Guadeloupe</CodeText>
        <CodeText xml:lang="nb">Guadeloupe</CodeText>
        <CodeText xml:lang="en">Guadeloupe</CodeText>
      </CodeTextGrp>
    </Code>
    <Code id="urn:ssb:code:stabas:5043076-5043261" parentCodeId="urn:ssb:code:stabas:5043074-5043244">
      <CodeValue>632</CodeValue>
      <CodeTextGrp>
        <CodeText xml:lang="nn">Guatemala</CodeText>
        <CodeText xml:lang="nb">Guatemala</CodeText>
        <CodeText xml:lang="en">Guatemala</CodeText>
      </CodeTextGrp>
    </Code>
    <Code id="urn:ssb:code:stabas:5043076-5043262" parentCodeId="urn:ssb:code:stabas:5043074-5043244">
      <CodeValue>636</CodeValue>
      <CodeTextGrp>
        <CodeText xml:lang="nn">Haiti</CodeText>
        <CodeText xml:lang="nb">Haiti</CodeText>
        <CodeText xml:lang="en">Haiti</CodeText>
      </CodeTextGrp>
    </Code>
    <Code id="urn:ssb:code:stabas:5043076-5043263" parentCodeId="urn:ssb:code:stabas:5043074-5043244">
      <CodeValue>644</CodeValue>
      <CodeTextGrp>
        <CodeText xml:lang="nn">Honduras</CodeText>
        <CodeText xml:lang="nb">Honduras</CodeText>
        <CodeText xml:lang="en">Honduras</CodeText>
      </CodeTextGrp>
    </Code>
    <Code id="urn:ssb:code:stabas:5043076-5043264" parentCodeId="urn:ssb:code:stabas:5043074-5043244">
      <CodeValue>648</CodeValue>
      <CodeTextGrp>
        <CodeText xml:lang="nn">Jamaica</CodeText>
        <CodeText xml:lang="nb">Jamaica</CodeText>
        <CodeText xml:lang="en">Jamaica</CodeText>
      </CodeTextGrp>
    </Code>
    <Code id="urn:ssb:code:stabas:5043076-5043265" parentCodeId="urn:ssb:code:stabas:5043074-5043244">
      <CodeValue>650</CodeValue>
      <CodeTextGrp>
        <CodeText xml:lang="nn">Martinique</CodeText>
        <CodeText xml:lang="nb">Martinique</CodeText>
        <CodeText xml:lang="en">Martinique</CodeText>
      </CodeTextGrp>
    </Code>
    <Code id="urn:ssb:code:stabas:5043076-5043266" parentCodeId="urn:ssb:code:stabas:5043074-5043244">
      <CodeValue>652</CodeValue>
      <CodeTextGrp>
        <CodeText xml:lang="nn">Mexico</CodeText>
        <CodeText xml:lang="nb">Mexico</CodeText>
        <CodeText xml:lang="en">Mexico</CodeText>
      </CodeTextGrp>
    </Code>
    <Code id="urn:ssb:code:stabas:5043076-5043267" parentCodeId="urn:ssb:code:stabas:5043074-5043244">
      <CodeValue>654</CodeValue>
      <CodeTextGrp>
        <CodeText xml:lang="nn">Montserrat</CodeText>
        <CodeText xml:lang="nb">Montserrat</CodeText>
        <CodeText xml:lang="en">Montserrat</CodeText>
      </CodeTextGrp>
    </Code>
    <Code id="urn:ssb:code:stabas:5043076-5043268" parentCodeId="urn:ssb:code:stabas:5043074-5043244">
      <CodeValue>656</CodeValue>
      <CodeTextGrp>
        <CodeText xml:lang="nn">Dei nederlandske Antillane</CodeText>
        <CodeText xml:lang="nb">De nederlandske Antillene</CodeText>
        <CodeText xml:lang="en">Netherlands Antilles</CodeText>
      </CodeTextGrp>
    </Code>
    <Code id="urn:ssb:code:stabas:5043076-5043269" parentCodeId="urn:ssb:code:stabas:5043074-5043244">
      <CodeValue>657</CodeValue>
      <CodeTextGrp>
        <CodeText xml:lang="nn">Aruba</CodeText>
        <CodeText xml:lang="nb">Aruba</CodeText>
        <CodeText xml:lang="en">Aruba</CodeText>
      </CodeTextGrp>
    </Code>
    <Code id="urn:ssb:code:stabas:5043076-5043270" parentCodeId="urn:ssb:code:stabas:5043074-5043244">
      <CodeValue>660</CodeValue>
      <CodeTextGrp>
        <CodeText xml:lang="nn">Anguilla</CodeText>
        <CodeText xml:lang="nb">Anguilla</CodeText>
        <CodeText xml:lang="en">Anguilla</CodeText>
      </CodeTextGrp>
    </Code>
    <Code id="urn:ssb:code:stabas:5043076-5043271" parentCodeId="urn:ssb:code:stabas:5043074-5043244">
      <CodeValue>664</CodeValue>
      <CodeTextGrp>
        <CodeText xml:lang="nn">Nicaragua</CodeText>
        <CodeText xml:lang="nb">Nicaragua</CodeText>
        <CodeText xml:lang="en">Nicaragua</CodeText>
      </CodeTextGrp>
    </Code>
    <Code id="urn:ssb:code:stabas:5043076-5043272" parentCodeId="urn:ssb:code:stabas:5043074-5043244">
      <CodeValue>668</CodeValue>
      <CodeTextGrp>
        <CodeText xml:lang="nn">Panama</CodeText>
        <CodeText xml:lang="nb">Panama</CodeText>
        <CodeText xml:lang="en">Panama</CodeText>
      </CodeTextGrp>
    </Code>
    <Code id="urn:ssb:code:stabas:5043076-5043273" parentCodeId="urn:ssb:code:stabas:5043074-5043244">
      <CodeValue>672</CodeValue>
      <CodeTextGrp>
        <CodeText xml:lang="nn">El Salvador</CodeText>
        <CodeText xml:lang="nb">El Salvador</CodeText>
        <CodeText xml:lang="en">El Salvador</CodeText>
      </CodeTextGrp>
    </Code>
    <Code id="urn:ssb:code:stabas:5043076-5043274" parentCodeId="urn:ssb:code:stabas:5043074-5043244">
      <CodeValue>676</CodeValue>
      <CodeTextGrp>
        <CodeText xml:lang="nn">Saint-Pierre-et-Miquelon</CodeText>
        <CodeText xml:lang="nb">Saint-Pierre-et-Miquelon</CodeText>
        <CodeText xml:lang="en">St. Pierre and Miquelon</CodeText>
      </CodeTextGrp>
    </Code>
    <Code id="urn:ssb:code:stabas:5043076-5043275" parentCodeId="urn:ssb:code:stabas:5043074-5043244">
      <CodeValue>677</CodeValue>
      <CodeTextGrp>
        <CodeText xml:lang="nn">St. Kitts og Nevis</CodeText>
        <CodeText xml:lang="nb">St. Kitts og Nevis</CodeText>
        <CodeText xml:lang="en">St. Kitts and Nevis</CodeText>
      </CodeTextGrp>
    </Code>
    <Code id="urn:ssb:code:stabas:5043076-5043276" parentCodeId="urn:ssb:code:stabas:5043074-5043244">
      <CodeValue>678</CodeValue>
      <CodeTextGrp>
        <CodeText xml:lang="nn">St. Lucia</CodeText>
        <CodeText xml:lang="nb">St. Lucia</CodeText>
        <CodeText xml:lang="en">St. Lucia</CodeText>
      </CodeTextGrp>
    </Code>
    <Code id="urn:ssb:code:stabas:5043076-5043277" parentCodeId="urn:ssb:code:stabas:5043074-5043244">
      <CodeValue>679</CodeValue>
      <CodeTextGrp>
        <CodeText xml:lang="nn">St. Vincent og Grenadinane</CodeText>
        <CodeText xml:lang="nb">St. Vincent og Grenadinene</CodeText>
        <CodeText xml:lang="en">St. Vincent and the Grenadines</CodeText>
      </CodeTextGrp>
    </Code>
    <Code id="urn:ssb:code:stabas:5043076-5043278" parentCodeId="urn:ssb:code:stabas:5043074-5043244">
      <CodeValue>680</CodeValue>
      <CodeTextGrp>
        <CodeText xml:lang="nn">Trinidad og Tobago</CodeText>
        <CodeText xml:lang="nb">Trinidad og Tobago</CodeText>
        <CodeText xml:lang="en">Trinidad and Tobago</CodeText>
      </CodeTextGrp>
    </Code>
    <Code id="urn:ssb:code:stabas:5043076-5043279" parentCodeId="urn:ssb:code:stabas:5043074-5043244">
      <CodeValue>681</CodeValue>
      <CodeTextGrp>
        <CodeText xml:lang="nn">Turks- og Caicosøyane</CodeText>
        <CodeText xml:lang="nb">Turks- og Caicosøyene</CodeText>
        <CodeText xml:lang="en">Turks and Caicos Islands</CodeText>
      </CodeTextGrp>
    </Code>
    <Code id="urn:ssb:code:stabas:5043076-5043280" parentCodeId="urn:ssb:code:stabas:5043074-5043244">
      <CodeValue>684</CodeValue>
      <CodeTextGrp>
        <CodeText xml:lang="nn">USA</CodeText>
        <CodeText xml:lang="nb">USA</CodeText>
        <CodeText xml:lang="en">United States</CodeText>
      </CodeTextGrp>
    </Code>
    <Code id="urn:ssb:code:stabas:5043076-5043281" parentCodeId="urn:ssb:code:stabas:5043074-5043244">
      <CodeValue>685</CodeValue>
      <CodeTextGrp>
        <CodeText xml:lang="nn">Puerto Rico</CodeText>
        <CodeText xml:lang="nb">Puerto Rico</CodeText>
        <CodeText xml:lang="en">Puerto Rico</CodeText>
      </CodeTextGrp>
    </Code>
    <Code id="urn:ssb:code:stabas:5043076-5043284" parentCodeId="urn:ssb:code:stabas:5043074-5043282">
      <CodeValue>705</CodeValue>
      <CodeTextGrp>
        <CodeText xml:lang="nn">Argentina</CodeText>
        <CodeText xml:lang="nb">Argentina</CodeText>
        <CodeText xml:lang="en">Argentina</CodeText>
      </CodeTextGrp>
    </Code>
    <Code id="urn:ssb:code:stabas:5043076-5043285" parentCodeId="urn:ssb:code:stabas:5043074-5043282">
      <CodeValue>710</CodeValue>
      <CodeTextGrp>
        <CodeText xml:lang="nn">Bolivia</CodeText>
        <CodeText xml:lang="nb">Bolivia</CodeText>
        <CodeText xml:lang="en">Bolivia</CodeText>
      </CodeTextGrp>
    </Code>
    <Code id="urn:ssb:code:stabas:5043076-5043286" parentCodeId="urn:ssb:code:stabas:5043074-5043282">
      <CodeValue>715</CodeValue>
      <CodeTextGrp>
        <CodeText xml:lang="nn">Brasil</CodeText>
        <CodeText xml:lang="nb">Brasil</CodeText>
        <CodeText xml:lang="en">Brazil</CodeText>
      </CodeTextGrp>
    </Code>
    <Code id="urn:ssb:code:stabas:5043076-5043287" parentCodeId="urn:ssb:code:stabas:5043074-5043282">
      <CodeValue>720</CodeValue>
      <CodeTextGrp>
        <CodeText xml:lang="nn">Guyana</CodeText>
        <CodeText xml:lang="nb">Guyana</CodeText>
        <CodeText xml:lang="en">Guyana</CodeText>
      </CodeTextGrp>
    </Code>
    <Code id="urn:ssb:code:stabas:5043076-5043288" parentCodeId="urn:ssb:code:stabas:5043074-5043282">
      <CodeValue>725</CodeValue>
      <CodeTextGrp>
        <CodeText xml:lang="nn">Chile</CodeText>
        <CodeText xml:lang="nb">Chile</CodeText>
        <CodeText xml:lang="en">Chile</CodeText>
      </CodeTextGrp>
    </Code>
    <Code id="urn:ssb:code:stabas:5043076-5043289" parentCodeId="urn:ssb:code:stabas:5043074-5043282">
      <CodeValue>730</CodeValue>
      <CodeTextGrp>
        <CodeText xml:lang="nn">Colombia</CodeText>
        <CodeText xml:lang="nb">Colombia</CodeText>
        <CodeText xml:lang="en">Colombia</CodeText>
      </CodeTextGrp>
    </Code>
    <Code id="urn:ssb:code:stabas:5043076-5043290" parentCodeId="urn:ssb:code:stabas:5043074-5043282">
      <CodeValue>735</CodeValue>
      <CodeTextGrp>
        <CodeText xml:lang="nn">Ecuador</CodeText>
        <CodeText xml:lang="nb">Ecuador</CodeText>
        <CodeText xml:lang="en">Ecuador</CodeText>
      </CodeTextGrp>
    </Code>
    <Code id="urn:ssb:code:stabas:5043076-5043291" parentCodeId="urn:ssb:code:stabas:5043074-5043282">
      <CodeValue>740</CodeValue>
      <CodeTextGrp>
        <CodeText xml:lang="nn">Falklandsøyane</CodeText>
        <CodeText xml:lang="nb">Falklandsøyene</CodeText>
        <CodeText xml:lang="en">Falkland Islands</CodeText>
      </CodeTextGrp>
    </Code>
    <Code id="urn:ssb:code:stabas:5043076-5043292" parentCodeId="urn:ssb:code:stabas:5043074-5043282">
      <CodeValue>745</CodeValue>
      <CodeTextGrp>
        <CodeText xml:lang="nn">Fransk Guyana</CodeText>
        <CodeText xml:lang="nb">Fransk Guyana</CodeText>
        <CodeText xml:lang="en">French Guiana</CodeText>
      </CodeTextGrp>
    </Code>
    <Code id="urn:ssb:code:stabas:5043076-5043293" parentCodeId="urn:ssb:code:stabas:5043074-5043282">
      <CodeValue>755</CodeValue>
      <CodeTextGrp>
        <CodeText xml:lang="nn">Paraguay</CodeText>
        <CodeText xml:lang="nb">Paraguay</CodeText>
        <CodeText xml:lang="en">Paraguay</CodeText>
      </CodeTextGrp>
    </Code>
    <Code id="urn:ssb:code:stabas:5043076-5043294" parentCodeId="urn:ssb:code:stabas:5043074-5043282">
      <CodeValue>760</CodeValue>
      <CodeTextGrp>
        <CodeText xml:lang="nn">Peru</CodeText>
        <CodeText xml:lang="nb">Peru</CodeText>
        <CodeText xml:lang="en">Peru</CodeText>
      </CodeTextGrp>
    </Code>
    <Code id="urn:ssb:code:stabas:5043076-5043295" parentCodeId="urn:ssb:code:stabas:5043074-5043282">
      <CodeValue>765</CodeValue>
      <CodeTextGrp>
        <CodeText xml:lang="nn">Surinam</CodeText>
        <CodeText xml:lang="nb">Surinam</CodeText>
        <CodeText xml:lang="en">Suriname</CodeText>
      </CodeTextGrp>
    </Code>
    <Code id="urn:ssb:code:stabas:5043076-5043296" parentCodeId="urn:ssb:code:stabas:5043074-5043282">
      <CodeValue>770</CodeValue>
      <CodeTextGrp>
        <CodeText xml:lang="nn">Uruguay</CodeText>
        <CodeText xml:lang="nb">Uruguay</CodeText>
        <CodeText xml:lang="en">Uruguay</CodeText>
      </CodeTextGrp>
    </Code>
    <Code id="urn:ssb:code:stabas:5043076-5043297" parentCodeId="urn:ssb:code:stabas:5043074-5043282">
      <CodeValue>775</CodeValue>
      <CodeTextGrp>
        <CodeText xml:lang="nn">Venezuela</CodeText>
        <CodeText xml:lang="nb">Venezuela</CodeText>
        <CodeText xml:lang="en">Venezuela</CodeText>
      </CodeTextGrp>
    </Code>
    <Code id="urn:ssb:code:stabas:5043076-5043300" parentCodeId="urn:ssb:code:stabas:5043074-5043298">
      <CodeValue>802</CodeValue>
      <CodeTextGrp>
        <CodeText xml:lang="nn">Amerikansk Samoa</CodeText>
        <CodeText xml:lang="nb">Amerikansk Samoa</CodeText>
        <CodeText xml:lang="en">American Samoa</CodeText>
      </CodeTextGrp>
    </Code>
    <Code id="urn:ssb:code:stabas:5043076-5043301" parentCodeId="urn:ssb:code:stabas:5043074-5043298">
      <CodeValue>805</CodeValue>
      <CodeTextGrp>
        <CodeText xml:lang="nn">Australia</CodeText>
        <CodeText xml:lang="nb">Australia</CodeText>
        <CodeText xml:lang="en">Australia</CodeText>
      </CodeTextGrp>
    </Code>
    <Code id="urn:ssb:code:stabas:5043076-5043302" parentCodeId="urn:ssb:code:stabas:5043074-5043298">
      <CodeValue>806</CodeValue>
      <CodeTextGrp>
        <CodeText xml:lang="nn">Salomonøyane</CodeText>
        <CodeText xml:lang="nb">Salomonøyene</CodeText>
        <CodeText xml:lang="en">Solomon Islands</CodeText>
      </CodeTextGrp>
    </Code>
    <Code id="urn:ssb:code:stabas:5043076-5043303" parentCodeId="urn:ssb:code:stabas:5043074-5043298">
      <CodeValue>807</CodeValue>
      <CodeTextGrp>
        <CodeText xml:lang="nn">Christmasøya</CodeText>
        <CodeText xml:lang="nb">Christmasøya</CodeText>
        <CodeText xml:lang="en">Christmas Island</CodeText>
      </CodeTextGrp>
    </Code>
    <Code id="urn:ssb:code:stabas:5043076-5043304" parentCodeId="urn:ssb:code:stabas:5043074-5043298">
      <CodeValue>808</CodeValue>
      <CodeTextGrp>
        <CodeText xml:lang="nn">Kokosøyane</CodeText>
        <CodeText xml:lang="nb">Kokosøyene</CodeText>
        <CodeText xml:lang="en">Cocos (Keeling) Islands</CodeText>
      </CodeTextGrp>
    </Code>
    <Code id="urn:ssb:code:stabas:5043076-5043305" parentCodeId="urn:ssb:code:stabas:5043074-5043298">
      <CodeValue>809</CodeValue>
      <CodeTextGrp>
        <CodeText xml:lang="nn">Cookøyane</CodeText>
        <CodeText xml:lang="nb">Cookøyene</CodeText>
        <CodeText xml:lang="en">Cook Islands</CodeText>
      </CodeTextGrp>
    </Code>
    <Code id="urn:ssb:code:stabas:5043076-5043306" parentCodeId="urn:ssb:code:stabas:5043074-5043298">
      <CodeValue>811</CodeValue>
      <CodeTextGrp>
        <CodeText xml:lang="nn">Fiji</CodeText>
        <CodeText xml:lang="nb">Fiji</CodeText>
        <CodeText xml:lang="en">Fiji</CodeText>
      </CodeTextGrp>
    </Code>
    <Code id="urn:ssb:code:stabas:5043076-5043307" parentCodeId="urn:ssb:code:stabas:5043074-5043298">
      <CodeValue>812</CodeValue>
      <CodeTextGrp>
        <CodeText xml:lang="nn">Vanuatu</CodeText>
        <CodeText xml:lang="nb">Vanuatu</CodeText>
        <CodeText xml:lang="en">Vanuatu</CodeText>
      </CodeTextGrp>
    </Code>
    <Code id="urn:ssb:code:stabas:5043076-5043308" parentCodeId="urn:ssb:code:stabas:5043074-5043298">
      <CodeValue>813</CodeValue>
      <CodeTextGrp>
        <CodeText xml:lang="nn">Tonga</CodeText>
        <CodeText xml:lang="nb">Tonga</CodeText>
        <CodeText xml:lang="en">Tonga</CodeText>
      </CodeTextGrp>
    </Code>
    <Code id="urn:ssb:code:stabas:5043076-5043309" parentCodeId="urn:ssb:code:stabas:5043074-5043298">
      <CodeValue>814</CodeValue>
      <CodeTextGrp>
        <CodeText xml:lang="nn">Fransk Polynesia</CodeText>
        <CodeText xml:lang="nb">Fransk Polynesia</CodeText>
        <CodeText xml:lang="en">French Polynesia</CodeText>
      </CodeTextGrp>
    </Code>
    <Code id="urn:ssb:code:stabas:5043076-5043310" parentCodeId="urn:ssb:code:stabas:5043074-5043298">
      <CodeValue>815</CodeValue>
      <CodeTextGrp>
        <CodeText xml:lang="nn">Kiribati</CodeText>
        <CodeText xml:lang="nb">Kiribati</CodeText>
        <CodeText xml:lang="en">Kiribati</CodeText>
      </CodeTextGrp>
    </Code>
    <Code id="urn:ssb:code:stabas:5043076-5043311" parentCodeId="urn:ssb:code:stabas:5043074-5043298">
      <CodeValue>816</CodeValue>
      <CodeTextGrp>
        <CodeText xml:lang="nn">Tuvalu</CodeText>
        <CodeText xml:lang="nb">Tuvalu</CodeText>
        <CodeText xml:lang="en">Tuvalu</CodeText>
      </CodeTextGrp>
    </Code>
    <Code id="urn:ssb:code:stabas:5043076-5043312" parentCodeId="urn:ssb:code:stabas:5043074-5043298">
      <CodeValue>817</CodeValue>
      <CodeTextGrp>
        <CodeText xml:lang="nn">Guam</CodeText>
        <CodeText xml:lang="nb">Guam</CodeText>
        <CodeText xml:lang="en">Guam</CodeText>
      </CodeTextGrp>
    </Code>
    <Code id="urn:ssb:code:stabas:5043076-5043313" parentCodeId="urn:ssb:code:stabas:5043074-5043298">
      <CodeValue>818</CodeValue>
      <CodeTextGrp>
        <CodeText xml:lang="nn">Nauru</CodeText>
        <CodeText xml:lang="nb">Nauru</CodeText>
        <CodeText xml:lang="en">Nauru</CodeText>
      </CodeTextGrp>
    </Code>
    <Code id="urn:ssb:code:stabas:5043076-5043314" parentCodeId="urn:ssb:code:stabas:5043074-5043298">
      <CodeValue>819</CodeValue>
      <CodeTextGrp>
        <CodeText xml:lang="nn">Mindre stillehavsøyer (am.)</CodeText>
        <CodeText xml:lang="nb">Mindre stillehavsøyer (am.)</CodeText>
        <CodeText xml:lang="en">United States Minor Outlying Islands</CodeText>
      </CodeTextGrp>
    </Code>
    <Code id="urn:ssb:code:stabas:5043076-5043315" parentCodeId="urn:ssb:code:stabas:5043074-5043298">
      <CodeValue>820</CodeValue>
      <CodeTextGrp>
        <CodeText xml:lang="nn">New Zealand</CodeText>
        <CodeText xml:lang="nb">New Zealand</CodeText>
        <CodeText xml:lang="en">New Zealand</CodeText>
      </CodeTextGrp>
    </Code>
    <Code id="urn:ssb:code:stabas:5043076-5043316" parentCodeId="urn:ssb:code:stabas:5043074-5043298">
      <CodeValue>821</CodeValue>
      <CodeTextGrp>
        <CodeText xml:lang="nn">Niue</CodeText>
        <CodeText xml:lang="nb">Niue</CodeText>
        <CodeText xml:lang="en">Niue</CodeText>
      </CodeTextGrp>
    </Code>
    <Code id="urn:ssb:code:stabas:5043076-5043317" parentCodeId="urn:ssb:code:stabas:5043074-5043298">
      <CodeValue>822</CodeValue>
      <CodeTextGrp>
        <CodeText xml:lang="nn">Norfolkøya</CodeText>
        <CodeText xml:lang="nb">Norfolkøya</CodeText>
        <CodeText xml:lang="en">Norfolk Island</CodeText>
      </CodeTextGrp>
    </Code>
    <Code id="urn:ssb:code:stabas:5043076-5043318" parentCodeId="urn:ssb:code:stabas:5043074-5043298">
      <CodeValue>826</CodeValue>
      <CodeTextGrp>
        <CodeText xml:lang="nn">Mikronesiaføderasjonen</CodeText>
        <CodeText xml:lang="nb">Mikronesiaføderasjonen</CodeText>
        <CodeText xml:lang="en">Micronesia, Federated States of</CodeText>
      </CodeTextGrp>
    </Code>
    <Code id="urn:ssb:code:stabas:5043076-5043319" parentCodeId="urn:ssb:code:stabas:5043074-5043298">
      <CodeValue>827</CodeValue>
      <CodeTextGrp>
        <CodeText xml:lang="nn">Papua Ny-Guinea</CodeText>
        <CodeText xml:lang="nb">Papua Ny-Guinea</CodeText>
        <CodeText xml:lang="en">Papua New Guinea</CodeText>
      </CodeTextGrp>
    </Code>
    <Code id="urn:ssb:code:stabas:5043076-5043320" parentCodeId="urn:ssb:code:stabas:5043074-5043298">
      <CodeValue>828</CodeValue>
      <CodeTextGrp>
        <CodeText xml:lang="nn">Pitcairn</CodeText>
        <CodeText xml:lang="nb">Pitcairn</CodeText>
        <CodeText xml:lang="en">Pitcairn</CodeText>
      </CodeTextGrp>
    </Code>
    <Code id="urn:ssb:code:stabas:5043076-5043321" parentCodeId="urn:ssb:code:stabas:5043074-5043298">
      <CodeValue>829</CodeValue>
      <CodeTextGrp>
        <CodeText xml:lang="nn">Tokelau</CodeText>
        <CodeText xml:lang="nb">Tokelau</CodeText>
        <CodeText xml:lang="en">Tokelau</CodeText>
      </CodeTextGrp>
    </Code>
    <Code id="urn:ssb:code:stabas:5043076-5043322" parentCodeId="urn:ssb:code:stabas:5043074-5043298">
      <CodeValue>830</CodeValue>
      <CodeTextGrp>
        <CodeText xml:lang="nn">Samoa</CodeText>
        <CodeText xml:lang="nb">Samoa</CodeText>
        <CodeText xml:lang="en">Samoa</CodeText>
      </CodeTextGrp>
    </Code>
    <Code id="urn:ssb:code:stabas:5043076-5043323" parentCodeId="urn:ssb:code:stabas:5043074-5043298">
      <CodeValue>832</CodeValue>
      <CodeTextGrp>
        <CodeText xml:lang="nn">Wallis- og Futunaøyane</CodeText>
        <CodeText xml:lang="nb">Wallis- og Futunaøyene</CodeText>
        <CodeText xml:lang="en">Wallis and Futuna Islands</CodeText>
      </CodeTextGrp>
    </Code>
    <Code id="urn:ssb:code:stabas:5043076-5043324" parentCodeId="urn:ssb:code:stabas:5043074-5043298">
      <CodeValue>833</CodeValue>
      <CodeTextGrp>
        <CodeText xml:lang="nn">Ny-Caledonia</CodeText>
        <CodeText xml:lang="nb">Ny-Caledonia</CodeText>
        <CodeText xml:lang="en">New Caledonia</CodeText>
      </CodeTextGrp>
    </Code>
    <Code id="urn:ssb:code:stabas:5043076-5043325" parentCodeId="urn:ssb:code:stabas:5043074-5043298">
      <CodeValue>835</CodeValue>
      <CodeTextGrp>
        <CodeText xml:lang="nn">Marshalløyane</CodeText>
        <CodeText xml:lang="nb">Marshalløyene</CodeText>
        <CodeText xml:lang="en">Marshall Islands</CodeText>
      </CodeTextGrp>
    </Code>
    <Code id="urn:ssb:code:stabas:5043076-5043326" parentCodeId="urn:ssb:code:stabas:5043074-5043298">
      <CodeValue>839</CodeValue>
      <CodeTextGrp>
        <CodeText xml:lang="nn">Palau</CodeText>
        <CodeText xml:lang="nb">Palau</CodeText>
        <CodeText xml:lang="en">Palau</CodeText>
      </CodeTextGrp>
    </Code>
    <Code id="urn:ssb:code:stabas:5043076-5043327" parentCodeId="urn:ssb:code:stabas:5043074-5043298">
      <CodeValue>840</CodeValue>
      <CodeTextGrp>
        <CodeText xml:lang="nn">Nord-Marianane</CodeText>
        <CodeText xml:lang="nb">Nord-Marianene</CodeText>
        <CodeText xml:lang="en">Northern Mariana Islands</CodeText>
      </CodeTextGrp>
    </Code>
    <Code id="urn:ssb:code:stabas:5043076-5043330" parentCodeId="urn:ssb:code:stabas:5043074-5043328">
      <CodeValue>980</CodeValue>
      <CodeTextGrp>
        <CodeText xml:lang="nn">Statslaus</CodeText>
        <CodeText xml:lang="nb">Statsløs</CodeText>
        <CodeText xml:lang="en">Stateless</CodeText>
      </CodeTextGrp>
    </Code>
    <Code id="urn:ssb:code:stabas:5043076-5043333" parentCodeId="urn:ssb:code:stabas:5043074-5043331">
      <CodeValue>990</CodeValue>
      <CodeTextGrp>
        <CodeText xml:lang="nn">Ikkje oppgjeve</CodeText>
        <CodeText xml:lang="nb">Uoppgitt</CodeText>
        <CodeText xml:lang="en">Unknown</CodeText>
      </CodeTextGrp>
    </Code>
  </Codes>
</Codelist>