<?xml version="1.0" encoding="utf-8"?>
<Codelist xmlns:xsi="http://www.w3.org/2001/XMLSchema-instance" xmlns:xsd="http://www.w3.org/2001/XMLSchema" id="urn:ssb:codelist:stabas:5043340" defaultValidFrom="2007-01-01" defaultValidTo="2007-12-31" lastChangedDate="2008-10-23" parentCodelistId="urn:ssb:codelist:stabas:5043338" isCurrent="false" relationId="urn:ssb:classversion:stabas:5043334" xmlns="http://www.ssb.no/ns/meta/codelist">
  <CodelistMeta>
    <TitleGrp>
      <Title xml:lang="nn">Vestlege/Ikkje-vestlege  2007: Vestlege/ikkje-vestlege</Title>
      <Title xml:lang="nb">Vestlige/Ikke-vestlige 2007: Vestlige/ikke vestlige</Title>
      <Title xml:lang="en">Western/non-Western countries 2007: Western/non-Western</Title>
    </TitleGrp>
    <DescriptionGrp>
      <Description xml:lang="nn">Ikkje relevant</Description>
      <Description xml:lang="nb">Ikke relevant</Description>
      <Description xml:lang="en">Not relevant</Description>
    </DescriptionGrp>
    <ContactInformation>
      <Person xmlns="http://www.ssb.no/ns/meta/common">kva</Person>
      <Division xmlns="http://www.ssb.no/ns/meta/common">320</Division>
    </ContactInformation>
    <NoteGrp>
      <Note xml:lang="nn">Ikkje relevant</Note>
      <Note xml:lang="nb">Ikke relevant</Note>
      <Note xml:lang="en">Not relevant</Note>
    </NoteGrp>
  </CodelistMeta>
  <Codes>
    <Code id="urn:ssb:code:stabas:5043340-5043347" parentCodeId="urn:ssb:code:stabas:5043338-5043345">
      <CodeValue>A</CodeValue>
      <CodeTextGrp>
        <CodeText xml:lang="nn">Noreg</CodeText>
        <CodeText xml:lang="nb">Norge</CodeText>
        <CodeText xml:lang="en">Norway</CodeText>
      </CodeTextGrp>
    </Code>
    <Code id="urn:ssb:code:stabas:5043340-5043354" parentCodeId="urn:ssb:code:stabas:5043338-5043352">
      <CodeValue>B</CodeValue>
      <CodeTextGrp>
        <CodeText xml:lang="nn">Vestlege land/statsborgerskap</CodeText>
        <CodeText xml:lang="nb">Vestlige land/statsborgerskap</CodeText>
        <CodeText xml:lang="en">Western countries/citizenship</CodeText>
      </CodeTextGrp>
    </Code>
    <Code id="urn:ssb:code:stabas:5043340-5043418" parentCodeId="urn:ssb:code:stabas:5043338-5043352">
      <CodeValue>C</CodeValue>
      <CodeTextGrp>
        <CodeText xml:lang="nn">Ikkje-vestlege land/statsborgerskap</CodeText>
        <CodeText xml:lang="nb">Ikke-vestlige land/statsborgerskap</CodeText>
        <CodeText xml:lang="en">Non Western countries/citizenship</CodeText>
      </CodeTextGrp>
    </Code>
    <Code id="urn:ssb:code:stabas:5043340-5043600" parentCodeId="urn:ssb:code:stabas:5043338-5043352">
      <CodeValue>D</CodeValue>
      <CodeTextGrp>
        <CodeText xml:lang="nn">Statslaus</CodeText>
        <CodeText xml:lang="nb">Statsløs</CodeText>
        <CodeText xml:lang="en">Stateless</CodeText>
      </CodeTextGrp>
    </Code>
    <Code id="urn:ssb:code:stabas:5043340-5043605" parentCodeId="urn:ssb:code:stabas:5043338-5043352">
      <CodeValue>E</CodeValue>
      <CodeTextGrp>
        <CodeText xml:lang="nn">Ikkje oppgjeve</CodeText>
        <CodeText xml:lang="nb">Uoppgitt</CodeText>
        <CodeText xml:lang="en">Unknown</CodeText>
      </CodeTextGrp>
    </Code>
  </Codes>
</Codelist>