<?xml version="1.0" encoding="utf-8"?>
<Codelist xmlns:xsi="http://www.w3.org/2001/XMLSchema-instance" xmlns:xsd="http://www.w3.org/2001/XMLSchema" id="urn:ssb:codelist:stabas:5048006" defaultValidFrom="1994-01-01" lastChangedDate="2007-11-24" isCurrent="true" relationId="urn:ssb:classversion:stabas:5048002" xmlns="http://www.ssb.no/ns/meta/codelist">
  <CodelistMeta>
    <TitleGrp>
      <Title xml:lang="nn">Klassifisering av registrert avgang av vilt utanom ordinær jakt 1994: Nivå 1</Title>
      <Title xml:lang="nb">Klassifisering av registrert avgang av vilt utenom ordinær jakt 1994: Nivå 1</Title>
      <Title xml:lang="en">Classification of registered non-harvest mortality of cervids and large carnivores, by cause 1994: Level 1</Title>
    </TitleGrp>
    <DescriptionGrp>
      <Description xml:lang="nn">Standarden klassifiserer rovdyr og hjortevilt som er drepe eller er omkomme av andre årsaker enn jakt etter dødsårsak</Description>
      <Description xml:lang="nb">Standarden klassifiserer rovdyr og hjortevilt som er drept eller er omkommet av andre årsaker enn jakt etter dødsårsak</Description>
      <Description xml:lang="en">The purpose is to classify all registered non-harvest mortality of cervids and large carnivores by cause of death</Description>
    </DescriptionGrp>
    <ContactInformation>
      <Person xmlns="http://www.ssb.no/ns/meta/common">tra</Person>
      <Division xmlns="http://www.ssb.no/ns/meta/common">430</Division>
    </ContactInformation>
    <NoteGrp>
      <Note xml:lang="nn">1990/91 (fordeling etter hodyr og hanndyr) og 1993/94 (skadeårsaker på rovdyr vart innført)</Note>
      <Note xml:lang="nb">1990/91 (fordeling på hunndyr og hanndyr) og 1993/94 (skadeårsaker på rovdyr ble innført)</Note>
      <Note xml:lang="en">1990/91 (distribution by sex was introduced) and 1993/94 (mortality by cause, large carnivores was introduced)</Note>
    </NoteGrp>
  </CodelistMeta>
  <Codes>
    <Code id="urn:ssb:code:stabas:5048006-5048008">
      <CodeValue>1</CodeValue>
      <CodeTextGrp>
        <CodeText xml:lang="nn">Felt som skadedyr</CodeText>
        <CodeText xml:lang="nb">Felt som skadedyr</CodeText>
        <CodeText xml:lang="en">Felled as noxios</CodeText>
      </CodeTextGrp>
    </Code>
    <Code id="urn:ssb:code:stabas:5048006-5048010">
      <CodeValue>2</CodeValue>
      <CodeTextGrp>
        <CodeText xml:lang="nn">Felt i naudverje</CodeText>
        <CodeText xml:lang="nb">Felt i nødverge</CodeText>
        <CodeText xml:lang="en">Killed in self-defence</CodeText>
      </CodeTextGrp>
    </Code>
    <Code id="urn:ssb:code:stabas:5048006-5048012">
      <CodeValue>3</CodeValue>
      <CodeTextGrp>
        <CodeText xml:lang="nn">Felt ulovleg</CodeText>
        <CodeText xml:lang="nb">Felt ulovlig</CodeText>
        <CodeText xml:lang="en">Felled illegal</CodeText>
      </CodeTextGrp>
    </Code>
    <Code id="urn:ssb:code:stabas:5048006-5048014">
      <CodeValue>4</CodeValue>
      <CodeTextGrp>
        <CodeText xml:lang="nn">Påkjørt av bil</CodeText>
        <CodeText xml:lang="nb">Påkjørt av bil</CodeText>
        <CodeText xml:lang="en">Killed by motor car</CodeText>
      </CodeTextGrp>
    </Code>
    <Code id="urn:ssb:code:stabas:5048006-5048016">
      <CodeValue>5</CodeValue>
      <CodeTextGrp>
        <CodeText xml:lang="nn">Påkjørt av tog</CodeText>
        <CodeText xml:lang="nb">Påkjørt av tog</CodeText>
        <CodeText xml:lang="en">Killed by train</CodeText>
      </CodeTextGrp>
    </Code>
    <Code id="urn:ssb:code:stabas:5048006-5048018">
      <CodeValue>6</CodeValue>
      <CodeTextGrp>
        <CodeText xml:lang="nn">Omkomne av andre årsaker</CodeText>
        <CodeText xml:lang="nb">Omkommet av andre årsaker</CodeText>
        <CodeText xml:lang="en">Other causes</CodeText>
      </CodeTextGrp>
    </Code>
    <Code id="urn:ssb:code:stabas:5048006-5048020">
      <CodeValue>7</CodeValue>
      <CodeTextGrp>
        <CodeText xml:lang="nn">Felt under lisensjakt</CodeText>
        <CodeText xml:lang="nb">Felt under lisensjakt</CodeText>
        <CodeText xml:lang="en">Felled during licence hunting</CodeText>
      </CodeTextGrp>
    </Code>
    <Code id="urn:ssb:code:stabas:5048006-5048022">
      <CodeValue>8</CodeValue>
      <CodeTextGrp>
        <CodeText xml:lang="nn">Felt under kvotejakt</CodeText>
        <CodeText xml:lang="nb">Felt under kvotejakt</CodeText>
        <CodeText xml:lang="en">Felt during quota hunting</CodeText>
      </CodeTextGrp>
    </Code>
  </Codes>
</Codelist>