<?xml version="1.0" encoding="utf-8"?>
<Codelist xmlns:xsi="http://www.w3.org/2001/XMLSchema-instance" xmlns:xsd="http://www.w3.org/2001/XMLSchema" id="urn:ssb:codelist:stabas:5048117" defaultValidFrom="2002-01-01" lastChangedDate="2007-11-23" isCurrent="true" relationId="urn:ssb:classversion:stabas:5048113" xmlns="http://www.ssb.no/ns/meta/codelist">
  <CodelistMeta>
    <TitleGrp>
      <Title xml:lang="nn">Klassifisering av skogsvegar for motorkøyrety 2002: Nivå 1</Title>
      <Title xml:lang="nb">Klassifisering av skogsveger for motorkjøretøyer 2002: Nivå 1</Title>
      <Title xml:lang="en">Classification of forest roads 2002: Level 1</Title>
    </TitleGrp>
    <DescriptionGrp>
      <Description xml:lang="nn">Føremålet er å kunne klassifisere skogsvegen etter standarden på vegen og kva bruk vegen er godkjent for</Description>
      <Description xml:lang="nb">Formålet er å kunne klassifisere skogsvegen etter standarden på vegen og hvilket bruk den er godkjent for</Description>
      <Description xml:lang="en">The purpose is to classify forest roads by quality and use</Description>
    </DescriptionGrp>
    <ContactInformation>
      <Person xmlns="http://www.ssb.no/ns/meta/common">tra</Person>
      <Division xmlns="http://www.ssb.no/ns/meta/common">430</Division>
    </ContactInformation>
    <NoteGrp>
      <Note xml:lang="nn">Ikkje relevant</Note>
      <Note xml:lang="nb">Ikke relevant</Note>
      <Note xml:lang="en">Not relevant</Note>
    </NoteGrp>
  </CodelistMeta>
  <Codes>
    <Code id="urn:ssb:code:stabas:5048117-5048121">
      <CodeValue>1</CodeValue>
      <CodeTextGrp>
        <CodeText xml:lang="nn">Heilårs skogsbilvegar og sommarbilvegar</CodeText>
        <CodeText xml:lang="nb">Helårs skogsbilveger og sommerbilveger</CodeText>
        <CodeText xml:lang="en">Whole-year roads and summer roads</CodeText>
      </CodeTextGrp>
    </Code>
    <Code id="urn:ssb:code:stabas:5048117-5048131">
      <CodeValue>2</CodeValue>
      <CodeTextGrp>
        <CodeText xml:lang="nn">Vinterbilvegar og traktorvegar</CodeText>
        <CodeText xml:lang="nb">Vinterbilveger og traktorveger</CodeText>
        <CodeText xml:lang="en">Winter roads for lorries and roads for tractors</CodeText>
      </CodeTextGrp>
    </Code>
  </Codes>
</Codelist>