<?xml version="1.0" encoding="utf-8"?>
<Codelist xmlns:xsi="http://www.w3.org/2001/XMLSchema-instance" xmlns:xsd="http://www.w3.org/2001/XMLSchema" id="urn:ssb:codelist:stabas:5048031" defaultValidFrom="1952-01-01" lastChangedDate="2007-11-23" parentCodelistId="urn:ssb:codelist:stabas:5048029" isCurrent="true" relationId="urn:ssb:classversion:stabas:5048025" xmlns="http://www.ssb.no/ns/meta/codelist">
  <CodelistMeta>
    <TitleGrp>
      <Title xml:lang="nn">Klassifisering av hjortevilt etter alder og kjønn 1952: Nivå 2</Title>
      <Title xml:lang="nb">Klassifisering av hjortevilt etter alder og kjønn 1952: Nivå 2</Title>
      <Title xml:lang="en">Classification of cervids after age and sex 1952: Level 2</Title>
    </TitleGrp>
    <DescriptionGrp>
      <Description xml:lang="nn">Klassifiseringa omfattar elg, hjort og villrein</Description>
      <Description xml:lang="nb">Klassifiseringen omfatter elg, hjort og villrein</Description>
      <Description xml:lang="en">The classification comprises moose, red deer and wild reindeer</Description>
    </DescriptionGrp>
    <ContactInformation>
      <Person xmlns="http://www.ssb.no/ns/meta/common">tra</Person>
      <Division xmlns="http://www.ssb.no/ns/meta/common">430</Division>
    </ContactInformation>
    <NoteGrp>
      <Note xml:lang="nn">Ikkje relevant</Note>
      <Note xml:lang="nb">Ikke relevant</Note>
      <Note xml:lang="en">Not relevant</Note>
    </NoteGrp>
  </CodelistMeta>
  <Codes>
    <Code id="urn:ssb:code:stabas:5048031-5048035" parentCodeId="urn:ssb:code:stabas:5048029-5048033">
      <CodeValue>1.1</CodeValue>
      <CodeTextGrp>
        <CodeText xml:lang="nn">Hanndyr</CodeText>
        <CodeText xml:lang="nb">Hanndyr</CodeText>
        <CodeText xml:lang="en">Male</CodeText>
      </CodeTextGrp>
    </Code>
    <Code id="urn:ssb:code:stabas:5048031-5048037" parentCodeId="urn:ssb:code:stabas:5048029-5048033">
      <CodeValue>1.2</CodeValue>
      <CodeTextGrp>
        <CodeText xml:lang="nn">Hodyr</CodeText>
        <CodeText xml:lang="nb">Hunndyr</CodeText>
        <CodeText xml:lang="en">Female</CodeText>
      </CodeTextGrp>
    </Code>
    <Code id="urn:ssb:code:stabas:5048031-5048041" parentCodeId="urn:ssb:code:stabas:5048029-5048039">
      <CodeValue>2.1</CodeValue>
      <CodeTextGrp>
        <CodeText xml:lang="nn">Hanndyr</CodeText>
        <CodeText xml:lang="nb">Hanndyr</CodeText>
        <CodeText xml:lang="en">Male</CodeText>
      </CodeTextGrp>
    </Code>
    <Code id="urn:ssb:code:stabas:5048031-5048043" parentCodeId="urn:ssb:code:stabas:5048029-5048039">
      <CodeValue>2.2</CodeValue>
      <CodeTextGrp>
        <CodeText xml:lang="nn">Hodyr</CodeText>
        <CodeText xml:lang="nb">Hunndyr</CodeText>
        <CodeText xml:lang="en">Female</CodeText>
      </CodeTextGrp>
    </Code>
    <Code id="urn:ssb:code:stabas:5048031-5048047" parentCodeId="urn:ssb:code:stabas:5048029-5048045">
      <CodeValue>3.1</CodeValue>
      <CodeTextGrp>
        <CodeText xml:lang="nn">Hanndyr</CodeText>
        <CodeText xml:lang="nb">Hanndyr</CodeText>
        <CodeText xml:lang="en">Male</CodeText>
      </CodeTextGrp>
    </Code>
    <Code id="urn:ssb:code:stabas:5048031-5048049" parentCodeId="urn:ssb:code:stabas:5048029-5048045">
      <CodeValue>3.2</CodeValue>
      <CodeTextGrp>
        <CodeText xml:lang="nn">Hodyr</CodeText>
        <CodeText xml:lang="nb">Hunndyr</CodeText>
        <CodeText xml:lang="en">Female</CodeText>
      </CodeTextGrp>
    </Code>
  </Codes>
</Codelist>