<?xml version="1.0" encoding="utf-8"?>
<Codelist xmlns:xsi="http://www.w3.org/2001/XMLSchema-instance" xmlns:xsd="http://www.w3.org/2001/XMLSchema" id="urn:ssb:codelist:stabas:5048144" defaultValidFrom="2007-04-01" lastChangedDate="2007-11-23" isCurrent="true" relationId="urn:ssb:classversion:stabas:5048140" xmlns="http://www.ssb.no/ns/meta/codelist">
  <CodelistMeta>
    <TitleGrp>
      <Title xml:lang="nn">Klassifisering av småvilt 2007: Nivå 1</Title>
      <Title xml:lang="nb">Klassifisering av småvilt 2007: Nivå 1</Title>
      <Title xml:lang="en">Classification of small game species 2007: Level 1</Title>
    </TitleGrp>
    <DescriptionGrp>
      <Description xml:lang="nn">Klassifiseringa omfattar dei viktigaste småviltartane det kan drivast jakt på, og er laga for statistikkføremål</Description>
      <Description xml:lang="nb">Klassifiseringen omfatter de viktigste jaktbare småviltartene og er laget for statistikkformål</Description>
      <Description xml:lang="en">The classification comprises the most important small game species, and is made for statistical purposes</Description>
    </DescriptionGrp>
    <ContactInformation>
      <Person xmlns="http://www.ssb.no/ns/meta/common">tra</Person>
      <Division xmlns="http://www.ssb.no/ns/meta/common">430</Division>
    </ContactInformation>
    <NoteGrp>
      <Note xml:lang="nn">Ikkje relevant</Note>
      <Note xml:lang="nb">Ikke relevant</Note>
      <Note xml:lang="en">Not relevant</Note>
    </NoteGrp>
  </CodelistMeta>
  <Codes>
    <Code id="urn:ssb:code:stabas:5048144-5048148">
      <CodeValue>01</CodeValue>
      <CodeTextGrp>
        <CodeText xml:lang="nn">Storfugl</CodeText>
        <CodeText xml:lang="nb">Storfugl</CodeText>
        <CodeText xml:lang="en">Capercaillie</CodeText>
      </CodeTextGrp>
    </Code>
    <Code id="urn:ssb:code:stabas:5048144-5048150">
      <CodeValue>02</CodeValue>
      <CodeTextGrp>
        <CodeText xml:lang="nn">Orrfugl</CodeText>
        <CodeText xml:lang="nb">Orrfugl</CodeText>
        <CodeText xml:lang="en">Black Grouse</CodeText>
      </CodeTextGrp>
    </Code>
    <Code id="urn:ssb:code:stabas:5048144-5048152">
      <CodeValue>03</CodeValue>
      <CodeTextGrp>
        <CodeText xml:lang="nn">Rype</CodeText>
        <CodeText xml:lang="nb">Rype</CodeText>
        <CodeText xml:lang="en">Grouse</CodeText>
      </CodeTextGrp>
    </Code>
    <Code id="urn:ssb:code:stabas:5048144-5048158">
      <CodeValue>04</CodeValue>
      <CodeTextGrp>
        <CodeText xml:lang="nn">Jerpe</CodeText>
        <CodeText xml:lang="nb">Jerpe</CodeText>
        <CodeText xml:lang="en">Hazel Grouse</CodeText>
      </CodeTextGrp>
    </Code>
    <Code id="urn:ssb:code:stabas:5048144-5048160">
      <CodeValue>05</CodeValue>
      <CodeTextGrp>
        <CodeText xml:lang="nn">Ringdue</CodeText>
        <CodeText xml:lang="nb">Ringdue</CodeText>
        <CodeText xml:lang="en">Wood Pigeon</CodeText>
      </CodeTextGrp>
    </Code>
    <Code id="urn:ssb:code:stabas:5048144-5048162">
      <CodeValue>06</CodeValue>
      <CodeTextGrp>
        <CodeText xml:lang="nn">Ramn</CodeText>
        <CodeText xml:lang="nb">Ravn</CodeText>
        <CodeText xml:lang="en">Raven</CodeText>
      </CodeTextGrp>
    </Code>
    <Code id="urn:ssb:code:stabas:5048144-5048164">
      <CodeValue>07</CodeValue>
      <CodeTextGrp>
        <CodeText xml:lang="nn">Kråke</CodeText>
        <CodeText xml:lang="nb">Kråke</CodeText>
        <CodeText xml:lang="en">Hooded Crow</CodeText>
      </CodeTextGrp>
    </Code>
    <Code id="urn:ssb:code:stabas:5048144-5048166">
      <CodeValue>08</CodeValue>
      <CodeTextGrp>
        <CodeText xml:lang="nn">Skjor, nøtteskrike</CodeText>
        <CodeText xml:lang="nb">Skjære, nøtteskrike</CodeText>
        <CodeText xml:lang="en">Magpie, jay</CodeText>
      </CodeTextGrp>
    </Code>
    <Code id="urn:ssb:code:stabas:5048144-5048172">
      <CodeValue>09</CodeValue>
      <CodeTextGrp>
        <CodeText xml:lang="nn">Trost</CodeText>
        <CodeText xml:lang="nb">Troster</CodeText>
        <CodeText xml:lang="en">Trush</CodeText>
      </CodeTextGrp>
    </Code>
    <Code id="urn:ssb:code:stabas:5048144-5048174">
      <CodeValue>10</CodeValue>
      <CodeTextGrp>
        <CodeText xml:lang="nn">Rugde</CodeText>
        <CodeText xml:lang="nb">Rugde</CodeText>
        <CodeText xml:lang="en">Woodcock</CodeText>
      </CodeTextGrp>
    </Code>
    <Code id="urn:ssb:code:stabas:5048144-5048176">
      <CodeValue>11</CodeValue>
      <CodeTextGrp>
        <CodeText xml:lang="nn">Enkeltbekkasin</CodeText>
        <CodeText xml:lang="nb">Enkeltbekkasin</CodeText>
        <CodeText xml:lang="en">Snipe</CodeText>
      </CodeTextGrp>
    </Code>
    <Code id="urn:ssb:code:stabas:5048144-5048178">
      <CodeValue>12</CodeValue>
      <CodeTextGrp>
        <CodeText xml:lang="nn">Stokkand</CodeText>
        <CodeText xml:lang="nb">Stokkand</CodeText>
        <CodeText xml:lang="en">Mallard</CodeText>
      </CodeTextGrp>
    </Code>
    <Code id="urn:ssb:code:stabas:5048144-5048180">
      <CodeValue>13</CodeValue>
      <CodeTextGrp>
        <CodeText xml:lang="nn">Andre ender</CodeText>
        <CodeText xml:lang="nb">Andre ender</CodeText>
        <CodeText xml:lang="en">Other ducks</CodeText>
      </CodeTextGrp>
    </Code>
    <Code id="urn:ssb:code:stabas:5048144-5048198">
      <CodeValue>14</CodeValue>
      <CodeTextGrp>
        <CodeText xml:lang="nn">Gjess</CodeText>
        <CodeText xml:lang="nb">Gjess</CodeText>
        <CodeText xml:lang="en">Geese</CodeText>
      </CodeTextGrp>
    </Code>
    <Code id="urn:ssb:code:stabas:5048144-5048206">
      <CodeValue>15</CodeValue>
      <CodeTextGrp>
        <CodeText xml:lang="nn">Skarv</CodeText>
        <CodeText xml:lang="nb">Skarv</CodeText>
        <CodeText xml:lang="en">Cormorant</CodeText>
      </CodeTextGrp>
    </Code>
    <Code id="urn:ssb:code:stabas:5048144-5048212">
      <CodeValue>16</CodeValue>
      <CodeTextGrp>
        <CodeText xml:lang="nn">Måke/måse</CodeText>
        <CodeText xml:lang="nb">Måker</CodeText>
        <CodeText xml:lang="en">Gulls</CodeText>
      </CodeTextGrp>
    </Code>
    <Code id="urn:ssb:code:stabas:5048144-5048214">
      <CodeValue>17</CodeValue>
      <CodeTextGrp>
        <CodeText xml:lang="nn">Bever</CodeText>
        <CodeText xml:lang="nb">Bever</CodeText>
        <CodeText xml:lang="en">Beaver</CodeText>
      </CodeTextGrp>
    </Code>
    <Code id="urn:ssb:code:stabas:5048144-5048216">
      <CodeValue>18</CodeValue>
      <CodeTextGrp>
        <CodeText xml:lang="nn">Hare</CodeText>
        <CodeText xml:lang="nb">Hare</CodeText>
        <CodeText xml:lang="en">Mountain Hare</CodeText>
      </CodeTextGrp>
    </Code>
    <Code id="urn:ssb:code:stabas:5048144-5048218">
      <CodeValue>19</CodeValue>
      <CodeTextGrp>
        <CodeText xml:lang="nn">Ekorn</CodeText>
        <CodeText xml:lang="nb">Ekorn</CodeText>
        <CodeText xml:lang="en">Red Squirrel</CodeText>
      </CodeTextGrp>
    </Code>
    <Code id="urn:ssb:code:stabas:5048144-5048220">
      <CodeValue>20</CodeValue>
      <CodeTextGrp>
        <CodeText xml:lang="nn">Raudrev</CodeText>
        <CodeText xml:lang="nb">Rødrev</CodeText>
        <CodeText xml:lang="en">Red Fox</CodeText>
      </CodeTextGrp>
    </Code>
    <Code id="urn:ssb:code:stabas:5048144-5048222">
      <CodeValue>21</CodeValue>
      <CodeTextGrp>
        <CodeText xml:lang="nn">Grevling</CodeText>
        <CodeText xml:lang="nb">Grevling</CodeText>
        <CodeText xml:lang="en">Badger</CodeText>
      </CodeTextGrp>
    </Code>
    <Code id="urn:ssb:code:stabas:5048144-5048224">
      <CodeValue>22</CodeValue>
      <CodeTextGrp>
        <CodeText xml:lang="nn">Villmink</CodeText>
        <CodeText xml:lang="nb">Villmink</CodeText>
        <CodeText xml:lang="en">American mink</CodeText>
      </CodeTextGrp>
    </Code>
    <Code id="urn:ssb:code:stabas:5048144-5048226">
      <CodeValue>23</CodeValue>
      <CodeTextGrp>
        <CodeText xml:lang="nn">Mår</CodeText>
        <CodeText xml:lang="nb">Mår</CodeText>
        <CodeText xml:lang="en">Pine marten</CodeText>
      </CodeTextGrp>
    </Code>
    <Code id="urn:ssb:code:stabas:5048144-5048228">
      <CodeValue>24</CodeValue>
      <CodeTextGrp>
        <CodeText xml:lang="nn">Røyskatt</CodeText>
        <CodeText xml:lang="nb">Røyskatt</CodeText>
        <CodeText xml:lang="en">Stoat</CodeText>
      </CodeTextGrp>
    </Code>
  </Codes>
</Codelist>