<?xml version="1.0" encoding="utf-8"?>
<Codelist xmlns:xsi="http://www.w3.org/2001/XMLSchema-instance" xmlns:xsd="http://www.w3.org/2001/XMLSchema" id="urn:ssb:codelist:stabas:5048029" defaultValidFrom="1952-01-01" lastChangedDate="2007-11-23" isCurrent="true" relationId="urn:ssb:classversion:stabas:5048025" xmlns="http://www.ssb.no/ns/meta/codelist">
  <CodelistMeta>
    <TitleGrp>
      <Title xml:lang="nn">Klassifisering av hjortevilt etter alder og kjønn 1952: Nivå 1</Title>
      <Title xml:lang="nb">Klassifisering av hjortevilt etter alder og kjønn 1952: Nivå 1</Title>
      <Title xml:lang="en">Classification of cervids after age and sex 1952: Level 1</Title>
    </TitleGrp>
    <DescriptionGrp>
      <Description xml:lang="nn">Klassifiseringa omfattar elg, hjort og villrein</Description>
      <Description xml:lang="nb">Klassifiseringen omfatter elg, hjort og villrein</Description>
      <Description xml:lang="en">The classification comprises moose, red deer and wild reindeer</Description>
    </DescriptionGrp>
    <ContactInformation>
      <Person xmlns="http://www.ssb.no/ns/meta/common">tra</Person>
      <Division xmlns="http://www.ssb.no/ns/meta/common">430</Division>
    </ContactInformation>
    <NoteGrp>
      <Note xml:lang="nn">Ikkje relevant</Note>
      <Note xml:lang="nb">Ikke relevant</Note>
      <Note xml:lang="en">Not relevant</Note>
    </NoteGrp>
  </CodelistMeta>
  <Codes>
    <Code id="urn:ssb:code:stabas:5048029-5048033">
      <CodeValue>1</CodeValue>
      <CodeTextGrp>
        <CodeText xml:lang="nn">Årskalv</CodeText>
        <CodeText xml:lang="nb">Årskalv</CodeText>
        <CodeText xml:lang="en">Calf</CodeText>
      </CodeTextGrp>
    </Code>
    <Code id="urn:ssb:code:stabas:5048029-5048039">
      <CodeValue>2</CodeValue>
      <CodeTextGrp>
        <CodeText xml:lang="nn">1 1/2 år</CodeText>
        <CodeText xml:lang="nb">1 1/2 år</CodeText>
        <CodeText xml:lang="en">1 1/2 years</CodeText>
      </CodeTextGrp>
    </Code>
    <Code id="urn:ssb:code:stabas:5048029-5048045">
      <CodeValue>3</CodeValue>
      <CodeTextGrp>
        <CodeText xml:lang="nn">Eldre dyr</CodeText>
        <CodeText xml:lang="nb">Eldre dyr</CodeText>
        <CodeText xml:lang="en">Older</CodeText>
      </CodeTextGrp>
    </Code>
  </Codes>
</Codelist>