<?xml version="1.0" encoding="utf-8"?>
<Codelist xmlns:xsi="http://www.w3.org/2001/XMLSchema-instance" xmlns:xsd="http://www.w3.org/2001/XMLSchema" id="urn:ssb:codelist:stabas:5048235" defaultValidFrom="1973-01-01" lastChangedDate="2007-12-08" isCurrent="true" relationId="urn:ssb:classversion:stabas:5048231" xmlns="http://www.ssb.no/ns/meta/codelist">
  <CodelistMeta>
    <TitleGrp>
      <Title xml:lang="nn">Klassifisering av villreinområde 1973: Villreinområde</Title>
      <Title xml:lang="nb">Klassifisering av villreinområder 1973: Villreinområde</Title>
      <Title xml:lang="en">Classification of wild reindeer areas 1973: Reindeer area</Title>
    </TitleGrp>
    <DescriptionGrp>
      <Description xml:lang="nn">Eit villreinområde er eit geografiske avgrensa område med villrein</Description>
      <Description xml:lang="nb">Standarden deler inn landet i geografiske områder med villrein</Description>
      <Description xml:lang="en">The purpose is to classify all the areas where wild reindeer are living in geographical areas</Description>
    </DescriptionGrp>
    <ContactInformation>
      <Person xmlns="http://www.ssb.no/ns/meta/common">tra</Person>
      <Division xmlns="http://www.ssb.no/ns/meta/common">430</Division>
    </ContactInformation>
    <NoteGrp>
      <Note xml:lang="nn">Ikkje relevant</Note>
      <Note xml:lang="nb">Ikke relevant</Note>
      <Note xml:lang="en">Not relevant</Note>
    </NoteGrp>
  </CodelistMeta>
  <Codes>
    <Code id="urn:ssb:code:stabas:5048235-5048237">
      <CodeValue>01</CodeValue>
      <CodeTextGrp>
        <CodeText xml:lang="nn">Setesdal-Ryfylke</CodeText>
        <CodeText xml:lang="nb">Setesdal-Ryfylke</CodeText>
        <CodeText xml:lang="en">Setesdal-Ryfylke</CodeText>
      </CodeTextGrp>
    </Code>
    <Code id="urn:ssb:code:stabas:5048235-5048239">
      <CodeValue>02</CodeValue>
      <CodeTextGrp>
        <CodeText xml:lang="nn">Skaulen-Etnefjella</CodeText>
        <CodeText xml:lang="nb">Skaulen-Etnefjella</CodeText>
        <CodeText xml:lang="en">Skaulen-Etnefjella</CodeText>
      </CodeTextGrp>
    </Code>
    <Code id="urn:ssb:code:stabas:5048235-5048241">
      <CodeValue>03</CodeValue>
      <CodeTextGrp>
        <CodeText xml:lang="nn">Setesdal-Austhei</CodeText>
        <CodeText xml:lang="nb">Setesdal-Austhei</CodeText>
        <CodeText xml:lang="en">Setesdal-Austhei</CodeText>
      </CodeTextGrp>
    </Code>
    <Code id="urn:ssb:code:stabas:5048235-5048243">
      <CodeValue>04</CodeValue>
      <CodeTextGrp>
        <CodeText xml:lang="nn">Hardangervidda</CodeText>
        <CodeText xml:lang="nb">Hardangervidda</CodeText>
        <CodeText xml:lang="en">Hardangervidda</CodeText>
      </CodeTextGrp>
    </Code>
    <Code id="urn:ssb:code:stabas:5048235-5048245">
      <CodeValue>05</CodeValue>
      <CodeTextGrp>
        <CodeText xml:lang="nn">Blefjell</CodeText>
        <CodeText xml:lang="nb">Blefjell</CodeText>
        <CodeText xml:lang="en">Blefjell</CodeText>
      </CodeTextGrp>
    </Code>
    <Code id="urn:ssb:code:stabas:5048235-5048247">
      <CodeValue>06</CodeValue>
      <CodeTextGrp>
        <CodeText xml:lang="nn">Nordfjella</CodeText>
        <CodeText xml:lang="nb">Nordfjella (Hallingskarvet)</CodeText>
        <CodeText xml:lang="en">Nordfjella</CodeText>
      </CodeTextGrp>
    </Code>
    <Code id="urn:ssb:code:stabas:5048235-5048249">
      <CodeValue>07</CodeValue>
      <CodeTextGrp>
        <CodeText xml:lang="nn">Oksenhalvøya</CodeText>
        <CodeText xml:lang="nb">Oksenhalvøya</CodeText>
        <CodeText xml:lang="en">Oksenhalvøya</CodeText>
      </CodeTextGrp>
    </Code>
    <Code id="urn:ssb:code:stabas:5048235-5048251">
      <CodeValue>08</CodeValue>
      <CodeTextGrp>
        <CodeText xml:lang="nn">Fjellheimen</CodeText>
        <CodeText xml:lang="nb">Fjellheimen</CodeText>
        <CodeText xml:lang="en">Fjellheimen</CodeText>
      </CodeTextGrp>
    </Code>
    <Code id="urn:ssb:code:stabas:5048235-5048253">
      <CodeValue>09</CodeValue>
      <CodeTextGrp>
        <CodeText xml:lang="nn">Brattefjell-Vindeggen</CodeText>
        <CodeText xml:lang="nb">Brattefjell-Vindeggen</CodeText>
        <CodeText xml:lang="en">Brattefjell-Vindeggen</CodeText>
      </CodeTextGrp>
    </Code>
    <Code id="urn:ssb:code:stabas:5048235-5048255">
      <CodeValue>10</CodeValue>
      <CodeTextGrp>
        <CodeText xml:lang="nn">Lærdal-Årdal</CodeText>
        <CodeText xml:lang="nb">Lærdal-Årdal</CodeText>
        <CodeText xml:lang="en">Lærdal-Årdal</CodeText>
      </CodeTextGrp>
    </Code>
    <Code id="urn:ssb:code:stabas:5048235-5048257">
      <CodeValue>11</CodeValue>
      <CodeTextGrp>
        <CodeText xml:lang="nn">Vest-Jotunheimen</CodeText>
        <CodeText xml:lang="nb">Vest-Jotunheimen</CodeText>
        <CodeText xml:lang="en">Vest-Jotunheimen</CodeText>
      </CodeTextGrp>
    </Code>
    <Code id="urn:ssb:code:stabas:5048235-5048259">
      <CodeValue>12</CodeValue>
      <CodeTextGrp>
        <CodeText xml:lang="nn">Ottadalsområdet</CodeText>
        <CodeText xml:lang="nb">Ottadalsområdet</CodeText>
        <CodeText xml:lang="en">Ottadalsområdet</CodeText>
      </CodeTextGrp>
    </Code>
    <Code id="urn:ssb:code:stabas:5048235-5048261">
      <CodeValue>13</CodeValue>
      <CodeTextGrp>
        <CodeText xml:lang="nn">Førdefjella</CodeText>
        <CodeText xml:lang="nb">Førdefjella</CodeText>
        <CodeText xml:lang="en">Førdefjella</CodeText>
      </CodeTextGrp>
    </Code>
    <Code id="urn:ssb:code:stabas:5048235-5048263">
      <CodeValue>14</CodeValue>
      <CodeTextGrp>
        <CodeText xml:lang="nn">Sunnfjord</CodeText>
        <CodeText xml:lang="nb">Sunnfjord</CodeText>
        <CodeText xml:lang="en">Sunnfjord</CodeText>
      </CodeTextGrp>
    </Code>
    <Code id="urn:ssb:code:stabas:5048235-5048265">
      <CodeValue>15</CodeValue>
      <CodeTextGrp>
        <CodeText xml:lang="nn">Svartebotnen</CodeText>
        <CodeText xml:lang="nb">Svartebotnen</CodeText>
        <CodeText xml:lang="en">Svartebotnen</CodeText>
      </CodeTextGrp>
    </Code>
    <Code id="urn:ssb:code:stabas:5048235-5048267">
      <CodeValue>16</CodeValue>
      <CodeTextGrp>
        <CodeText xml:lang="nn">Snøhetta</CodeText>
        <CodeText xml:lang="nb">Snøhetta</CodeText>
        <CodeText xml:lang="en">Snøhetta</CodeText>
      </CodeTextGrp>
    </Code>
    <Code id="urn:ssb:code:stabas:5048235-5048269">
      <CodeValue>17</CodeValue>
      <CodeTextGrp>
        <CodeText xml:lang="nn">Rondane</CodeText>
        <CodeText xml:lang="nb">Rondane</CodeText>
        <CodeText xml:lang="en">Rondane</CodeText>
      </CodeTextGrp>
    </Code>
    <Code id="urn:ssb:code:stabas:5048235-5048271">
      <CodeValue>18</CodeValue>
      <CodeTextGrp>
        <CodeText xml:lang="nn">Sølnkletten</CodeText>
        <CodeText xml:lang="nb">Sølnkletten</CodeText>
        <CodeText xml:lang="en">Sølnkletten</CodeText>
      </CodeTextGrp>
    </Code>
    <Code id="urn:ssb:code:stabas:5048235-5048273">
      <CodeValue>19</CodeValue>
      <CodeTextGrp>
        <CodeText xml:lang="nn">Forelhogna</CodeText>
        <CodeText xml:lang="nb">Forelhogna</CodeText>
        <CodeText xml:lang="en">Forelhogna</CodeText>
      </CodeTextGrp>
    </Code>
    <Code id="urn:ssb:code:stabas:5048235-5048275">
      <CodeValue>20</CodeValue>
      <CodeTextGrp>
        <CodeText xml:lang="nn">Knutshø</CodeText>
        <CodeText xml:lang="nb">Knutshø</CodeText>
        <CodeText xml:lang="en">Knutshø</CodeText>
      </CodeTextGrp>
    </Code>
    <Code id="urn:ssb:code:stabas:5048235-5048277">
      <CodeValue>21</CodeValue>
      <CodeTextGrp>
        <CodeText xml:lang="nn">Norefjell-Reinsjøfjell</CodeText>
        <CodeText xml:lang="nb">Norefjell-Reinsjøfjell</CodeText>
        <CodeText xml:lang="en">Norefjell-Reinsjøfjell</CodeText>
      </CodeTextGrp>
    </Code>
    <Code id="urn:ssb:code:stabas:5048235-5048279">
      <CodeValue>22</CodeValue>
      <CodeTextGrp>
        <CodeText xml:lang="nn">Våmur-Roan</CodeText>
        <CodeText xml:lang="nb">Våmur-Roan</CodeText>
        <CodeText xml:lang="en">Våmur-Roan</CodeText>
      </CodeTextGrp>
    </Code>
    <Code id="urn:ssb:code:stabas:5048235-5048281">
      <CodeValue>23</CodeValue>
      <CodeTextGrp>
        <CodeText xml:lang="nn">Tolga øst</CodeText>
        <CodeText xml:lang="nb">Tolga østfjell</CodeText>
        <CodeText xml:lang="en">Tolga øst</CodeText>
      </CodeTextGrp>
    </Code>
  </Codes>
</Codelist>