<?xml version="1.0" encoding="utf-8"?>
<Codelist xmlns:xsi="http://www.w3.org/2001/XMLSchema-instance" xmlns:xsd="http://www.w3.org/2001/XMLSchema" id="urn:ssb:codelist:stabas:5052006" defaultValidFrom="2008-01-01" lastChangedDate="2012-10-25" isCurrent="true" relationId="urn:ssb:classversion:stabas:5052002" xmlns="http://www.ssb.no/ns/meta/codelist">
  <CodelistMeta>
    <TitleGrp>
      <Title xml:lang="nn">Standard for skipstypar 2008: Nivå 1</Title>
      <Title xml:lang="nb">Standard for skipstyper 2008: Nivå 1</Title>
      <Title xml:lang="en">Classification of type of vessel 2008: Level 1</Title>
    </TitleGrp>
    <DescriptionGrp>
      <Description xml:lang="nn">Ei harmonisering av skipstypekodar basert på kodelister frå sjøfartsdirektoratet, Eurostat og Lloyds. Skal brukast for alle statistikkar på sjøfartsområdet. Eksempel er Havnestatistikk, Prisindeks for sjøtransport, Handelsflåtestatistikk og Skipsanløpsstatistikk.</Description>
      <Description xml:lang="nb">En harmonisering av skipstypekoder basert på kodelister fra sjøfartsdirektoratet, Eurostat og Lloyds. Skal brukes for alle statistikker på sjøfartsområdet. Eksempel er Havnestatistikk, Prisindeks for sjøtransport, Handelsflåtestatistikk og Skipsanløpsstatistikk.</Description>
      <Description xml:lang="en">This is a harmonisation of vessel type codes based on codes from the Norwegian Maritime Directorate, Eurostat and Lloyd's. The nomenclature will be used on all statistics on water transport, e.g. Port Statistics, Price index on sea and coastal water transport, Merchant fleet statistics and statistics on Arrival of vessels in international ports.</Description>
    </DescriptionGrp>
    <ContactInformation>
      <Person xmlns="http://www.ssb.no/ns/meta/common">tgj</Person>
      <Division xmlns="http://www.ssb.no/ns/meta/common">440</Division>
    </ContactInformation>
    <NoteGrp>
      <Note xml:lang="nn">Ikkje relevant</Note>
      <Note xml:lang="nb">Ikke relevant</Note>
      <Note xml:lang="en">Not relevant</Note>
    </NoteGrp>
  </CodelistMeta>
  <Codes>
    <Code id="urn:ssb:code:stabas:5052006-5052012">
      <CodeValue>1</CodeValue>
      <CodeTextGrp>
        <CodeText xml:lang="nn">Tankskip</CodeText>
        <CodeText xml:lang="nb">Tankskip</CodeText>
        <CodeText xml:lang="en">Tanker</CodeText>
      </CodeTextGrp>
    </Code>
    <Code id="urn:ssb:code:stabas:5052006-5052090">
      <CodeValue>2</CodeValue>
      <CodeTextGrp>
        <CodeText xml:lang="nn">Bulkskip</CodeText>
        <CodeText xml:lang="nb">Bulkskip</CodeText>
        <CodeText xml:lang="en">Bulk vessel</CodeText>
      </CodeTextGrp>
    </Code>
    <Code id="urn:ssb:code:stabas:5052006-5052124">
      <CodeValue>3</CodeValue>
      <CodeTextGrp>
        <CodeText xml:lang="nn">Stykkgods-/andre tørrlastskip</CodeText>
        <CodeText xml:lang="nb">Stykkgods-/andre tørrlastskip</CodeText>
        <CodeText xml:lang="en">General cargo/other dry cargo vessel</CodeText>
      </CodeTextGrp>
    </Code>
    <Code id="urn:ssb:code:stabas:5052006-5052190">
      <CodeValue>4</CodeValue>
      <CodeTextGrp>
        <CodeText xml:lang="nn">Passasjerfartøy</CodeText>
        <CodeText xml:lang="nb">Passasjerfartøy</CodeText>
        <CodeText xml:lang="en">Passenger vessels</CodeText>
      </CodeTextGrp>
    </Code>
    <Code id="urn:ssb:code:stabas:5052006-5052230">
      <CodeValue>5</CodeValue>
      <CodeTextGrp>
        <CodeText xml:lang="nn">Offshoreskip</CodeText>
        <CodeText xml:lang="nb">Offshoreskip</CodeText>
        <CodeText xml:lang="en">Offshore vessels</CodeText>
      </CodeTextGrp>
    </Code>
    <Code id="urn:ssb:code:stabas:5052006-5052274">
      <CodeValue>6</CodeValue>
      <CodeTextGrp>
        <CodeText xml:lang="nn">Slepefartøy og redningsfartøy</CodeText>
        <CodeText xml:lang="nb">Slepefartøy og redningsfartøy</CodeText>
        <CodeText xml:lang="en">Tug and salvage vessels</CodeText>
      </CodeTextGrp>
    </Code>
    <Code id="urn:ssb:code:stabas:5052006-5052294">
      <CodeValue>7</CodeValue>
      <CodeTextGrp>
        <CodeText xml:lang="nn">Fiske- og fangstfartøy</CodeText>
        <CodeText xml:lang="nb">Fiske- og fangstfartøy</CodeText>
        <CodeText xml:lang="en">Fishing and hunting vessels</CodeText>
      </CodeTextGrp>
    </Code>
    <Code id="urn:ssb:code:stabas:5052006-5052318">
      <CodeValue>8</CodeValue>
      <CodeTextGrp>
        <CodeText xml:lang="nn">Spesialfartøy og hjelpefartøy</CodeText>
        <CodeText xml:lang="nb">Spesialfartøy og hjelpefartøy</CodeText>
        <CodeText xml:lang="en">Specialized vessels and support vessels</CodeText>
      </CodeTextGrp>
    </Code>
    <Code id="urn:ssb:code:stabas:5052006-5052406">
      <CodeValue>9</CodeValue>
      <CodeTextGrp>
        <CodeText xml:lang="nn">Anna</CodeText>
        <CodeText xml:lang="nb">Annet</CodeText>
        <CodeText xml:lang="en">Other</CodeText>
      </CodeTextGrp>
    </Code>
  </Codes>
</Codelist>