<?xml version="1.0" encoding="utf-8"?>
<Codelist xmlns:xsi="http://www.w3.org/2001/XMLSchema-instance" xmlns:xsd="http://www.w3.org/2001/XMLSchema" id="urn:ssb:codelist:stabas:5081003" defaultValidFrom="2008-01-01" defaultValidTo="2008-06-30" lastChangedDate="2011-01-24" isCurrent="false" relationId="urn:ssb:classversion:stabas:5081001" xmlns="http://www.ssb.no/ns/meta/codelist">
  <CodelistMeta>
    <TitleGrp>
      <Title xml:lang="nn">Tidslengd (NUS 2008/1): Varighet</Title>
      <Title xml:lang="nb">Varighet (NUS 2008/1): Varighet</Title>
      <Title xml:lang="en">Durability (NUS 2008/1): Durability</Title>
    </TitleGrp>
    <DescriptionGrp>
      <Description xml:lang="nn">Tidslengda blir oppgitt i talet på månader for utdanningar på nivå 1-5. 10 månader utgjer eit år (skoleår). 20 månader er dermed to år, 30 månader er tre år osv. For utdanningar på nivå 6-8 blir tidslengda oppgitt i studiepoeng. 60 studiepoeng utgjer ei arbeidsmengd som svarar til eitt års studium. For meir informasjon, sjå pkt. 3.2.3. i NOS C 676 (under publikasjonar).</Description>
      <Description xml:lang="nb">Varigheten angis i antall måneder for utdanninger på nivå 1-5. 10 måneder utgjør et år (skoleår). 20 måneder er dermed to år, 30 måneder er tre år, osv. For utdanninger på nivå 6-8 angis varigheten i studiepoeng. 60 studiepoeng utgjør en arbeidsmengde tilsvarende et års studier.
For mer informasjon, se pkt. 3.2.3. i NOS C 617  (under publikasjoner)</Description>
      <Description xml:lang="en">Duration is given in the number of months for education levels 1-5. A school year is 10 months. Consequently, 20 months is equivalent to two years of schooling, 30 months is three years of schooling etc. For level 6 and 7 tertiary education programmes, duration is given in credit points. Sixty credit points is equivalent to 60 ECTS (European Credit Transfer System), or one year of full-time studies. For more information, see 3.2.3. in NOS C 751 (under publications).
</Description>
    </DescriptionGrp>
    <ContactInformation>
      <Person xmlns="http://www.ssb.no/ns/meta/common">gki</Person>
      <Division xmlns="http://www.ssb.no/ns/meta/common">360</Division>
    </ContactInformation>
    <NoteGrp>
      <Note xml:lang="nn">Ikkje relevant</Note>
      <Note xml:lang="nb">Ikke relevant</Note>
      <Note xml:lang="en">Not relevant</Note>
    </NoteGrp>
  </CodelistMeta>
  <Codes>
    <Code id="urn:ssb:code:stabas:5081003-5081007">
      <CodeValue>03</CodeValue>
      <CodeTextGrp>
        <CodeText xml:lang="nn">Tal på månader</CodeText>
        <CodeText xml:lang="nb">Antall måneder</CodeText>
        <CodeText xml:lang="en">Number of months</CodeText>
      </CodeTextGrp>
    </Code>
    <Code id="urn:ssb:code:stabas:5081003-5081013">
      <CodeValue>05</CodeValue>
      <CodeTextGrp>
        <CodeText xml:lang="nn">Tal på månader</CodeText>
        <CodeText xml:lang="nb">Antall måneder</CodeText>
        <CodeText xml:lang="en">Number of months</CodeText>
      </CodeTextGrp>
    </Code>
    <Code id="urn:ssb:code:stabas:5081003-5081021">
      <CodeValue>08</CodeValue>
      <CodeTextGrp>
        <CodeText xml:lang="nn">Tal på månader</CodeText>
        <CodeText xml:lang="nb">Antall måneder</CodeText>
        <CodeText xml:lang="en">Number of months</CodeText>
      </CodeTextGrp>
    </Code>
    <Code id="urn:ssb:code:stabas:5081003-5081025">
      <CodeValue>10</CodeValue>
      <CodeTextGrp>
        <CodeText xml:lang="nn">Tal på månader</CodeText>
        <CodeText xml:lang="nb">Antall måneder</CodeText>
        <CodeText xml:lang="en">Number of months</CodeText>
      </CodeTextGrp>
    </Code>
    <Code id="urn:ssb:code:stabas:5081003-5081925">
      <CodeValue>14</CodeValue>
      <CodeTextGrp>
        <CodeText xml:lang="nn">Tal på månader</CodeText>
        <CodeText xml:lang="nb">Antall måneder</CodeText>
        <CodeText xml:lang="en">Number of months</CodeText>
      </CodeTextGrp>
    </Code>
    <Code id="urn:ssb:code:stabas:5081003-5081929">
      <CodeValue>15</CodeValue>
      <CodeTextGrp>
        <CodeText xml:lang="nn">Tal på månader</CodeText>
        <CodeText xml:lang="nb">Antall måneder</CodeText>
        <CodeText xml:lang="en">Number of months</CodeText>
      </CodeTextGrp>
    </Code>
    <Code id="urn:ssb:code:stabas:5081003-5081935">
      <CodeValue>20</CodeValue>
      <CodeTextGrp>
        <CodeText xml:lang="nn">Tal på månader</CodeText>
        <CodeText xml:lang="nb">Antall måneder</CodeText>
        <CodeText xml:lang="en">Number of months</CodeText>
      </CodeTextGrp>
    </Code>
    <Code id="urn:ssb:code:stabas:5081003-5082791">
      <CodeValue>30</CodeValue>
      <CodeTextGrp>
        <CodeText xml:lang="nn">Tal på månader</CodeText>
        <CodeText xml:lang="nb">Antall måneder</CodeText>
        <CodeText xml:lang="en">Number of months</CodeText>
      </CodeTextGrp>
    </Code>
    <Code id="urn:ssb:code:stabas:5081003-5083645">
      <CodeValue>40</CodeValue>
      <CodeTextGrp>
        <CodeText xml:lang="nn">Tal på månader</CodeText>
        <CodeText xml:lang="nb">Antall måneder</CodeText>
        <CodeText xml:lang="en">Number of months</CodeText>
      </CodeTextGrp>
    </Code>
    <Code id="urn:ssb:code:stabas:5081003-5083657">
      <CodeValue>70</CodeValue>
      <CodeTextGrp>
        <CodeText xml:lang="nn">Tal på månader</CodeText>
        <CodeText xml:lang="nb">Antall måneder</CodeText>
        <CodeText xml:lang="en">Number of months</CodeText>
      </CodeTextGrp>
    </Code>
  </Codes>
</Codelist>