<?xml version="1.0" encoding="utf-8"?>
<Codelist xmlns:xsi="http://www.w3.org/2001/XMLSchema-instance" xmlns:xsd="http://www.w3.org/2001/XMLSchema" id="urn:ssb:codelist:stabas:5083799" defaultValidFrom="2008-01-01" defaultValidTo="2008-06-30" lastChangedDate="2011-01-24" isCurrent="false" relationId="urn:ssb:classversion:stabas:5083797" xmlns="http://www.ssb.no/ns/meta/codelist">
  <CodelistMeta>
    <TitleGrp>
      <Title xml:lang="nn">Studiepoeng (NUS 2008/1): Studiepoeng</Title>
      <Title xml:lang="nb">Studiepoeng (NUS 2008/1): Studiepoeng</Title>
      <Title xml:lang="en">Study points (NUS 2008/1): Study points</Title>
    </TitleGrp>
    <DescriptionGrp>
      <Description xml:lang="nn">For utdanningar på nivå 6-8 blir tidslengda oppgitt i studiepoeng. 60 studiepoeng utgjer ei arbeidsmengd som svarar til eitt skoleårs studium på heltid. For enkeltutdanningar gir talet på studiepoeng den absolutte tidslengda til kvar enkelt utdanning. For samlekodar blir det oppgitt ei maksimum mengd studiepoeng fordi dei inneheld utdanningar av forskjellig lengd og skjer på forskjellige klassetrinn. For meir informasjon, sjå pkt. 3.2.3. i NOS C 676 (under publikasjoner).
</Description>
      <Description xml:lang="nb">For utdanninger på nivå 6-8 angis varigheten i studiepoeng.60 studiepoeng utgjør en arbeidsmengde tilsvarende et skoleårs studier på heltid. For enkeltutdanninger angir antall studiepoeng utdanningsaktivitetens absolutte varighet. For samlekoder angis antall studiepoeng som et maksimum antall studiepoeng, fordi det inngår utdanningsaktiviteter av ulik varighet, og på ulike klassetrinn. For mer informasjon, se pkt. 3.2.3. i NOS C 617  (under publikasjoner).


</Description>
      <Description xml:lang="en">For levels 6-8 tertiary education programmes, duration is given in credit points. Sixty credit points is equivalent to 60 ECTS (European Credit Transfer System), or one year of full-time studies. For aggregate codes the number of credit points is given as a maximum number of credit points, because they contain educational activities of varying duration and take place on different class levels. For more information, see 3.2.3. in NOS C 751 (under publications).

</Description>
    </DescriptionGrp>
    <ContactInformation>
      <Person xmlns="http://www.ssb.no/ns/meta/common">gki</Person>
      <Division xmlns="http://www.ssb.no/ns/meta/common">360</Division>
    </ContactInformation>
    <NoteGrp>
      <Note xml:lang="nn">Ikkje relevant</Note>
      <Note xml:lang="nb">Ikke relevant</Note>
      <Note xml:lang="en">Not relevant</Note>
    </NoteGrp>
  </CodelistMeta>
  <Codes>
    <Code id="urn:ssb:code:stabas:5083799-5083803">
      <CodeValue>006</CodeValue>
      <CodeTextGrp>
        <CodeText xml:lang="nn">Antal studiepoeng</CodeText>
        <CodeText xml:lang="nb">Antall studiepoeng</CodeText>
        <CodeText xml:lang="en">Number of credit points</CodeText>
      </CodeTextGrp>
    </Code>
    <Code id="urn:ssb:code:stabas:5083799-5083807">
      <CodeValue>030</CodeValue>
      <CodeTextGrp>
        <CodeText xml:lang="nn">Antal studiepoeng</CodeText>
        <CodeText xml:lang="nb">Antall studiepoeng</CodeText>
        <CodeText xml:lang="en">Number of credit points</CodeText>
      </CodeTextGrp>
    </Code>
    <Code id="urn:ssb:code:stabas:5083799-5083849">
      <CodeValue>060</CodeValue>
      <CodeTextGrp>
        <CodeText xml:lang="nn">Antal studiepoeng</CodeText>
        <CodeText xml:lang="nb">Antall studiepoeng</CodeText>
        <CodeText xml:lang="en">Number of credit points</CodeText>
      </CodeTextGrp>
    </Code>
    <Code id="urn:ssb:code:stabas:5083799-5084153">
      <CodeValue>075</CodeValue>
      <CodeTextGrp>
        <CodeText xml:lang="nn">Antal studiepoeng</CodeText>
        <CodeText xml:lang="nb">Antall studiepoeng</CodeText>
        <CodeText xml:lang="en">Number of credit points</CodeText>
      </CodeTextGrp>
    </Code>
    <Code id="urn:ssb:code:stabas:5083799-5084157">
      <CodeValue>090</CodeValue>
      <CodeTextGrp>
        <CodeText xml:lang="nn">Antal studiepoeng</CodeText>
        <CodeText xml:lang="nb">Antall studiepoeng</CodeText>
        <CodeText xml:lang="en">Number of credit points</CodeText>
      </CodeTextGrp>
    </Code>
    <Code id="urn:ssb:code:stabas:5083799-5084267">
      <CodeValue>120</CodeValue>
      <CodeTextGrp>
        <CodeText xml:lang="nn">Antal studiepoeng</CodeText>
        <CodeText xml:lang="nb">Antall studiepoeng</CodeText>
        <CodeText xml:lang="en">Number of credit points</CodeText>
      </CodeTextGrp>
    </Code>
    <Code id="urn:ssb:code:stabas:5083799-5085887">
      <CodeValue>150</CodeValue>
      <CodeTextGrp>
        <CodeText xml:lang="nn">Antal studiepoeng</CodeText>
        <CodeText xml:lang="nb">Antall studiepoeng</CodeText>
        <CodeText xml:lang="en">Number of credit points</CodeText>
      </CodeTextGrp>
    </Code>
    <Code id="urn:ssb:code:stabas:5083799-5085897">
      <CodeValue>180</CodeValue>
      <CodeTextGrp>
        <CodeText xml:lang="nn">Antal studiepoeng</CodeText>
        <CodeText xml:lang="nb">Antall studiepoeng</CodeText>
        <CodeText xml:lang="en">Number of credit points</CodeText>
      </CodeTextGrp>
    </Code>
    <Code id="urn:ssb:code:stabas:5083799-5087575">
      <CodeValue>210</CodeValue>
      <CodeTextGrp>
        <CodeText xml:lang="nn">Antal studiepoeng</CodeText>
        <CodeText xml:lang="nb">Antall studiepoeng</CodeText>
        <CodeText xml:lang="en">Number of credit points</CodeText>
      </CodeTextGrp>
    </Code>
    <Code id="urn:ssb:code:stabas:5083799-5087583">
      <CodeValue>225</CodeValue>
      <CodeTextGrp>
        <CodeText xml:lang="nn">Antal studiepoeng</CodeText>
        <CodeText xml:lang="nb">Antall studiepoeng</CodeText>
        <CodeText xml:lang="en">Number of credit points</CodeText>
      </CodeTextGrp>
    </Code>
    <Code id="urn:ssb:code:stabas:5083799-5087587">
      <CodeValue>240</CodeValue>
      <CodeTextGrp>
        <CodeText xml:lang="nn">Antal studiepoeng</CodeText>
        <CodeText xml:lang="nb">Antall studiepoeng</CodeText>
        <CodeText xml:lang="en">Number of credit points</CodeText>
      </CodeTextGrp>
    </Code>
    <Code id="urn:ssb:code:stabas:5083799-5088597">
      <CodeValue>270</CodeValue>
      <CodeTextGrp>
        <CodeText xml:lang="nn">Antal studiepoeng</CodeText>
        <CodeText xml:lang="nb">Antall studiepoeng</CodeText>
        <CodeText xml:lang="en">Number of credit points</CodeText>
      </CodeTextGrp>
    </Code>
    <Code id="urn:ssb:code:stabas:5083799-5088601">
      <CodeValue>300</CodeValue>
      <CodeTextGrp>
        <CodeText xml:lang="nn">Antal studiepoeng</CodeText>
        <CodeText xml:lang="nb">Antall studiepoeng</CodeText>
        <CodeText xml:lang="en">Number of credit points</CodeText>
      </CodeTextGrp>
    </Code>
    <Code id="urn:ssb:code:stabas:5083799-5088813">
      <CodeValue>330</CodeValue>
      <CodeTextGrp>
        <CodeText xml:lang="nn">Antal studiepoeng</CodeText>
        <CodeText xml:lang="nb">Antall studiepoeng</CodeText>
        <CodeText xml:lang="en">Number of credit points</CodeText>
      </CodeTextGrp>
    </Code>
    <Code id="urn:ssb:code:stabas:5083799-5088821">
      <CodeValue>360</CodeValue>
      <CodeTextGrp>
        <CodeText xml:lang="nn">Antal studiepoeng</CodeText>
        <CodeText xml:lang="nb">Antall studiepoeng</CodeText>
        <CodeText xml:lang="en">Number of credit points</CodeText>
      </CodeTextGrp>
    </Code>
  </Codes>
</Codelist>