<?xml version="1.0" encoding="utf-8"?>
<Codelist xmlns:xsi="http://www.w3.org/2001/XMLSchema-instance" xmlns:xsd="http://www.w3.org/2001/XMLSchema" id="urn:ssb:codelist:stabas:511784" lastChangedDate="2006-11-16" parentCodelistId="urn:ssb:codelist:stabas:511782" isCurrent="false" relationId="urn:ssb:classversion:stabas:511779" xmlns="http://www.ssb.no/ns/meta/codelist">
  <CodelistMeta>
    <TitleGrp>
      <Title xml:lang="nn">Fagfelt gruppert etter ISCED97 : Fagfelt </Title>
      <Title xml:lang="nb">Fagfelt gruppert etter ISCED97: Fagfelt</Title>
    </TitleGrp>
    <DescriptionGrp>
      <Description xml:lang="nn">Kvar utdanningsaktivitet blir klassifisert ut frå det faglege innhaldet i utdanninga. Faginndelinga i ISCED97 er 3-sifra. 1. siffer indikerer Broad Field. ISCED97 består av ni forskjellige Broad Fields. 
Broad Fields i ISCED97 er definert slik:
0	General Programmes
1	Education
2	Humanities and Arts
3	Social Sciences, Business and Law
4	Science, Mathematics and Computing
5	Engineering, Manufacturing and Construction
6	Agriculture and Veterinary
7	Health and Welfare
8	Services
9	Unknown

Som det går fram av tabellen over, er det skilnader  mellom den norske inndelinga av fagfelta (sjå punkt 3.1.2) og den internasjonale. Spesielt gjeld dette for det fjerde feltet her. I den norske standarden er handverksfag og tekniske fag inkluderte i naturfaga (fagfelt 6 i NUS2000). I ISCED97 utgjer naturfaga eit eige felt, mens handverksfaga og tekniske fag er plasserte under fleire ulike  felt. Rekkjefølgja på fagfelta er òg ulik for dei to standardane.

</Description>
      <Description xml:lang="nb">Hver utdanningsaktivitet klassifiseres ut fra utdanningens faglige innhold. Faginndelingen i ISCED97 er 3-sifret. 1. siffer indikerer Broad Field. ISCED97 består av ni ulike Broad Fields. 
Broad Fields i ISCED97 er definert som følger:
0	General Programmes
1	Education
2	Humanities and Arts
3	Social Sciences, Business and Law
4	Science, Mathematics and Computing
5	Engineering, Manufacturing and Construction
6	Agriculture and Veterinary
7	Health and Welfare
8	Services
9	Unknown

Som det fremgår av tabellen over, er det ulikheter mellom den norske inndelingen av fagfelt (se punkt 3.1.2) og den internasjonale. Spesielt gjelder dette for det fjerde feltet her. I den norske standarden er også inkludert håndverksfag og tekniske fag sammen med naturfagene (fagfelt 6 i NUS2000). I ISCED97 utgjør naturfagene et eget felt, mens håndverksfagene og tekniske fag er plassert under flere ulike felt. Rekkefølgen på fagfeltene er også annerledes for de to standardene.
</Description>
    </DescriptionGrp>
    <ContactInformation>
      <Person xmlns="http://www.ssb.no/ns/meta/common">gki</Person>
      <Division xmlns="http://www.ssb.no/ns/meta/common">320</Division>
    </ContactInformation>
    <NoteGrp>
      <Note xml:lang="nn">Ikkje relevant</Note>
      <Note xml:lang="nb">Ikke relevant</Note>
    </NoteGrp>
  </CodelistMeta>
  <Codes>
    <Code id="urn:ssb:code:stabas:511784-511793" parentCodeId="urn:ssb:code:stabas:511782-511791">
      <CodeValue>00</CodeValue>
      <CodeTextGrp>
        <CodeText xml:lang="nn">General Programmes </CodeText>
        <CodeText xml:lang="nb">General Programmes</CodeText>
      </CodeTextGrp>
    </Code>
    <Code id="urn:ssb:code:stabas:511784-511903" parentCodeId="urn:ssb:code:stabas:511782-511901">
      <CodeValue>10</CodeValue>
      <CodeTextGrp>
        <CodeText xml:lang="nn">General Programmes </CodeText>
        <CodeText xml:lang="nb">General Programmes</CodeText>
      </CodeTextGrp>
    </Code>
    <Code id="urn:ssb:code:stabas:511784-511910" parentCodeId="urn:ssb:code:stabas:511782-511901">
      <CodeValue>19</CodeValue>
      <CodeTextGrp>
        <CodeText xml:lang="nn">Unknown Broad Field </CodeText>
        <CodeText xml:lang="nb">Unknown Broad Field</CodeText>
      </CodeTextGrp>
    </Code>
    <Code id="urn:ssb:code:stabas:511784-511919" parentCodeId="urn:ssb:code:stabas:511782-511917">
      <CodeValue>20</CodeValue>
      <CodeTextGrp>
        <CodeText xml:lang="nn">General Programmes </CodeText>
        <CodeText xml:lang="nb">General Programmes</CodeText>
      </CodeTextGrp>
    </Code>
    <Code id="urn:ssb:code:stabas:511784-511942" parentCodeId="urn:ssb:code:stabas:511782-511917">
      <CodeValue>21</CodeValue>
      <CodeTextGrp>
        <CodeText xml:lang="nn">Education </CodeText>
        <CodeText xml:lang="nb">Education</CodeText>
      </CodeTextGrp>
    </Code>
    <Code id="urn:ssb:code:stabas:511784-511959" parentCodeId="urn:ssb:code:stabas:511782-511917">
      <CodeValue>22</CodeValue>
      <CodeTextGrp>
        <CodeText xml:lang="nn">Humanities and Arts </CodeText>
        <CodeText xml:lang="nb">Humanities and Arts</CodeText>
      </CodeTextGrp>
    </Code>
    <Code id="urn:ssb:code:stabas:511784-511989" parentCodeId="urn:ssb:code:stabas:511782-511917">
      <CodeValue>23</CodeValue>
      <CodeTextGrp>
        <CodeText xml:lang="nn">Social sciences, Business and Law </CodeText>
        <CodeText xml:lang="nb">Social sciences, Business and Law</CodeText>
      </CodeTextGrp>
    </Code>
    <Code id="urn:ssb:code:stabas:511784-512133" parentCodeId="urn:ssb:code:stabas:511782-511917">
      <CodeValue>24</CodeValue>
      <CodeTextGrp>
        <CodeText xml:lang="nn">Science, Mathematics and Computing </CodeText>
        <CodeText xml:lang="nb">Science, Mathematics and Computing</CodeText>
      </CodeTextGrp>
    </Code>
    <Code id="urn:ssb:code:stabas:511784-512166" parentCodeId="urn:ssb:code:stabas:511782-511917">
      <CodeValue>25</CodeValue>
      <CodeTextGrp>
        <CodeText xml:lang="nn">Engineering, Manufacturing and Construction </CodeText>
        <CodeText xml:lang="nb">Engineering, Manufacturing and Construction</CodeText>
      </CodeTextGrp>
    </Code>
    <Code id="urn:ssb:code:stabas:511784-512200" parentCodeId="urn:ssb:code:stabas:511782-511917">
      <CodeValue>26</CodeValue>
      <CodeTextGrp>
        <CodeText xml:lang="nn">Agriculture and Veterinary </CodeText>
        <CodeText xml:lang="nb">Agriculture and Veterinary</CodeText>
      </CodeTextGrp>
    </Code>
    <Code id="urn:ssb:code:stabas:511784-512319" parentCodeId="urn:ssb:code:stabas:511782-511917">
      <CodeValue>27</CodeValue>
      <CodeTextGrp>
        <CodeText xml:lang="nn">Health and Welfare </CodeText>
        <CodeText xml:lang="nb">Health and Welfare</CodeText>
      </CodeTextGrp>
    </Code>
    <Code id="urn:ssb:code:stabas:511784-512348" parentCodeId="urn:ssb:code:stabas:511782-511917">
      <CodeValue>28</CodeValue>
      <CodeTextGrp>
        <CodeText xml:lang="nn">Services </CodeText>
        <CodeText xml:lang="nb">Services</CodeText>
      </CodeTextGrp>
    </Code>
    <Code id="urn:ssb:code:stabas:511784-512391" parentCodeId="urn:ssb:code:stabas:511782-512389">
      <CodeValue>30</CodeValue>
      <CodeTextGrp>
        <CodeText xml:lang="nn">General Programmes </CodeText>
        <CodeText xml:lang="nb">General Programmes</CodeText>
      </CodeTextGrp>
    </Code>
    <Code id="urn:ssb:code:stabas:511784-512534" parentCodeId="urn:ssb:code:stabas:511782-512389">
      <CodeValue>31</CodeValue>
      <CodeTextGrp>
        <CodeText xml:lang="nn">Education </CodeText>
        <CodeText xml:lang="nb">Education</CodeText>
      </CodeTextGrp>
    </Code>
    <Code id="urn:ssb:code:stabas:511784-512590" parentCodeId="urn:ssb:code:stabas:511782-512389">
      <CodeValue>32</CodeValue>
      <CodeTextGrp>
        <CodeText xml:lang="nn">Humanities and Arts </CodeText>
        <CodeText xml:lang="nb">Humanities and Arts</CodeText>
      </CodeTextGrp>
    </Code>
    <Code id="urn:ssb:code:stabas:511784-512978" parentCodeId="urn:ssb:code:stabas:511782-512389">
      <CodeValue>33</CodeValue>
      <CodeTextGrp>
        <CodeText xml:lang="nn">Social sciences, Business and Law </CodeText>
        <CodeText xml:lang="nb">Social sciences, Business and Law</CodeText>
      </CodeTextGrp>
    </Code>
    <Code id="urn:ssb:code:stabas:511784-513315" parentCodeId="urn:ssb:code:stabas:511782-512389">
      <CodeValue>34</CodeValue>
      <CodeTextGrp>
        <CodeText xml:lang="nn">Science, Mathematics and Computing </CodeText>
        <CodeText xml:lang="nb">Science, Mathematics and Computing</CodeText>
      </CodeTextGrp>
    </Code>
    <Code id="urn:ssb:code:stabas:511784-513387" parentCodeId="urn:ssb:code:stabas:511782-512389">
      <CodeValue>35</CodeValue>
      <CodeTextGrp>
        <CodeText xml:lang="nn">Engineering, Manufacturing and Construction </CodeText>
        <CodeText xml:lang="nb">Engineering, Manufacturing and Construction</CodeText>
      </CodeTextGrp>
    </Code>
    <Code id="urn:ssb:code:stabas:511784-514128" parentCodeId="urn:ssb:code:stabas:511782-512389">
      <CodeValue>36</CodeValue>
      <CodeTextGrp>
        <CodeText xml:lang="nn">Agriculture and Veterinary </CodeText>
        <CodeText xml:lang="nb">Agriculture and Veterinary</CodeText>
      </CodeTextGrp>
    </Code>
    <Code id="urn:ssb:code:stabas:511784-514309" parentCodeId="urn:ssb:code:stabas:511782-512389">
      <CodeValue>37</CodeValue>
      <CodeTextGrp>
        <CodeText xml:lang="nn">Health and Welfare </CodeText>
        <CodeText xml:lang="nb">Health and Welfare</CodeText>
      </CodeTextGrp>
    </Code>
    <Code id="urn:ssb:code:stabas:511784-514522" parentCodeId="urn:ssb:code:stabas:511782-512389">
      <CodeValue>38</CodeValue>
      <CodeTextGrp>
        <CodeText xml:lang="nn">Services </CodeText>
        <CodeText xml:lang="nb">Services</CodeText>
      </CodeTextGrp>
    </Code>
    <Code id="urn:ssb:code:stabas:511784-514787" parentCodeId="urn:ssb:code:stabas:511782-514785">
      <CodeValue>40</CodeValue>
      <CodeTextGrp>
        <CodeText xml:lang="nb">General Programmes</CodeText>
      </CodeTextGrp>
    </Code>
    <Code id="urn:ssb:code:stabas:511784-514904" parentCodeId="urn:ssb:code:stabas:511782-514785">
      <CodeValue>41</CodeValue>
      <CodeTextGrp>
        <CodeText xml:lang="nb">Education</CodeText>
      </CodeTextGrp>
    </Code>
    <Code id="urn:ssb:code:stabas:511784-514939" parentCodeId="urn:ssb:code:stabas:511782-514785">
      <CodeValue>42</CodeValue>
      <CodeTextGrp>
        <CodeText xml:lang="nb">Humanities and Arts</CodeText>
      </CodeTextGrp>
    </Code>
    <Code id="urn:ssb:code:stabas:511784-515111" parentCodeId="urn:ssb:code:stabas:511782-514785">
      <CodeValue>43</CodeValue>
      <CodeTextGrp>
        <CodeText xml:lang="nb">Social sciences, Business and Law</CodeText>
      </CodeTextGrp>
    </Code>
    <Code id="urn:ssb:code:stabas:511784-515307" parentCodeId="urn:ssb:code:stabas:511782-514785">
      <CodeValue>44</CodeValue>
      <CodeTextGrp>
        <CodeText xml:lang="nb">Science, Mathematics and Computing</CodeText>
      </CodeTextGrp>
    </Code>
    <Code id="urn:ssb:code:stabas:511784-515357" parentCodeId="urn:ssb:code:stabas:511782-514785">
      <CodeValue>45</CodeValue>
      <CodeTextGrp>
        <CodeText xml:lang="nb">Engineering, Manufacturing and Construction</CodeText>
      </CodeTextGrp>
    </Code>
    <Code id="urn:ssb:code:stabas:511784-515535" parentCodeId="urn:ssb:code:stabas:511782-514785">
      <CodeValue>46</CodeValue>
      <CodeTextGrp>
        <CodeText xml:lang="nb">Agriculture and Veterinary</CodeText>
      </CodeTextGrp>
    </Code>
    <Code id="urn:ssb:code:stabas:511784-515570" parentCodeId="urn:ssb:code:stabas:511782-514785">
      <CodeValue>47</CodeValue>
      <CodeTextGrp>
        <CodeText xml:lang="nb">Health and Welfare</CodeText>
      </CodeTextGrp>
    </Code>
    <Code id="urn:ssb:code:stabas:511784-515726" parentCodeId="urn:ssb:code:stabas:511782-514785">
      <CodeValue>48</CodeValue>
      <CodeTextGrp>
        <CodeText xml:lang="nb">Services</CodeText>
      </CodeTextGrp>
    </Code>
    <Code id="urn:ssb:code:stabas:511784-515904" parentCodeId="urn:ssb:code:stabas:511782-514785">
      <CodeValue>49</CodeValue>
      <CodeTextGrp>
        <CodeText xml:lang="nb">Unknown Broad Field</CodeText>
      </CodeTextGrp>
    </Code>
    <Code id="urn:ssb:code:stabas:511784-515913" parentCodeId="urn:ssb:code:stabas:511782-515911">
      <CodeValue>50</CodeValue>
      <CodeTextGrp>
        <CodeText xml:lang="nb">General Programmes</CodeText>
      </CodeTextGrp>
    </Code>
    <Code id="urn:ssb:code:stabas:511784-515940" parentCodeId="urn:ssb:code:stabas:511782-515911">
      <CodeValue>51</CodeValue>
      <CodeTextGrp>
        <CodeText xml:lang="nb">Education</CodeText>
      </CodeTextGrp>
    </Code>
    <Code id="urn:ssb:code:stabas:511784-516306" parentCodeId="urn:ssb:code:stabas:511782-515911">
      <CodeValue>52</CodeValue>
      <CodeTextGrp>
        <CodeText xml:lang="nb">Humanities and Arts</CodeText>
      </CodeTextGrp>
    </Code>
    <Code id="urn:ssb:code:stabas:511784-517133" parentCodeId="urn:ssb:code:stabas:511782-515911">
      <CodeValue>53</CodeValue>
      <CodeTextGrp>
        <CodeText xml:lang="nb">Social sciences, Business and Law</CodeText>
      </CodeTextGrp>
    </Code>
    <Code id="urn:ssb:code:stabas:511784-517909" parentCodeId="urn:ssb:code:stabas:511782-515911">
      <CodeValue>54</CodeValue>
      <CodeTextGrp>
        <CodeText xml:lang="nb">Science, Mathematics and Computing</CodeText>
      </CodeTextGrp>
    </Code>
    <Code id="urn:ssb:code:stabas:511784-518320" parentCodeId="urn:ssb:code:stabas:511782-515911">
      <CodeValue>55</CodeValue>
      <CodeTextGrp>
        <CodeText xml:lang="nb">Engineering, Manufacturing and Construction</CodeText>
      </CodeTextGrp>
    </Code>
    <Code id="urn:ssb:code:stabas:511784-518573" parentCodeId="urn:ssb:code:stabas:511782-515911">
      <CodeValue>56</CodeValue>
      <CodeTextGrp>
        <CodeText xml:lang="nb">Agriculture and Veterinary</CodeText>
      </CodeTextGrp>
    </Code>
    <Code id="urn:ssb:code:stabas:511784-518755" parentCodeId="urn:ssb:code:stabas:511782-515911">
      <CodeValue>57</CodeValue>
      <CodeTextGrp>
        <CodeText xml:lang="nb">Health and Welfare</CodeText>
      </CodeTextGrp>
    </Code>
    <Code id="urn:ssb:code:stabas:511784-519198" parentCodeId="urn:ssb:code:stabas:511782-515911">
      <CodeValue>58</CodeValue>
      <CodeTextGrp>
        <CodeText xml:lang="nb">Services</CodeText>
      </CodeTextGrp>
    </Code>
    <Code id="urn:ssb:code:stabas:511784-519565" parentCodeId="urn:ssb:code:stabas:511782-515911">
      <CodeValue>59</CodeValue>
      <CodeTextGrp>
        <CodeText xml:lang="nb">Unknown Broad Field</CodeText>
      </CodeTextGrp>
    </Code>
    <Code id="urn:ssb:code:stabas:511784-519574" parentCodeId="urn:ssb:code:stabas:511782-519572">
      <CodeValue>60</CodeValue>
      <CodeTextGrp>
        <CodeText xml:lang="nb">General Programmes</CodeText>
      </CodeTextGrp>
    </Code>
    <Code id="urn:ssb:code:stabas:511784-519589" parentCodeId="urn:ssb:code:stabas:511782-519572">
      <CodeValue>61</CodeValue>
      <CodeTextGrp>
        <CodeText xml:lang="nb">Education</CodeText>
      </CodeTextGrp>
    </Code>
    <Code id="urn:ssb:code:stabas:511784-519734" parentCodeId="urn:ssb:code:stabas:511782-519572">
      <CodeValue>62</CodeValue>
      <CodeTextGrp>
        <CodeText xml:lang="nb">Humanities and Arts</CodeText>
      </CodeTextGrp>
    </Code>
    <Code id="urn:ssb:code:stabas:511784-519940" parentCodeId="urn:ssb:code:stabas:511782-519572">
      <CodeValue>63</CodeValue>
      <CodeTextGrp>
        <CodeText xml:lang="nb">Social sciences, Business and Law</CodeText>
      </CodeTextGrp>
    </Code>
    <Code id="urn:ssb:code:stabas:511784-520152" parentCodeId="urn:ssb:code:stabas:511782-519572">
      <CodeValue>64</CodeValue>
      <CodeTextGrp>
        <CodeText xml:lang="nb">Science, Mathematics and Computing</CodeText>
      </CodeTextGrp>
    </Code>
    <Code id="urn:ssb:code:stabas:511784-520334" parentCodeId="urn:ssb:code:stabas:511782-519572">
      <CodeValue>65</CodeValue>
      <CodeTextGrp>
        <CodeText xml:lang="nb">Engineering, Manufacturing and Construction</CodeText>
      </CodeTextGrp>
    </Code>
    <Code id="urn:ssb:code:stabas:511784-520505" parentCodeId="urn:ssb:code:stabas:511782-519572">
      <CodeValue>66</CodeValue>
      <CodeTextGrp>
        <CodeText xml:lang="nb">Agriculture and Veterinary</CodeText>
      </CodeTextGrp>
    </Code>
    <Code id="urn:ssb:code:stabas:511784-520553" parentCodeId="urn:ssb:code:stabas:511782-519572">
      <CodeValue>67</CodeValue>
      <CodeTextGrp>
        <CodeText xml:lang="nb">Health and Welfare</CodeText>
      </CodeTextGrp>
    </Code>
    <Code id="urn:ssb:code:stabas:511784-520718" parentCodeId="urn:ssb:code:stabas:511782-519572">
      <CodeValue>68</CodeValue>
      <CodeTextGrp>
        <CodeText xml:lang="nb">Services</CodeText>
      </CodeTextGrp>
    </Code>
    <Code id="urn:ssb:code:stabas:511784-520779" parentCodeId="urn:ssb:code:stabas:511782-519572">
      <CodeValue>69</CodeValue>
      <CodeTextGrp>
        <CodeText xml:lang="nb">Unknown Broad Field</CodeText>
      </CodeTextGrp>
    </Code>
    <Code id="urn:ssb:code:stabas:511784-520788" parentCodeId="urn:ssb:code:stabas:511782-520786">
      <CodeValue>99</CodeValue>
      <CodeTextGrp>
        <CodeText xml:lang="nb">Unknown Broad Field</CodeText>
      </CodeTextGrp>
    </Code>
  </Codes>
</Codelist>