<?xml version="1.0" encoding="utf-8"?>
<Codelist xmlns:xsi="http://www.w3.org/2001/XMLSchema-instance" xmlns:xsd="http://www.w3.org/2001/XMLSchema" id="urn:ssb:codelist:stabas:511782" lastChangedDate="2006-11-16" isCurrent="false" relationId="urn:ssb:classversion:stabas:511779" xmlns="http://www.ssb.no/ns/meta/codelist">
  <CodelistMeta>
    <TitleGrp>
      <Title xml:lang="nn">Fagfelt gruppert etter ISCED97 : Nivå </Title>
      <Title xml:lang="nb">Fagfelt gruppert etter ISCED97: Nivå</Title>
    </TitleGrp>
    <DescriptionGrp>
      <Description xml:lang="nn">Kvar utdanningsaktivitet blir klassifisert ut frå det faglege innhaldet i utdanninga. Faginndelinga i ISCED97 er 3-sifra. 1. siffer indikerer Broad Field. ISCED97 består av ni forskjellige Broad Fields. 
Broad Fields i ISCED97 er definert slik:
0	General Programmes
1	Education
2	Humanities and Arts
3	Social Sciences, Business and Law
4	Science, Mathematics and Computing
5	Engineering, Manufacturing and Construction
6	Agriculture and Veterinary
7	Health and Welfare
8	Services
9	Unknown

Som det går fram av tabellen over, er det skilnader  mellom den norske inndelinga av fagfelta (sjå punkt 3.1.2) og den internasjonale. Spesielt gjeld dette for det fjerde feltet her. I den norske standarden er handverksfag og tekniske fag inkluderte i naturfaga (fagfelt 6 i NUS2000). I ISCED97 utgjer naturfaga eit eige felt, mens handverksfaga og tekniske fag er plasserte under fleire ulike  felt. Rekkjefølgja på fagfelta er òg ulik for dei to standardane.

</Description>
      <Description xml:lang="nb">Hver utdanningsaktivitet klassifiseres ut fra utdanningens faglige innhold. Faginndelingen i ISCED97 er 3-sifret. 1. siffer indikerer Broad Field. ISCED97 består av ni ulike Broad Fields. 
Broad Fields i ISCED97 er definert som følger:
0	General Programmes
1	Education
2	Humanities and Arts
3	Social Sciences, Business and Law
4	Science, Mathematics and Computing
5	Engineering, Manufacturing and Construction
6	Agriculture and Veterinary
7	Health and Welfare
8	Services
9	Unknown

Som det fremgår av tabellen over, er det ulikheter mellom den norske inndelingen av fagfelt (se punkt 3.1.2) og den internasjonale. Spesielt gjelder dette for det fjerde feltet her. I den norske standarden er også inkludert håndverksfag og tekniske fag sammen med naturfagene (fagfelt 6 i NUS2000). I ISCED97 utgjør naturfagene et eget felt, mens håndverksfagene og tekniske fag er plassert under flere ulike felt. Rekkefølgen på fagfeltene er også annerledes for de to standardene.
</Description>
    </DescriptionGrp>
    <ContactInformation>
      <Person xmlns="http://www.ssb.no/ns/meta/common">gki</Person>
      <Division xmlns="http://www.ssb.no/ns/meta/common">320</Division>
    </ContactInformation>
    <NoteGrp>
      <Note xml:lang="nn">Ikkje relevant</Note>
      <Note xml:lang="nb">Ikke relevant</Note>
    </NoteGrp>
  </CodelistMeta>
  <Codes>
    <Code id="urn:ssb:code:stabas:511782-511791">
      <CodeValue>0</CodeValue>
      <CodeTextGrp>
        <CodeText xml:lang="nn">Pre-Primary (Førskoleutdanning) </CodeText>
        <CodeText xml:lang="nb">Pre-school (Førskoleutdanning)</CodeText>
      </CodeTextGrp>
    </Code>
    <Code id="urn:ssb:code:stabas:511782-511901">
      <CodeValue>1</CodeValue>
      <CodeTextGrp>
        <CodeText xml:lang="nn">Primary (Grunnskoleutdanning, første trinn) </CodeText>
        <CodeText xml:lang="nb">Primary (Grunnskoleutdanning, første trinn)</CodeText>
      </CodeTextGrp>
    </Code>
    <Code id="urn:ssb:code:stabas:511782-511917">
      <CodeValue>2</CodeValue>
      <CodeTextGrp>
        <CodeText xml:lang="nn">Lower secondary (Grunnskoleutdanning, andre trinn) </CodeText>
        <CodeText xml:lang="nb">Lower secondary (Grunnskoleutdanning, andre trinn)</CodeText>
      </CodeTextGrp>
    </Code>
    <Code id="urn:ssb:code:stabas:511782-512389">
      <CodeValue>3</CodeValue>
      <CodeTextGrp>
        <CodeText xml:lang="nn">Upper secondary (Vidaregåande utdanning)</CodeText>
        <CodeText xml:lang="nb">Upper secondary (Videregående utdanning)</CodeText>
      </CodeTextGrp>
    </Code>
    <Code id="urn:ssb:code:stabas:511782-514785">
      <CodeValue>4</CodeValue>
      <CodeTextGrp>
        <CodeText xml:lang="nn">Post-Secondary non-tertiary (ikkje vidaregåande utdanning, universitets- eller høgskoleutdanning)</CodeText>
        <CodeText xml:lang="nb">Post-Secondary non-tertiary (ikke videregående utdanning, universitets- eller høgskoleutdanning)</CodeText>
      </CodeTextGrp>
    </Code>
    <Code id="urn:ssb:code:stabas:511782-515911">
      <CodeValue>5</CodeValue>
      <CodeTextGrp>
        <CodeText xml:lang="nn">First stage of tertiary education (Universitets- og høgskoleutdanning) </CodeText>
        <CodeText xml:lang="nb">First stage of tertiary education (Universitets- og høgskoleutdanning)</CodeText>
      </CodeTextGrp>
    </Code>
    <Code id="urn:ssb:code:stabas:511782-519572">
      <CodeValue>6</CodeValue>
      <CodeTextGrp>
        <CodeText xml:lang="nn">Second stage of tertiary education (Forskarutdanning)</CodeText>
        <CodeText xml:lang="nb">Second stage of tertiary education (Forskerutdanning)</CodeText>
      </CodeTextGrp>
    </Code>
    <Code id="urn:ssb:code:stabas:511782-520786">
      <CodeValue>9</CodeValue>
      <CodeTextGrp>
        <CodeText xml:lang="nn">Unknown Level </CodeText>
        <CodeText xml:lang="nb">Unknown Level</CodeText>
      </CodeTextGrp>
    </Code>
  </Codes>
</Codelist>