<?xml version="1.0" encoding="utf-8"?>
<Codelist xmlns:xsi="http://www.w3.org/2001/XMLSchema-instance" xmlns:xsd="http://www.w3.org/2001/XMLSchema" id="urn:ssb:codelist:stabas:5172482" defaultValidFrom="2008-01-01" defaultValidTo="2008-06-30" lastChangedDate="2011-01-25" isCurrent="false" relationId="urn:ssb:classversion:stabas:5172480" xmlns="http://www.ssb.no/ns/meta/codelist">
  <CodelistMeta>
    <TitleGrp>
      <Title xml:lang="nn">Universitets- og høgskolegruppering (NUS 2008/1): UH-gruppering</Title>
      <Title xml:lang="nb">Universitets- og høgskolegruppering (NUS 2008/1): UH-gruppering</Title>
      <Title xml:lang="en">Tertiary classification (NUS 2008/1): Tertiary classification</Title>
    </TitleGrp>
    <DescriptionGrp>
      <Description xml:lang="nn">Universitets- og høgskolegrupperinga blir brukt for å gruppere utdanningar på nivå 6-8. Dette er ei skjematisk standardgruppering som framfor alt er tenkt som ei forenkling i samband med presentasjonen av offisiell utdanningsstatistikk. Gradnemningane bachelor, master og ph.d. vart teke i bruk i samband med Kvalitetsreformen innanfor høgare utdanning frå hausten 2002.</Description>
      <Description xml:lang="nb">Universitets- og høgskolegrupperingen brukes for å gruppere utdanninger på nivå 6-8. Dette er en grovere standardgruppering som først og fremst er tenkt som en forenkling i forbindelse med presentasjon av offisiell utdanningsstatistikk. Gradbenevnelsene bachelor, master og ph.d. ble innført i forbindelse med Kvalitetsreformen innen høyere utdanning fra høsten 2002.</Description>
      <Description xml:lang="en">The tertiary classification is used to classify level 6 to 8 programmes. This is a rough standard classification, which above all is meant to simplify the pres-entation of official education statistics. The degree titles bachelor, master and ph.d. were introduced in connection with the Quality  Reform in tertiary education autumn 2002.
</Description>
    </DescriptionGrp>
    <ContactInformation>
      <Person xmlns="http://www.ssb.no/ns/meta/common">gki</Person>
      <Division xmlns="http://www.ssb.no/ns/meta/common">360</Division>
    </ContactInformation>
    <NoteGrp>
      <Note xml:lang="nn">Ikkje relevant</Note>
      <Note xml:lang="nb">Ikke relevant</Note>
      <Note xml:lang="en">Not relevant</Note>
    </NoteGrp>
  </CodelistMeta>
  <Codes>
    <Code id="urn:ssb:code:stabas:5172482-5172486">
      <CodeValue>01</CodeValue>
      <CodeTextGrp>
        <CodeText xml:lang="nn">Førebuande prøver</CodeText>
        <CodeText xml:lang="nb">Forberedende prøver</CodeText>
        <CodeText xml:lang="en">Preparatory examination</CodeText>
      </CodeTextGrp>
    </Code>
    <Code id="urn:ssb:code:stabas:5172482-5172500">
      <CodeValue>02</CodeValue>
      <CodeTextGrp>
        <CodeText xml:lang="nn">Utdanning på lågare nivå</CodeText>
        <CodeText xml:lang="nb">Lavere nivås utdanning</CodeText>
        <CodeText xml:lang="en">Undergraduate education</CodeText>
      </CodeTextGrp>
    </Code>
    <Code id="urn:ssb:code:stabas:5172482-5174734">
      <CodeValue>03</CodeValue>
      <CodeTextGrp>
        <CodeText xml:lang="nn">Andre eittårige studium, grunnutdanning</CodeText>
        <CodeText xml:lang="nb">Andre ettårige studier, grunnutdanning</CodeText>
        <CodeText xml:lang="en">Other one-year foundation courses</CodeText>
      </CodeTextGrp>
    </Code>
    <Code id="urn:ssb:code:stabas:5172482-5174746">
      <CodeValue>04</CodeValue>
      <CodeTextGrp>
        <CodeText xml:lang="nn">Høgskolekandidat, toårig</CodeText>
        <CodeText xml:lang="nb">Høgskolekandidat, toårig</CodeText>
        <CodeText xml:lang="en">College diploma, two-year</CodeText>
      </CodeTextGrp>
    </Code>
    <Code id="urn:ssb:code:stabas:5172482-5174894">
      <CodeValue>05</CodeValue>
      <CodeTextGrp>
        <CodeText xml:lang="nn">Ingeniørutdanning, toårig grunnutdanning / Høgskolekandidat, ingeniørfag, toårig</CodeText>
        <CodeText xml:lang="nb">Ingeniørutdanning, toårig grunnutdanning / Høgskolekandidat, ingeniørfag, toårig</CodeText>
        <CodeText xml:lang="en">Engineering, two-year foundation programme / College diploma in engineering, two-year</CodeText>
      </CodeTextGrp>
    </Code>
    <Code id="urn:ssb:code:stabas:5172482-5174930">
      <CodeValue>06</CodeValue>
      <CodeTextGrp>
        <CodeText xml:lang="nn">Andre toårige studium, grunnutdanningar</CodeText>
        <CodeText xml:lang="nb">Andre toårige studier, grunnutdanninger</CodeText>
        <CodeText xml:lang="en">Other two-year studies, foundation programme</CodeText>
      </CodeTextGrp>
    </Code>
    <Code id="urn:ssb:code:stabas:5172482-5174994">
      <CodeValue>07</CodeValue>
      <CodeTextGrp>
        <CodeText xml:lang="nn">Høgskolekandidat, treårig</CodeText>
        <CodeText xml:lang="nb">Høgskolekandidat, treårig</CodeText>
        <CodeText xml:lang="en">College degree, three-year</CodeText>
      </CodeTextGrp>
    </Code>
    <Code id="urn:ssb:code:stabas:5172482-5175124">
      <CodeValue>08</CodeValue>
      <CodeTextGrp>
        <CodeText xml:lang="nn">Allmennlærar, grunnutdanning / Bachelor, allmennlærarutdanning</CodeText>
        <CodeText xml:lang="nb">Allmennlærer, grunnutdanning / Bachelor, allmennlærerutdanning</CodeText>
        <CodeText xml:lang="en">General teacher, foundation programme / Bachelor degree, general teacher</CodeText>
      </CodeTextGrp>
    </Code>
    <Code id="urn:ssb:code:stabas:5172482-5175152">
      <CodeValue>09</CodeValue>
      <CodeTextGrp>
        <CodeText xml:lang="nn">Førskolelærar, grunnutdanning / Bachelor, førskolelærarutdanning</CodeText>
        <CodeText xml:lang="nb">Førskolelærer, grunnutdanning / Bachelor, førskolelærerutdanning</CodeText>
        <CodeText xml:lang="en">Pre-school teacher, foundation programme / Bachelor degree, pre-school teacher</CodeText>
      </CodeTextGrp>
    </Code>
    <Code id="urn:ssb:code:stabas:5172482-5175166">
      <CodeValue>10</CodeValue>
      <CodeTextGrp>
        <CodeText xml:lang="nn">Yrkesfaglærar, grunnutdanning / Bachelor, yrkesfaglærarutdanning</CodeText>
        <CodeText xml:lang="nb">Fag- og yrkesfaglærer, grunnutdanning / Bachelor, fag- og yrkesfaglærerutdanning</CodeText>
        <CodeText xml:lang="en">Vocational teacher, foundation programme / Bachelor degree, vocational teacher</CodeText>
      </CodeTextGrp>
    </Code>
    <Code id="urn:ssb:code:stabas:5172482-5175256">
      <CodeValue>11</CodeValue>
      <CodeTextGrp>
        <CodeText xml:lang="nn">Ingeniørutdanning, treårig grunnutdanning / Bachelor, ingeniørfag</CodeText>
        <CodeText xml:lang="nb">Ingeniørutdanning, treårig grunnutdanning / Bachelor, ingeniørfag</CodeText>
        <CodeText xml:lang="en">Engineering, three-year foundation programme / Bachelor of engineering</CodeText>
      </CodeTextGrp>
    </Code>
    <Code id="urn:ssb:code:stabas:5172482-5175346">
      <CodeValue>12</CodeValue>
      <CodeTextGrp>
        <CodeText xml:lang="nn">Sjukepleieutdanning, grunnutdanning / Bachelor, sjukepleieutdanning</CodeText>
        <CodeText xml:lang="nb">Sykepleieutdanning, grunnutdanning / Bachelor, sykepleieutdanning</CodeText>
        <CodeText xml:lang="en">Nursing, foundation programme / Bachelor of nursing</CodeText>
      </CodeTextGrp>
    </Code>
    <Code id="urn:ssb:code:stabas:5172482-5175352">
      <CodeValue>13</CodeValue>
      <CodeTextGrp>
        <CodeText xml:lang="nn">Helsefagutdanning, 3-4 år grunnutdanning, ikkje sjukepleiar / Bachelor, helsefagutdanning, ikkje sjukepleiar</CodeText>
        <CodeText xml:lang="nb">Helsefagutdanning, 3-4 år grunnutdanning, ikke sykepleier / Bachelor, helsefagutdanning, ikke sykepleier</CodeText>
        <CodeText xml:lang="en">Health care, 3-4 year foundation programme (not nursing) / Bachelor degree, health care (not nursing)</CodeText>
      </CodeTextGrp>
    </Code>
    <Code id="urn:ssb:code:stabas:5172482-5175394">
      <CodeValue>14</CodeValue>
      <CodeTextGrp>
        <CodeText xml:lang="nn">Høgskolekandidat, fireårig / Bachelor, fireårig</CodeText>
        <CodeText xml:lang="nb">Høgskolekandidat, fireårig / Bachelor, fireårig</CodeText>
        <CodeText xml:lang="en">College degree, four-year / Bachelor degree, four-year</CodeText>
      </CodeTextGrp>
    </Code>
    <Code id="urn:ssb:code:stabas:5172482-5175410">
      <CodeValue>15</CodeValue>
      <CodeTextGrp>
        <CodeText xml:lang="nn">Etatsutdanningar</CodeText>
        <CodeText xml:lang="nb">Etatsutdanninger</CodeText>
        <CodeText xml:lang="en">Special training for public employees, lower level</CodeText>
      </CodeTextGrp>
    </Code>
    <Code id="urn:ssb:code:stabas:5172482-5175416">
      <CodeValue>16</CodeValue>
      <CodeTextGrp>
        <CodeText xml:lang="nn">Andre tre- og fireårige grunnutdanningar (ikkje høgskolekandidat)</CodeText>
        <CodeText xml:lang="nb">Andre tre- og fireårige grunnutdanninger (ikke høgskolekandidat)</CodeText>
        <CodeText xml:lang="en">Other three and four-year foundation programmes (not college degrees)</CodeText>
      </CodeTextGrp>
    </Code>
    <Code id="urn:ssb:code:stabas:5172482-5175556">
      <CodeValue>17</CodeValue>
      <CodeTextGrp>
        <CodeText xml:lang="nn">Cand.mag.-utdanning</CodeText>
        <CodeText xml:lang="nb">Cand.mag.-utdanning</CodeText>
        <CodeText xml:lang="en">Bachelor of social sciences (cand.mag. degree)</CodeText>
      </CodeTextGrp>
    </Code>
    <Code id="urn:ssb:code:stabas:5172482-5175586">
      <CodeValue>18</CodeValue>
      <CodeTextGrp>
        <CodeText xml:lang="nn">Vidareutdanningar i leiing/organisasjon/administrasjon/økonomi</CodeText>
        <CodeText xml:lang="nb">Videreutdanninger i ledelse/organisasjon/administrasjon/økonomi</CodeText>
        <CodeText xml:lang="en">Supplementary education in management/organisation/administration/business</CodeText>
      </CodeTextGrp>
    </Code>
    <Code id="urn:ssb:code:stabas:5172482-5175604">
      <CodeValue>19</CodeValue>
      <CodeTextGrp>
        <CodeText xml:lang="nn">Vidareutdanning for ingeniører</CodeText>
        <CodeText xml:lang="nb">Videreutdanning for ingeniører</CodeText>
        <CodeText xml:lang="en">Supplementary education for engineers</CodeText>
      </CodeTextGrp>
    </Code>
    <Code id="urn:ssb:code:stabas:5172482-5175644">
      <CodeValue>20</CodeValue>
      <CodeTextGrp>
        <CodeText xml:lang="nn">Vidareutdanning for sjukepleiarar</CodeText>
        <CodeText xml:lang="nb">Videreutdanning for sykepleiere</CodeText>
        <CodeText xml:lang="en">Supplementary education for nurses</CodeText>
      </CodeTextGrp>
    </Code>
    <Code id="urn:ssb:code:stabas:5172482-5175686">
      <CodeValue>21</CodeValue>
      <CodeTextGrp>
        <CodeText xml:lang="nn">Vidareutdanning for anna helsepersonell enn sjukepleiarar</CodeText>
        <CodeText xml:lang="nb">Videreutdanning for annet helsepersonell enn sykepleiere</CodeText>
        <CodeText xml:lang="en">Supplementary education for health care staff other than nurses</CodeText>
      </CodeTextGrp>
    </Code>
    <Code id="urn:ssb:code:stabas:5172482-5175760">
      <CodeValue>22</CodeValue>
      <CodeTextGrp>
        <CodeText xml:lang="nn">Anna vidareutdanning, til og med to år</CodeText>
        <CodeText xml:lang="nb">Annen videreutdanning, til og med to år</CodeText>
        <CodeText xml:lang="en">Other supplementary education, up to two years</CodeText>
      </CodeTextGrp>
    </Code>
    <Code id="urn:ssb:code:stabas:5172482-5175852">
      <CodeValue>23</CodeValue>
      <CodeTextGrp>
        <CodeText xml:lang="nn">Praktisk-pedagogisk utdanning (PPU)</CodeText>
        <CodeText xml:lang="nb">Praktisk-pedagogisk utdanning (PPU)</CodeText>
        <CodeText xml:lang="en">Teacher training programme</CodeText>
      </CodeTextGrp>
    </Code>
    <Code id="urn:ssb:code:stabas:5172482-5175860">
      <CodeValue>24</CodeValue>
      <CodeTextGrp>
        <CodeText xml:lang="nn">Siviløkonomutdanning, fireårig</CodeText>
        <CodeText xml:lang="nb">Siviløkonomutdanning, fireårig</CodeText>
        <CodeText xml:lang="en">Business and economics degree</CodeText>
      </CodeTextGrp>
    </Code>
    <Code id="urn:ssb:code:stabas:5172482-5175864">
      <CodeValue>26</CodeValue>
      <CodeTextGrp>
        <CodeText xml:lang="nn">Bachelor, humanistiske og estetiske fag</CodeText>
        <CodeText xml:lang="nb">Bachelor, humanistiske og estetiske fag</CodeText>
        <CodeText xml:lang="en">Bachelor degree, humanities/arts</CodeText>
      </CodeTextGrp>
    </Code>
    <Code id="urn:ssb:code:stabas:5172482-5176030">
      <CodeValue>27</CodeValue>
      <CodeTextGrp>
        <CodeText xml:lang="nn">Bachelor, lærarutdanningar og utdanningar i pedagogikk, ikkje allmennlærar</CodeText>
        <CodeText xml:lang="nb">Bachelor, lærerutdanninger og utdanninger i pedagogikk, ikke allmennlærer</CodeText>
        <CodeText xml:lang="en">Bachelor degree, teacher training and pedagogy (not general teacher)</CodeText>
      </CodeTextGrp>
    </Code>
    <Code id="urn:ssb:code:stabas:5172482-5176042">
      <CodeValue>28</CodeValue>
      <CodeTextGrp>
        <CodeText xml:lang="nn">Bachelor, samfunnsfag og juridiske fag</CodeText>
        <CodeText xml:lang="nb">Bachelor, samfunnsfag og juridiske fag</CodeText>
        <CodeText xml:lang="en">Bachelor degree, social sciences/legal studies</CodeText>
      </CodeTextGrp>
    </Code>
    <Code id="urn:ssb:code:stabas:5172482-5176144">
      <CodeValue>29</CodeValue>
      <CodeTextGrp>
        <CodeText xml:lang="nn">Bachelor, økonomiske og administrative fag</CodeText>
        <CodeText xml:lang="nb">Bachelor, økonomiske og administrative fag</CodeText>
        <CodeText xml:lang="en">Bachelor degree, business/administration</CodeText>
      </CodeTextGrp>
    </Code>
    <Code id="urn:ssb:code:stabas:5172482-5176208">
      <CodeValue>30</CodeValue>
      <CodeTextGrp>
        <CodeText xml:lang="nn">Bachelor, naturvitskapelege fag, handverksfag og tekniske fag</CodeText>
        <CodeText xml:lang="nb">Bachelor, naturvitenskapelige fag, håndverksfag og tekniske fag</CodeText>
        <CodeText xml:lang="en">Bachelor degree, natural science/vocational and technical subjects</CodeText>
      </CodeTextGrp>
    </Code>
    <Code id="urn:ssb:code:stabas:5172482-5176316">
      <CodeValue>31</CodeValue>
      <CodeTextGrp>
        <CodeText xml:lang="nn">Utdanning på høgare nivå</CodeText>
        <CodeText xml:lang="nb">Høyere nivås utdanning</CodeText>
        <CodeText xml:lang="en">Postgraduate education</CodeText>
      </CodeTextGrp>
    </Code>
    <Code id="urn:ssb:code:stabas:5172482-5176620">
      <CodeValue>32</CodeValue>
      <CodeTextGrp>
        <CodeText xml:lang="nn">Cand.philol.-utdanning</CodeText>
        <CodeText xml:lang="nb">Cand.philol.-utdanning</CodeText>
        <CodeText xml:lang="en">Graduate degree, philosophy (Cand.philol.)</CodeText>
      </CodeTextGrp>
    </Code>
    <Code id="urn:ssb:code:stabas:5172482-5176770">
      <CodeValue>33</CodeValue>
      <CodeTextGrp>
        <CodeText xml:lang="nn">Cand.polit.-utdanning</CodeText>
        <CodeText xml:lang="nb">Cand.polit.-utdanning</CodeText>
        <CodeText xml:lang="en">Graduate degree, politics (Cand.polit.)</CodeText>
      </CodeTextGrp>
    </Code>
    <Code id="urn:ssb:code:stabas:5172482-5176852">
      <CodeValue>34</CodeValue>
      <CodeTextGrp>
        <CodeText xml:lang="nn">Cand.scient.-/Cand.real.-utdanning</CodeText>
        <CodeText xml:lang="nb">Cand.scient.-/Cand.real.-utdanning</CodeText>
        <CodeText xml:lang="en">Graduate degree, science (Cand.scient./cand.real.)</CodeText>
      </CodeTextGrp>
    </Code>
    <Code id="urn:ssb:code:stabas:5172482-5176958">
      <CodeValue>35</CodeValue>
      <CodeTextGrp>
        <CodeText xml:lang="nn">Cand.jur.-utdanning / Master, rettsvitskap</CodeText>
        <CodeText xml:lang="nb">Cand.jur.-utdanning / Master, rettsvitenskap</CodeText>
        <CodeText xml:lang="en">Graduate degree, law (Cand.jur.) / Master of law</CodeText>
      </CodeTextGrp>
    </Code>
    <Code id="urn:ssb:code:stabas:5172482-5176966">
      <CodeValue>36</CodeValue>
      <CodeTextGrp>
        <CodeText xml:lang="nn">Cand.med.-utdanning</CodeText>
        <CodeText xml:lang="nb">Cand.med.-utdanning</CodeText>
        <CodeText xml:lang="en">Graduate degree, medicine (Cand.med.)</CodeText>
      </CodeTextGrp>
    </Code>
    <Code id="urn:ssb:code:stabas:5172482-5176970">
      <CodeValue>37</CodeValue>
      <CodeTextGrp>
        <CodeText xml:lang="nn">Cand.agric.-utdanning</CodeText>
        <CodeText xml:lang="nb">Cand.agric.-utdanning</CodeText>
        <CodeText xml:lang="en">Graduate degree, agriculture (Cand.agric.)</CodeText>
      </CodeTextGrp>
    </Code>
    <Code id="urn:ssb:code:stabas:5172482-5176998">
      <CodeValue>38</CodeValue>
      <CodeTextGrp>
        <CodeText xml:lang="nn">Cand.musicae.-utdanning</CodeText>
        <CodeText xml:lang="nb">Cand.musicae.-utdanning</CodeText>
        <CodeText xml:lang="en">Graduate degree, music (Cand.musicae.)</CodeText>
      </CodeTextGrp>
    </Code>
    <Code id="urn:ssb:code:stabas:5172482-5177028">
      <CodeValue>39</CodeValue>
      <CodeTextGrp>
        <CodeText xml:lang="nn">Cand.theol.-utdanning</CodeText>
        <CodeText xml:lang="nb">Cand.theol.-utdanning</CodeText>
        <CodeText xml:lang="en">Graduate degree, theology (Cand.theol.)</CodeText>
      </CodeTextGrp>
    </Code>
    <Code id="urn:ssb:code:stabas:5172482-5177034">
      <CodeValue>40</CodeValue>
      <CodeTextGrp>
        <CodeText xml:lang="nn">Cand.san.-utdanning</CodeText>
        <CodeText xml:lang="nb">Cand.san.-utdanning</CodeText>
        <CodeText xml:lang="en">Graduate degree, health services (Cand.san.)</CodeText>
      </CodeTextGrp>
    </Code>
    <Code id="urn:ssb:code:stabas:5172482-5177054">
      <CodeValue>41</CodeValue>
      <CodeTextGrp>
        <CodeText xml:lang="nn">Cand.oecon.-utdanning</CodeText>
        <CodeText xml:lang="nb">Cand.oecon.-utdanning</CodeText>
        <CodeText xml:lang="en">Graduate degree, social economics (Cand.oecon.)</CodeText>
      </CodeTextGrp>
    </Code>
    <Code id="urn:ssb:code:stabas:5172482-5177058">
      <CodeValue>42</CodeValue>
      <CodeTextGrp>
        <CodeText xml:lang="nn">Cand.psychol.-utdanning</CodeText>
        <CodeText xml:lang="nb">Cand.psychol.-utdanning</CodeText>
        <CodeText xml:lang="en">Graduate degree, psychology (Cand.psychol.)</CodeText>
      </CodeTextGrp>
    </Code>
    <Code id="urn:ssb:code:stabas:5172482-5177062">
      <CodeValue>43</CodeValue>
      <CodeTextGrp>
        <CodeText xml:lang="nn">Cand.sociol.-utdanning</CodeText>
        <CodeText xml:lang="nb">Cand.sociol.-utdanning</CodeText>
        <CodeText xml:lang="en">Graduate degree, sociology (Cand.sociol.)</CodeText>
      </CodeTextGrp>
    </Code>
    <Code id="urn:ssb:code:stabas:5172482-5177066">
      <CodeValue>44</CodeValue>
      <CodeTextGrp>
        <CodeText xml:lang="nn">Cand.sosion.-utdanning</CodeText>
        <CodeText xml:lang="nb">Cand.sosion.-utdanning</CodeText>
        <CodeText xml:lang="en">Graduate degree, social work and counselling (Cand.sosion.)</CodeText>
      </CodeTextGrp>
    </Code>
    <Code id="urn:ssb:code:stabas:5172482-5177070">
      <CodeValue>45</CodeValue>
      <CodeTextGrp>
        <CodeText xml:lang="nn">Cand.act.-utdanning</CodeText>
        <CodeText xml:lang="nb">Cand.act.-utdanning</CodeText>
        <CodeText xml:lang="en">Graduate degree, insurance (Cand.act.)</CodeText>
      </CodeTextGrp>
    </Code>
    <Code id="urn:ssb:code:stabas:5172482-5177074">
      <CodeValue>46</CodeValue>
      <CodeTextGrp>
        <CodeText xml:lang="nn">Cand.techn.-utdanning</CodeText>
        <CodeText xml:lang="nb">Cand.techn.-utdanning</CodeText>
        <CodeText xml:lang="en">Graduate degree, science and technology (Cand.techn.)</CodeText>
      </CodeTextGrp>
    </Code>
    <Code id="urn:ssb:code:stabas:5172482-5177078">
      <CodeValue>47</CodeValue>
      <CodeTextGrp>
        <CodeText xml:lang="nn">Cand.pharm.-utdanning / Master, farmasi-utdanning</CodeText>
        <CodeText xml:lang="nb">Cand.pharm.-utdanning / Master, farmasi-utdanning</CodeText>
        <CodeText xml:lang="en">Graduate degree, pharmacy (Cand.pharm.) / Master degree, pharmacy</CodeText>
      </CodeTextGrp>
    </Code>
    <Code id="urn:ssb:code:stabas:5172482-5177086">
      <CodeValue>48</CodeValue>
      <CodeTextGrp>
        <CodeText xml:lang="nn">Cand.med.vet.-utdanning</CodeText>
        <CodeText xml:lang="nb">Cand.med.vet.-utdanning</CodeText>
        <CodeText xml:lang="en">Graduate degree, vetinary science (Cand.med.vet.)</CodeText>
      </CodeTextGrp>
    </Code>
    <Code id="urn:ssb:code:stabas:5172482-5177090">
      <CodeValue>49</CodeValue>
      <CodeTextGrp>
        <CodeText xml:lang="nn">Cand.merc.-utdanning</CodeText>
        <CodeText xml:lang="nb">Cand.merc.-utdanning</CodeText>
        <CodeText xml:lang="en">Graduate degree, business administration / (Cand.merc.)</CodeText>
      </CodeTextGrp>
    </Code>
    <Code id="urn:ssb:code:stabas:5172482-5177098">
      <CodeValue>50</CodeValue>
      <CodeTextGrp>
        <CodeText xml:lang="nn">Cand.odont.-utdanning / Master, odontologi-utdanning</CodeText>
        <CodeText xml:lang="nb">Cand.odont.-utdanning / Master, odontologi-utdanning</CodeText>
        <CodeText xml:lang="en">Graduate degree, dentistry (Cand.odont.) / Master degree, dentistry</CodeText>
      </CodeTextGrp>
    </Code>
    <Code id="urn:ssb:code:stabas:5172482-5177104">
      <CodeValue>51</CodeValue>
      <CodeTextGrp>
        <CodeText xml:lang="nn">Cand.ed.-/cand.paed.-/cand.paed.spec.-utdanning</CodeText>
        <CodeText xml:lang="nb">Cand.ed.-/cand.paed.-/cand.paed.spec.-utdanning</CodeText>
        <CodeText xml:lang="en">Graduate degree, pedagogy (Cand.ed.-/cand.paed./cand.paed.spec.)</CodeText>
      </CodeTextGrp>
    </Code>
    <Code id="urn:ssb:code:stabas:5172482-5177122">
      <CodeValue>52</CodeValue>
      <CodeTextGrp>
        <CodeText xml:lang="nn">Hovudfagskandidat</CodeText>
        <CodeText xml:lang="nb">Hovedfagskandidat</CodeText>
        <CodeText xml:lang="en">Other graduate degree</CodeText>
      </CodeTextGrp>
    </Code>
    <Code id="urn:ssb:code:stabas:5172482-5177194">
      <CodeValue>53</CodeValue>
      <CodeTextGrp>
        <CodeText xml:lang="nn">Magisterutdanning</CodeText>
        <CodeText xml:lang="nb">Magisterutdanning</CodeText>
        <CodeText xml:lang="en">Magister degree</CodeText>
      </CodeTextGrp>
    </Code>
    <Code id="urn:ssb:code:stabas:5172482-5177352">
      <CodeValue>54</CodeValue>
      <CodeTextGrp>
        <CodeText xml:lang="nn">Siviløkonomutdanning, CEMS-master / Siviløkonom-/Master-utdanning</CodeText>
        <CodeText xml:lang="nb">Siviløkonomutdanning, CEMS-master / Siviløkonom-/Master-utdanning</CodeText>
        <CodeText xml:lang="en">Master of business and economics</CodeText>
      </CodeTextGrp>
    </Code>
    <Code id="urn:ssb:code:stabas:5172482-5177360">
      <CodeValue>55</CodeValue>
      <CodeTextGrp>
        <CodeText xml:lang="nn">Sivilingeniørutdanning / Master, teknologifag</CodeText>
        <CodeText xml:lang="nb">Sivilingeniørutdanning / Master, teknologifag</CodeText>
        <CodeText xml:lang="en">Graduate engineering degree / Master, science and technology</CodeText>
      </CodeTextGrp>
    </Code>
    <Code id="urn:ssb:code:stabas:5172482-5177552">
      <CodeValue>56</CodeValue>
      <CodeTextGrp>
        <CodeText xml:lang="nn">Master of Science</CodeText>
        <CodeText xml:lang="nb">Master of Science</CodeText>
        <CodeText xml:lang="en">Master of Science</CodeText>
      </CodeTextGrp>
    </Code>
    <Code id="urn:ssb:code:stabas:5172482-5177632">
      <CodeValue>57</CodeValue>
      <CodeTextGrp>
        <CodeText xml:lang="nn">Master of Philosophy</CodeText>
        <CodeText xml:lang="nb">Master of Philosophy</CodeText>
        <CodeText xml:lang="en">Master of Philosophy</CodeText>
      </CodeTextGrp>
    </Code>
    <Code id="urn:ssb:code:stabas:5172482-5177740">
      <CodeValue>58</CodeValue>
      <CodeTextGrp>
        <CodeText xml:lang="nn">Master of Arts</CodeText>
        <CodeText xml:lang="nb">Master of Arts</CodeText>
        <CodeText xml:lang="en">Master of Arts</CodeText>
      </CodeTextGrp>
    </Code>
    <Code id="urn:ssb:code:stabas:5172482-5177756">
      <CodeValue>59</CodeValue>
      <CodeTextGrp>
        <CodeText xml:lang="nn">Master of International Business</CodeText>
        <CodeText xml:lang="nb">Master of International Business</CodeText>
        <CodeText xml:lang="en">Master of International Business</CodeText>
      </CodeTextGrp>
    </Code>
    <Code id="urn:ssb:code:stabas:5172482-5177760">
      <CodeValue>60</CodeValue>
      <CodeTextGrp>
        <CodeText xml:lang="nn">Master of Business Administration</CodeText>
        <CodeText xml:lang="nb">Master of Business Administration</CodeText>
        <CodeText xml:lang="en">Master of Business Administration</CodeText>
      </CodeTextGrp>
    </Code>
    <Code id="urn:ssb:code:stabas:5172482-5177770">
      <CodeValue>61</CodeValue>
      <CodeTextGrp>
        <CodeText xml:lang="nn">Master of Management</CodeText>
        <CodeText xml:lang="nb">Master of Management</CodeText>
        <CodeText xml:lang="en">Master of Management</CodeText>
      </CodeTextGrp>
    </Code>
    <Code id="urn:ssb:code:stabas:5172482-5177774">
      <CodeValue>62</CodeValue>
      <CodeTextGrp>
        <CodeText xml:lang="nn">Master of Technology Management</CodeText>
        <CodeText xml:lang="nb">Master of Technology Management</CodeText>
        <CodeText xml:lang="en">Master of Technology Management</CodeText>
      </CodeTextGrp>
    </Code>
    <Code id="urn:ssb:code:stabas:5172482-5177778">
      <CodeValue>63</CodeValue>
      <CodeTextGrp>
        <CodeText xml:lang="nn">Andre mastergradsutdanningar</CodeText>
        <CodeText xml:lang="nb">Andre mastergradsutdanninger</CodeText>
        <CodeText xml:lang="en">Other master degrees</CodeText>
      </CodeTextGrp>
    </Code>
    <Code id="urn:ssb:code:stabas:5172482-5177792">
      <CodeValue>64</CodeValue>
      <CodeTextGrp>
        <CodeText xml:lang="nn">Master of Laws</CodeText>
        <CodeText xml:lang="nb">Master of Laws</CodeText>
        <CodeText xml:lang="en">Master of Laws</CodeText>
      </CodeTextGrp>
    </Code>
    <Code id="urn:ssb:code:stabas:5172482-5177800">
      <CodeValue>65</CodeValue>
      <CodeTextGrp>
        <CodeText xml:lang="nn">Anna utdanning på nivå 7, ikkje vidareutdanning/påbygging</CodeText>
        <CodeText xml:lang="nb">Annen utdanning på nivå 7, ikke videreutdanning/påbygging</CodeText>
        <CodeText xml:lang="en">Other postgraduate education, not supplementary education</CodeText>
      </CodeTextGrp>
    </Code>
    <Code id="urn:ssb:code:stabas:5172482-5177864">
      <CodeValue>66</CodeValue>
      <CodeTextGrp>
        <CodeText xml:lang="nn">Vidareutdanningar/påbygging, inntil to år</CodeText>
        <CodeText xml:lang="nb">Videreutdanninger/påbygging, inntil to år</CodeText>
        <CodeText xml:lang="en">Supplementary education, up to two years</CodeText>
      </CodeTextGrp>
    </Code>
    <Code id="urn:ssb:code:stabas:5172482-5177912">
      <CodeValue>67</CodeValue>
      <CodeTextGrp>
        <CodeText xml:lang="nn">Spesialistutdanning for legar</CodeText>
        <CodeText xml:lang="nb">Spesialistutdanning for leger</CodeText>
        <CodeText xml:lang="en">Specialist training for doctors</CodeText>
      </CodeTextGrp>
    </Code>
    <Code id="urn:ssb:code:stabas:5172482-5178000">
      <CodeValue>68</CodeValue>
      <CodeTextGrp>
        <CodeText xml:lang="nn">Vidareutdanning for sjukepleiarar på nivå 7</CodeText>
        <CodeText xml:lang="nb">Videreutdanning for sykepleiere på nivå 7</CodeText>
        <CodeText xml:lang="en">Supplementary education for nurses at level 7</CodeText>
      </CodeTextGrp>
    </Code>
    <Code id="urn:ssb:code:stabas:5172482-5178004">
      <CodeValue>69</CodeValue>
      <CodeTextGrp>
        <CodeText xml:lang="nn">Master, eittårig, lågare nivå</CodeText>
        <CodeText xml:lang="nb">Master, ettårig, lavere nivå</CodeText>
        <CodeText xml:lang="en">Master degree, one-year, lower level</CodeText>
      </CodeTextGrp>
    </Code>
    <Code id="urn:ssb:code:stabas:5172482-5178012">
      <CodeValue>70</CodeValue>
      <CodeTextGrp>
        <CodeText xml:lang="nn">Ph.d.</CodeText>
        <CodeText xml:lang="nb">Ph.d.</CodeText>
        <CodeText xml:lang="en">Ph.d</CodeText>
      </CodeTextGrp>
    </Code>
    <Code id="urn:ssb:code:stabas:5172482-5178164">
      <CodeValue>72</CodeValue>
      <CodeTextGrp>
        <CodeText xml:lang="nn">Master, humanistiske og estetiske fag</CodeText>
        <CodeText xml:lang="nb">Master, humanistiske og estetiske fag</CodeText>
        <CodeText xml:lang="en">Master, humanities/arts</CodeText>
      </CodeTextGrp>
    </Code>
    <Code id="urn:ssb:code:stabas:5172482-5178344">
      <CodeValue>73</CodeValue>
      <CodeTextGrp>
        <CodeText xml:lang="nn">Master, lærarutdanningar og utdanningar i pedagogikk</CodeText>
        <CodeText xml:lang="nb">Master, lærerutdanninger og utdanninger i pedagogikk</CodeText>
        <CodeText xml:lang="en">Master, teacher training and pedagogy</CodeText>
      </CodeTextGrp>
    </Code>
    <Code id="urn:ssb:code:stabas:5172482-5178400">
      <CodeValue>74</CodeValue>
      <CodeTextGrp>
        <CodeText xml:lang="nn">Master, samfunnsfag og juridiske fag</CodeText>
        <CodeText xml:lang="nb">Master, samfunnsfag og juridiske fag</CodeText>
        <CodeText xml:lang="en">Master, social sciences/legal studies</CodeText>
      </CodeTextGrp>
    </Code>
    <Code id="urn:ssb:code:stabas:5172482-5178484">
      <CodeValue>75</CodeValue>
      <CodeTextGrp>
        <CodeText xml:lang="nn">Master, økonomiske og administrative fag</CodeText>
        <CodeText xml:lang="nb">Master, økonomiske og administrative fag</CodeText>
        <CodeText xml:lang="en">Master, business/administration</CodeText>
      </CodeTextGrp>
    </Code>
    <Code id="urn:ssb:code:stabas:5172482-5178532">
      <CodeValue>76</CodeValue>
      <CodeTextGrp>
        <CodeText xml:lang="nn">Master, naturvitskapelege fag, handverksfag og tekniske fag</CodeText>
        <CodeText xml:lang="nb">Master, naturvitenskapelige fag, håndverksfag og tekniske fag</CodeText>
        <CodeText xml:lang="en">Master, natural science/vocational and technical subjects</CodeText>
      </CodeTextGrp>
    </Code>
    <Code id="urn:ssb:code:stabas:5172482-5178660">
      <CodeValue>77</CodeValue>
      <CodeTextGrp>
        <CodeText xml:lang="nn">Master, helse-, sosial- og idrettsfag</CodeText>
        <CodeText xml:lang="nb">Master, helse-, sosial- og idrettsfag</CodeText>
        <CodeText xml:lang="en">Master, health/welfare/sport</CodeText>
      </CodeTextGrp>
    </Code>
    <Code id="urn:ssb:code:stabas:5172482-5178734">
      <CodeValue>78</CodeValue>
      <CodeTextGrp>
        <CodeText xml:lang="nn">Master, samferdsels- og tryggleiksfag</CodeText>
        <CodeText xml:lang="nb">Master, primærnæringsfag</CodeText>
        <CodeText xml:lang="en">Master, primary industries</CodeText>
      </CodeTextGrp>
    </Code>
    <Code id="urn:ssb:code:stabas:5172482-5178762">
      <CodeValue>79</CodeValue>
      <CodeTextGrp>
        <CodeText xml:lang="nn">Master, samferdsels- og tryggleiksfag og andre servicefag</CodeText>
        <CodeText xml:lang="nb">Master, samferdsels- og sikkerhetsfag og andre servicefag</CodeText>
        <CodeText xml:lang="en">Master, transport/communication/safety and security/other services</CodeText>
      </CodeTextGrp>
    </Code>
    <Code id="urn:ssb:code:stabas:5172482-5178772">
      <CodeValue>81</CodeValue>
      <CodeTextGrp>
        <CodeText xml:lang="nn">Dr.philos.</CodeText>
        <CodeText xml:lang="nb">Dr.philos.</CodeText>
        <CodeText xml:lang="en">Ph.d., Philosophy (Dr.philos.)</CodeText>
      </CodeTextGrp>
    </Code>
    <Code id="urn:ssb:code:stabas:5172482-5178844">
      <CodeValue>82</CodeValue>
      <CodeTextGrp>
        <CodeText xml:lang="nn">Dr.polit.</CodeText>
        <CodeText xml:lang="nb">Dr.polit.</CodeText>
        <CodeText xml:lang="en">Ph.d., Politics (Dr.polit.)</CodeText>
      </CodeTextGrp>
    </Code>
    <Code id="urn:ssb:code:stabas:5172482-5178892">
      <CodeValue>83</CodeValue>
      <CodeTextGrp>
        <CodeText xml:lang="nn">Dr.scient.</CodeText>
        <CodeText xml:lang="nb">Dr.scient.</CodeText>
        <CodeText xml:lang="en">Ph.d., Science (Dr.scient.)</CodeText>
      </CodeTextGrp>
    </Code>
    <Code id="urn:ssb:code:stabas:5172482-5178960">
      <CodeValue>84</CodeValue>
      <CodeTextGrp>
        <CodeText xml:lang="nn">Dr.juris./dr.legis.</CodeText>
        <CodeText xml:lang="nb">Dr.juris./dr.legis.</CodeText>
        <CodeText xml:lang="en">Ph.d., Law (Dr.juris./dr.legis.)</CodeText>
      </CodeTextGrp>
    </Code>
    <Code id="urn:ssb:code:stabas:5172482-5178966">
      <CodeValue>85</CodeValue>
      <CodeTextGrp>
        <CodeText xml:lang="nn">Dr.med.</CodeText>
        <CodeText xml:lang="nb">Dr.med.</CodeText>
        <CodeText xml:lang="en">Ph.d., Medicine (Dr.med.)</CodeText>
      </CodeTextGrp>
    </Code>
    <Code id="urn:ssb:code:stabas:5172482-5178970">
      <CodeValue>86</CodeValue>
      <CodeTextGrp>
        <CodeText xml:lang="nn">Dr.theol.</CodeText>
        <CodeText xml:lang="nb">Dr.theol.</CodeText>
        <CodeText xml:lang="en">Ph.d., Theology (Dr.theol.)</CodeText>
      </CodeTextGrp>
    </Code>
    <Code id="urn:ssb:code:stabas:5172482-5178974">
      <CodeValue>87</CodeValue>
      <CodeTextGrp>
        <CodeText xml:lang="nn">Dr.techn.</CodeText>
        <CodeText xml:lang="nb">Dr.techn.</CodeText>
        <CodeText xml:lang="en">Ph.d., Science and Technology (Dr.techn.)</CodeText>
      </CodeTextGrp>
    </Code>
    <Code id="urn:ssb:code:stabas:5172482-5178988">
      <CodeValue>88</CodeValue>
      <CodeTextGrp>
        <CodeText xml:lang="nn">Dr.odont.</CodeText>
        <CodeText xml:lang="nb">Dr.odont.</CodeText>
        <CodeText xml:lang="en">Ph.d., Dentistry (Dr.odont.)</CodeText>
      </CodeTextGrp>
    </Code>
    <Code id="urn:ssb:code:stabas:5172482-5178992">
      <CodeValue>89</CodeValue>
      <CodeTextGrp>
        <CodeText xml:lang="nn">Dr.med.vet.</CodeText>
        <CodeText xml:lang="nb">Dr.med.vet.</CodeText>
        <CodeText xml:lang="en">Ph.d., Vetinary Science (Dr.med.vet.)</CodeText>
      </CodeTextGrp>
    </Code>
    <Code id="urn:ssb:code:stabas:5172482-5178996">
      <CodeValue>90</CodeValue>
      <CodeTextGrp>
        <CodeText xml:lang="nn">Dr.agric.</CodeText>
        <CodeText xml:lang="nb">Dr.agric.</CodeText>
        <CodeText xml:lang="en">Ph.d., Agriculture (Dr.agric.)</CodeText>
      </CodeTextGrp>
    </Code>
    <Code id="urn:ssb:code:stabas:5172482-5179008">
      <CodeValue>91</CodeValue>
      <CodeTextGrp>
        <CodeText xml:lang="nn">Dr.oecon.</CodeText>
        <CodeText xml:lang="nb">Dr.oecon.</CodeText>
        <CodeText xml:lang="en">Ph.d., Social Economics (Dr.oecon.)</CodeText>
      </CodeTextGrp>
    </Code>
    <Code id="urn:ssb:code:stabas:5172482-5179016">
      <CodeValue>92</CodeValue>
      <CodeTextGrp>
        <CodeText xml:lang="nn">Dr.ing.</CodeText>
        <CodeText xml:lang="nb">Dr.ing.</CodeText>
        <CodeText xml:lang="en">Ph.d., Engineering (Dr.ing.)</CodeText>
      </CodeTextGrp>
    </Code>
    <Code id="urn:ssb:code:stabas:5172482-5179044">
      <CodeValue>93</CodeValue>
      <CodeTextGrp>
        <CodeText xml:lang="nn">Dr.art.</CodeText>
        <CodeText xml:lang="nb">Dr.art.</CodeText>
        <CodeText xml:lang="en">Ph.d., Arts (Dr.art.)</CodeText>
      </CodeTextGrp>
    </Code>
    <Code id="urn:ssb:code:stabas:5172482-5179082">
      <CodeValue>94</CodeValue>
      <CodeTextGrp>
        <CodeText xml:lang="nn">Dr.psychol.</CodeText>
        <CodeText xml:lang="nb">Dr.psychol.</CodeText>
        <CodeText xml:lang="en">Ph.d., Psychology (Dr.psychol.)</CodeText>
      </CodeTextGrp>
    </Code>
    <Code id="urn:ssb:code:stabas:5172482-5179086">
      <CodeValue>95</CodeValue>
      <CodeTextGrp>
        <CodeText xml:lang="nn">Andre forskarutdanningar (lisensiatar)</CodeText>
        <CodeText xml:lang="nb">Andre forskerutdanninger (lisensiater)</CodeText>
        <CodeText xml:lang="en">Other doctoral degrees</CodeText>
      </CodeTextGrp>
    </Code>
    <Code id="urn:ssb:code:stabas:5172482-5179482">
      <CodeValue>96</CodeValue>
      <CodeTextGrp>
        <CodeText xml:lang="nn">Bachelor, helse-, sosial- og idrettsfag</CodeText>
        <CodeText xml:lang="nb">Bachelor, helse-, sosial- og idrettsfag</CodeText>
        <CodeText xml:lang="en">Bachelor degree, health/welfare/sport</CodeText>
      </CodeTextGrp>
    </Code>
    <Code id="urn:ssb:code:stabas:5172482-5179508">
      <CodeValue>97</CodeValue>
      <CodeTextGrp>
        <CodeText xml:lang="nn">Bachelor, primærnæringsfag</CodeText>
        <CodeText xml:lang="nb">Bachelor, primærnæringsfag</CodeText>
        <CodeText xml:lang="en">Bachelor degree, primary industries</CodeText>
      </CodeTextGrp>
    </Code>
    <Code id="urn:ssb:code:stabas:5172482-5179536">
      <CodeValue>98</CodeValue>
      <CodeTextGrp>
        <CodeText xml:lang="nn">Bachelor, samferdsels- og tryggleiksfag og andre servicefag</CodeText>
        <CodeText xml:lang="nb">Bachelor, samferdsels- og sikkerhetsfag og andre servicefag</CodeText>
        <CodeText xml:lang="en">Bachelor degree, transport/communication/safety and security/other services</CodeText>
      </CodeTextGrp>
    </Code>
    <Code id="urn:ssb:code:stabas:5172482-5179554">
      <CodeValue>99</CodeValue>
      <CodeTextGrp>
        <CodeText xml:lang="nn">Bachelor, uoppgitt fagfelt</CodeText>
        <CodeText xml:lang="nb">Bachelor, uoppgitt fagfelt</CodeText>
        <CodeText xml:lang="en">Bachelor degree, unknown area of study</CodeText>
      </CodeTextGrp>
    </Code>
  </Codes>
</Codelist>