<?xml version="1.0" encoding="utf-8"?>
<Codelist xmlns:xsi="http://www.w3.org/2001/XMLSchema-instance" xmlns:xsd="http://www.w3.org/2001/XMLSchema" id="urn:ssb:codelist:stabas:5218008" defaultValidFrom="2004-07-01" lastChangedDate="2012-10-24" parentCodelistId="urn:ssb:codelist:stabas:5218006" isCurrent="true" relationId="urn:ssb:classversion:stabas:5218002" xmlns="http://www.ssb.no/ns/meta/codelist">
  <CodelistMeta>
    <TitleGrp>
      <Title xml:lang="nn">Standard for førarkortklasse 2004: Nivå 2</Title>
      <Title xml:lang="nb">Standard for førerkortklasse 2004: Nivå 2</Title>
      <Title xml:lang="en">Classification of driving licence class 2004: Level 2</Title>
    </TitleGrp>
    <DescriptionGrp>
      <Description xml:lang="nn">Den som skal føre motorvogn i Noreg må ha gyldig norsk førarkort i vedkomande klasse eller gyldig utanlandsk førarkort som vert godkjent etter visse reglar i førarkortforskriften av 19. januar 2004, nr. 298. Førarkortklassane A til D er internasjonale, medan dei resterande er nasjonale førarkortklassar.</Description>
      <Description xml:lang="nb">Den som skal føre motorvogn i Norge må ha gyldig norsk førerkort i vedkommende klasse eller gyldig utenlandsk førerkort som anerkjennes etter visse regler i førerkortforskiften av 19. januar 2004, nr. 298. Førerkortklassene A til D er internasjonale, mens de resterende er nasjonale førerkortklasser.</Description>
      <Description xml:lang="en">Driver of motor vehicles in Norway must have valid Norwegian driving licence in the relevant class or valid international driving licence approved in accordance with certain rules in the driving licence regulation of 19 January 2004, no. 298. The driving licence classes A to D are international, while the remaining classes are national.</Description>
    </DescriptionGrp>
    <ContactInformation>
      <Person xmlns="http://www.ssb.no/ns/meta/common">aww</Person>
      <Division xmlns="http://www.ssb.no/ns/meta/common">440</Division>
    </ContactInformation>
    <NoteGrp>
      <Note xml:lang="nn">Ikkje relevant</Note>
      <Note xml:lang="nb">Ikke relevant</Note>
      <Note xml:lang="en">Not relevant</Note>
    </NoteGrp>
  </CodelistMeta>
  <Codes>
    <Code id="urn:ssb:code:stabas:5218008-5218014" parentCodeId="urn:ssb:code:stabas:5218006-5218012">
      <CodeValue>A1</CodeValue>
      <CodeTextGrp>
        <CodeText xml:lang="nn">Lett motorsykkel</CodeText>
        <CodeText xml:lang="nb">Lett motorsykkel</CodeText>
        <CodeText xml:lang="en">Light motor cycles</CodeText>
      </CodeTextGrp>
      <DescriptionGrp>
        <Description xml:lang="nn">Med eller utan sidevogn, samt beltemotorsykkel</Description>
        <Description xml:lang="nb">Med eller uten sidevogn, samt beltemotorsykkel</Description>
        <Description xml:lang="en">With or without sidecar, including snow scooter</Description>
      </DescriptionGrp>
    </Code>
    <Code id="urn:ssb:code:stabas:5218008-5218018" parentCodeId="urn:ssb:code:stabas:5218006-5218016">
      <CodeValue>BE</CodeValue>
      <CodeTextGrp>
        <CodeText xml:lang="nn">Tilhengjar til klasse B</CodeText>
        <CodeText xml:lang="nb">Tilhenger til klasse B</CodeText>
        <CodeText xml:lang="en">Trailer connected to class B</CodeText>
      </CodeTextGrp>
      <DescriptionGrp>
        <Description xml:lang="nn">Som B, men med tilhengjar med ei tillete totalvekt over 750 kg. Er vanlegvis ikkje naudsynt for personbil</Description>
        <Description xml:lang="nb">Som B, men med tilhenger med tillatt totalvekt over 750 kg. Trengs vanligvis ikke for personbil</Description>
        <Description xml:lang="en">See class B, but with trailer with a permissable laden weight more than 750 kg. Are not usually necessary for passenger cars</Description>
      </DescriptionGrp>
    </Code>
    <Code id="urn:ssb:code:stabas:5218008-5218026" parentCodeId="urn:ssb:code:stabas:5218006-5218020">
      <CodeValue>CE</CodeValue>
      <CodeTextGrp>
        <CodeText xml:lang="nn">Tilhengjar til klasse C</CodeText>
        <CodeText xml:lang="nb">Tilhenger til klasse C</CodeText>
        <CodeText xml:lang="en">Trailer connected to class C</CodeText>
      </CodeTextGrp>
    </Code>
    <Code id="urn:ssb:code:stabas:5218008-5218022" parentCodeId="urn:ssb:code:stabas:5218006-5218020">
      <CodeValue>C1</CodeValue>
      <CodeTextGrp>
        <CodeText xml:lang="nn">Lett lastebil</CodeText>
        <CodeText xml:lang="nb">Lett lastebil</CodeText>
        <CodeText xml:lang="en">Light goods vehicle</CodeText>
      </CodeTextGrp>
      <DescriptionGrp>
        <Description xml:lang="nn">Tillete totalvekt over 3500 kg, men ikkje over 7500 kg</Description>
        <Description xml:lang="nb">Tillatt totalvekt over 3500 kg, men ikke over 7500 kg</Description>
        <Description xml:lang="en">Maximum permissable laden weight more than 3500 kg, but not more than 7500 kg</Description>
      </DescriptionGrp>
    </Code>
    <Code id="urn:ssb:code:stabas:5218008-5218034" parentCodeId="urn:ssb:code:stabas:5218006-5218028">
      <CodeValue>DE</CodeValue>
      <CodeTextGrp>
        <CodeText xml:lang="nn">Tilhengjar til klasse D</CodeText>
        <CodeText xml:lang="nb">Tilhenger til klasse D</CodeText>
        <CodeText xml:lang="en">Trailer connected to class D</CodeText>
      </CodeTextGrp>
    </Code>
    <Code id="urn:ssb:code:stabas:5218008-5218030" parentCodeId="urn:ssb:code:stabas:5218006-5218028">
      <CodeValue>D1</CodeValue>
      <CodeTextGrp>
        <CodeText xml:lang="nn">Minibuss</CodeText>
        <CodeText xml:lang="nb">Minibuss</CodeText>
        <CodeText xml:lang="en">Minibus</CodeText>
      </CodeTextGrp>
      <DescriptionGrp>
        <Description xml:lang="nn">Gjeld for buss som er registrert for ikkje fleire enn 16 passasjerplassar</Description>
        <Description xml:lang="nb">Gjelder for buss som er registrert for ikke flere enn 16 passasjerplasser</Description>
        <Description xml:lang="en">Applies bus not registered for more than 16 passenger seats</Description>
      </DescriptionGrp>
    </Code>
  </Codes>
</Codelist>