<?xml version="1.0" encoding="utf-8"?>
<Codelist xmlns:xsi="http://www.w3.org/2001/XMLSchema-instance" xmlns:xsd="http://www.w3.org/2001/XMLSchema" id="urn:ssb:codelist:stabas:5218010" defaultValidFrom="2004-07-01" lastChangedDate="2012-10-24" parentCodelistId="urn:ssb:codelist:stabas:5218008" isCurrent="true" relationId="urn:ssb:classversion:stabas:5218002" xmlns="http://www.ssb.no/ns/meta/codelist">
  <CodelistMeta>
    <TitleGrp>
      <Title xml:lang="nn">Standard for førarkortklasse 2004: Nivå 3</Title>
      <Title xml:lang="nb">Standard for førerkortklasse 2004: Nivå 3</Title>
      <Title xml:lang="en">Classification of driving licence class 2004: Level 3</Title>
    </TitleGrp>
    <DescriptionGrp>
      <Description xml:lang="nn">Den som skal føre motorvogn i Noreg må ha gyldig norsk førarkort i vedkomande klasse eller gyldig utanlandsk førarkort som vert godkjent etter visse reglar i førarkortforskriften av 19. januar 2004, nr. 298. Førarkortklassane A til D er internasjonale, medan dei resterande er nasjonale førarkortklassar.</Description>
      <Description xml:lang="nb">Den som skal føre motorvogn i Norge må ha gyldig norsk førerkort i vedkommende klasse eller gyldig utenlandsk førerkort som anerkjennes etter visse regler i førerkortforskiften av 19. januar 2004, nr. 298. Førerkortklassene A til D er internasjonale, mens de resterende er nasjonale førerkortklasser.</Description>
      <Description xml:lang="en">Driver of motor vehicles in Norway must have valid Norwegian driving licence in the relevant class or valid international driving licence approved in accordance with certain rules in the driving licence regulation of 19 January 2004, no. 298. The driving licence classes A to D are international, while the remaining classes are national.</Description>
    </DescriptionGrp>
    <ContactInformation>
      <Person xmlns="http://www.ssb.no/ns/meta/common">aww</Person>
      <Division xmlns="http://www.ssb.no/ns/meta/common">440</Division>
    </ContactInformation>
    <NoteGrp>
      <Note xml:lang="nn">Ikkje relevant</Note>
      <Note xml:lang="nb">Ikke relevant</Note>
      <Note xml:lang="en">Not relevant</Note>
    </NoteGrp>
  </CodelistMeta>
  <Codes>
    <Code id="urn:ssb:code:stabas:5218010-5218024" parentCodeId="urn:ssb:code:stabas:5218008-5218022">
      <CodeValue>C1E</CodeValue>
      <CodeTextGrp>
        <CodeText xml:lang="nn">Tilhengjar til klasse C1</CodeText>
        <CodeText xml:lang="nb">Tilhenger til klasse C1</CodeText>
        <CodeText xml:lang="en">Trailer connected to class C1</CodeText>
      </CodeTextGrp>
      <DescriptionGrp>
        <Description xml:lang="nn">Vogntog som er samansett av trekkvogn i klasse C1 og ein tilhengjar med tillete totalvekt over 750 kg, gjeve att tillete totalvekt for vogntoget ikkje overstig 12000 kg og at totalvekta til tilhengjaren ikkje overstig eigenvekta til trekkvogna</Description>
        <Description xml:lang="nb">Vogntog bestående av trekkvogn i klasse C1 og en tilhenger med tillatt totalvekt over 750 kg, forutsatt at tillatt totalvekt for vogntoget ikke overstiger 12000 kg og at tilhengerens tillatte totalvekt ikke overstiger trekkvognens egenvekt</Description>
        <Description xml:lang="en">Road train composed of tractor for semi-trailer in class C1 including a trailer with a permissable laden weight more than  750 kg, if the permissable laden weight for the road train is not exceeding 12000 kg and supposed that the laden weight of the trailer is not exceeding the unladen weight of the tractor for semi-trailer</Description>
      </DescriptionGrp>
    </Code>
    <Code id="urn:ssb:code:stabas:5218010-5218032" parentCodeId="urn:ssb:code:stabas:5218008-5218030">
      <CodeValue>D1E</CodeValue>
      <CodeTextGrp>
        <CodeText xml:lang="nn">Tilhengjar til klasse D1</CodeText>
        <CodeText xml:lang="nb">Tilhenger til klasse D1</CodeText>
        <CodeText xml:lang="en">Trailer connected to class D1</CodeText>
      </CodeTextGrp>
    </Code>
  </Codes>
</Codelist>