<?xml version="1.0" encoding="utf-8"?>
<Codelist xmlns:xsi="http://www.w3.org/2001/XMLSchema-instance" xmlns:xsd="http://www.w3.org/2001/XMLSchema" id="urn:ssb:codelist:stabas:5276128" lastChangedDate="2011-09-08" isCurrent="true" relationId="urn:ssb:classversion:stabas:5276126" xmlns="http://www.ssb.no/ns/meta/codelist">
  <CodelistMeta>
    <TitleGrp>
      <Title xml:lang="nn">Klassifisering av aktivitet på skadestad 1996: Innanfor/utanfor inntektsgjevande arbeid</Title>
      <Title xml:lang="nb">Klassifisering av aktivitet på skadested 1996: Innenfor/utenfor inntektsgivende arbeid</Title>
      <Title xml:lang="en">Classification of activity at place of death 1996: Income producing activity/unpaid activity</Title>
    </TitleGrp>
    <DescriptionGrp>
      <Description xml:lang="nn">Klassifiseringa vert brukt i samband med koding av dødsårsak.</Description>
      <Description xml:lang="nb">Klassifiseringen brukes i forbindelse med koding av dødsårsak.</Description>
      <Description xml:lang="en">The classification is used when coding causes of death.</Description>
    </DescriptionGrp>
    <ContactInformation>
      <Person xmlns="http://www.ssb.no/ns/meta/common">mwa</Person>
      <Division xmlns="http://www.ssb.no/ns/meta/common">330</Division>
    </ContactInformation>
    <NoteGrp>
      <Note xml:lang="nn">Ikkje relevant</Note>
      <Note xml:lang="nb">Ikke relevant</Note>
      <Note xml:lang="en">Not relevant</Note>
    </NoteGrp>
  </CodelistMeta>
  <Codes>
    <Code id="urn:ssb:code:stabas:5276128-5276132">
      <CodeValue>1</CodeValue>
      <CodeTextGrp>
        <CodeText xml:lang="nn">Inntektsgjevande arbeid</CodeText>
        <CodeText xml:lang="nb">Inntektsgivende arbeid</CodeText>
        <CodeText xml:lang="en">Income producing activity</CodeText>
      </CodeTextGrp>
    </Code>
    <Code id="urn:ssb:code:stabas:5276128-5276136">
      <CodeValue>2</CodeValue>
      <CodeTextGrp>
        <CodeText xml:lang="nn">Utanfor inntektsgjevande arbeid</CodeText>
        <CodeText xml:lang="nb">Utenfor inntektsgivende arbeid</CodeText>
        <CodeText xml:lang="en">Unpaid activity</CodeText>
      </CodeTextGrp>
    </Code>
  </Codes>
</Codelist>