<?xml version="1.0" encoding="utf-8"?>
<Codelist xmlns:xsi="http://www.w3.org/2001/XMLSchema-instance" xmlns:xsd="http://www.w3.org/2001/XMLSchema" id="urn:ssb:codelist:stabas:5276130" lastChangedDate="2011-09-08" parentCodelistId="urn:ssb:codelist:stabas:5276128" isCurrent="true" relationId="urn:ssb:classversion:stabas:5276126" xmlns="http://www.ssb.no/ns/meta/codelist">
  <CodelistMeta>
    <TitleGrp>
      <Title xml:lang="nn">Klassifisering av aktivitet på skadestad 1996: Aktivitet</Title>
      <Title xml:lang="nb">Klassifisering av aktivitet på skadested 1996: AKtivitet</Title>
      <Title xml:lang="en">Classification of activity at place of death 1996: Activity</Title>
    </TitleGrp>
    <DescriptionGrp>
      <Description xml:lang="nn">Klassifiseringa vert brukt i samband med koding av dødsårsak.</Description>
      <Description xml:lang="nb">Klassifiseringen brukes i forbindelse med koding av dødsårsak.</Description>
      <Description xml:lang="en">The classification is used when coding causes of death.</Description>
    </DescriptionGrp>
    <ContactInformation>
      <Person xmlns="http://www.ssb.no/ns/meta/common">mwa</Person>
      <Division xmlns="http://www.ssb.no/ns/meta/common">330</Division>
    </ContactInformation>
    <NoteGrp>
      <Note xml:lang="nn">Ikkje relevant</Note>
      <Note xml:lang="nb">Ikke relevant</Note>
      <Note xml:lang="en">Not relevant</Note>
    </NoteGrp>
  </CodelistMeta>
  <Codes>
    <Code id="urn:ssb:code:stabas:5276130-5276138" parentCodeId="urn:ssb:code:stabas:5276128-5276132">
      <CodeValue>a</CodeValue>
      <CodeTextGrp>
        <CodeText xml:lang="nn">Industri, bergverk, olje, gass </CodeText>
        <CodeText xml:lang="nb">Industri, bergverk, olje, gass</CodeText>
        <CodeText xml:lang="en">Industry, mining, oil and gas</CodeText>
      </CodeTextGrp>
    </Code>
    <Code id="urn:ssb:code:stabas:5276130-5276140" parentCodeId="urn:ssb:code:stabas:5276128-5276132">
      <CodeValue>b</CodeValue>
      <CodeTextGrp>
        <CodeText xml:lang="nn">Bygg  og anlegg </CodeText>
        <CodeText xml:lang="nb">Bygg  og anlegg</CodeText>
        <CodeText xml:lang="en">Construction</CodeText>
      </CodeTextGrp>
    </Code>
    <Code id="urn:ssb:code:stabas:5276130-5276142" parentCodeId="urn:ssb:code:stabas:5276128-5276132">
      <CodeValue>c</CodeValue>
      <CodeTextGrp>
        <CodeText xml:lang="nn">All verksemd knytta til olje-/gassutvinning på norsk kontinentalsokkel</CodeText>
        <CodeText xml:lang="nb">All virksomhet knyttet til olje-/gassutvinning på norsk kontinentalsokkel</CodeText>
        <CodeText xml:lang="en">All activities related to extraction of petroleum and gas at the Norwegian continental shelf.</CodeText>
      </CodeTextGrp>
    </Code>
    <Code id="urn:ssb:code:stabas:5276130-5276144" parentCodeId="urn:ssb:code:stabas:5276128-5276132">
      <CodeValue>d</CodeValue>
      <CodeTextGrp>
        <CodeText xml:lang="nn">Jordbruk og skogbruk </CodeText>
        <CodeText xml:lang="nb">Jordbruk og skogbruk</CodeText>
        <CodeText xml:lang="en">Farming and forestry</CodeText>
      </CodeTextGrp>
    </Code>
    <Code id="urn:ssb:code:stabas:5276130-5276146" parentCodeId="urn:ssb:code:stabas:5276128-5276132">
      <CodeValue>e</CodeValue>
      <CodeTextGrp>
        <CodeText xml:lang="nn">Fiske og fangst </CodeText>
        <CodeText xml:lang="nb">Fiske og fangst</CodeText>
        <CodeText xml:lang="en">Fishing and hunting</CodeText>
      </CodeTextGrp>
    </Code>
    <Code id="urn:ssb:code:stabas:5276130-5276148" parentCodeId="urn:ssb:code:stabas:5276128-5276132">
      <CodeValue>f</CodeValue>
      <CodeTextGrp>
        <CodeText xml:lang="nn">Det militære/Forsvaret </CodeText>
        <CodeText xml:lang="nb">Det militære/Forsvaret</CodeText>
        <CodeText xml:lang="en">Defence activities</CodeText>
      </CodeTextGrp>
    </Code>
    <Code id="urn:ssb:code:stabas:5276130-5276150" parentCodeId="urn:ssb:code:stabas:5276128-5276132">
      <CodeValue>g</CodeValue>
      <CodeTextGrp>
        <CodeText xml:lang="nn">Politi og fengselsvesen </CodeText>
        <CodeText xml:lang="nb">Politi og fengselsvesen</CodeText>
        <CodeText xml:lang="en">Police and prison service</CodeText>
      </CodeTextGrp>
    </Code>
    <Code id="urn:ssb:code:stabas:5276130-5276152" parentCodeId="urn:ssb:code:stabas:5276128-5276132">
      <CodeValue>h</CodeValue>
      <CodeTextGrp>
        <CodeText xml:lang="nn">Anna næring</CodeText>
        <CodeText xml:lang="nb">Annen næring</CodeText>
        <CodeText xml:lang="en">Other trade, business</CodeText>
      </CodeTextGrp>
    </Code>
    <Code id="urn:ssb:code:stabas:5276130-5276154" parentCodeId="urn:ssb:code:stabas:5276128-5276132">
      <CodeValue>i</CodeValue>
      <CodeTextGrp>
        <CodeText xml:lang="nn">Ikkje spesifisert næring</CodeText>
        <CodeText xml:lang="nb">Uoppgitt næring</CodeText>
        <CodeText xml:lang="en">Trade unknown</CodeText>
      </CodeTextGrp>
    </Code>
    <Code id="urn:ssb:code:stabas:5276130-5276156" parentCodeId="urn:ssb:code:stabas:5276128-5276136">
      <CodeValue>j</CodeValue>
      <CodeTextGrp>
        <CodeText xml:lang="nn">Utdanning </CodeText>
        <CodeText xml:lang="nb">Utdanning</CodeText>
        <CodeText xml:lang="en">Education</CodeText>
      </CodeTextGrp>
    </Code>
    <Code id="urn:ssb:code:stabas:5276130-5276158" parentCodeId="urn:ssb:code:stabas:5276128-5276136">
      <CodeValue>k</CodeValue>
      <CodeTextGrp>
        <CodeText xml:lang="nn">Verneplikt, militær- eller sivilteneste</CodeText>
        <CodeText xml:lang="nb">Verneplikt, militær- eller siviltjeneste</CodeText>
        <CodeText xml:lang="en">Military service</CodeText>
      </CodeTextGrp>
    </Code>
    <Code id="urn:ssb:code:stabas:5276130-5276160" parentCodeId="urn:ssb:code:stabas:5276128-5276136">
      <CodeValue>m</CodeValue>
      <CodeTextGrp>
        <CodeText xml:lang="nn">Idrett, sport og mosjon innafor verneplikt, militær- eller sivilteneste</CodeText>
        <CodeText xml:lang="nb">Idrett, sport og mosjon innenfor verneplikt, militær- eller siviltjeneste</CodeText>
        <CodeText xml:lang="en">Athletic sports in education/military service</CodeText>
      </CodeTextGrp>
    </Code>
    <Code id="urn:ssb:code:stabas:5276130-5276162" parentCodeId="urn:ssb:code:stabas:5276128-5276136">
      <CodeValue>p</CodeValue>
      <CodeTextGrp>
        <CodeText xml:lang="nn">Annen idrett, sport og mosjon </CodeText>
        <CodeText xml:lang="nb">Annen idrett, sport og mosjon</CodeText>
        <CodeText xml:lang="en">Other sport and exercise</CodeText>
      </CodeTextGrp>
    </Code>
    <Code id="urn:ssb:code:stabas:5276130-5276164" parentCodeId="urn:ssb:code:stabas:5276128-5276136">
      <CodeValue>r</CodeValue>
      <CodeTextGrp>
        <CodeText xml:lang="nn">Annan aktivitet</CodeText>
        <CodeText xml:lang="nb">Annen aktivitet</CodeText>
        <CodeText xml:lang="en">Other activity</CodeText>
      </CodeTextGrp>
    </Code>
    <Code id="urn:ssb:code:stabas:5276130-5276166" parentCodeId="urn:ssb:code:stabas:5276128-5276136">
      <CodeValue>y</CodeValue>
      <CodeTextGrp>
        <CodeText xml:lang="nn">Ikkje spesifisert aktivitet</CodeText>
        <CodeText xml:lang="nb">Uoppgitt aktivitet</CodeText>
        <CodeText xml:lang="en">Unknown activity</CodeText>
      </CodeTextGrp>
    </Code>
  </Codes>
</Codelist>