<?xml version="1.0" encoding="utf-8"?>
<Codelist xmlns:xsi="http://www.w3.org/2001/XMLSchema-instance" xmlns:xsd="http://www.w3.org/2001/XMLSchema" id="urn:ssb:codelist:stabas:5285605" defaultValidFrom="2008-01-01" lastChangedDate="2014-06-27" isCurrent="true" relationId="urn:ssb:classversion:stabas:5285601" xmlns="http://www.ssb.no/ns/meta/codelist">
  <CodelistMeta>
    <TitleGrp>
      <Title xml:lang="nn">Sentralitet 2008 : Sentralitet </Title>
      <Title xml:lang="nb">Sentralitet 2008: Sentralitet</Title>
      <Title xml:lang="en">Centrality 2008: Centrality</Title>
    </TitleGrp>
    <DescriptionGrp>
      <Description xml:lang="nn">Med sentralitet meiner vi korleis ein kommune ligg geografisk i høve til tettstader av forskjellige storleiker. Tettstadene blir delte i tre nivå etter folketal og tilbod av funksjonar. Tettstader på nivå 3 er landsdelssenter (eller eit folketal på minst 50 000), nivå 2 har eit folketal mellom 15 000 og 50 000, nivå 1 har eit folketal mellom 5 000 og 15 000. For å beskrive dei alternativa befolkningen i ein kommune har for arbeidsreiser til ein eller fleire av desse tettstadene, har vi delt inn kommunane i fire sentralitetsnivå (0-3).

</Description>
      <Description xml:lang="nb">Med sentralitet menes en kommunes geografiske beliggenhet sett i forhold til tettsteder av ulik størrelse. Tettstedene deles i tre nivåer etter folketall og tilbud av funksjoner. Tettsteder på nivå 3 er landsdelssentrene (eller et folketall på minst 50 000), nivå 2 har et folketall mellom 15 000 og 50 000, nivå 1 har et folketall mellom 5 000 og 15 000. For å beskrive de muligheter befolkningen i en kommune har for arbeidsreiser til et eller flere av disse tettstedene, har en inndelt kommunene i fire sentralitetsnivåer (0-3).



</Description>
      <Description xml:lang="en">Centrality describes the geographic location of a municipality in relation to urban settlements of various sizes. The urban settlements are divided into three levels according to population and available public services. Urban settlements at level 3 are regional centres (population at least 50 000), level 2 settlements have a population between 15 000 and 50 000, and level 1 settlements have a population between 5 000 and 15 000. To describe the available alternatives for work travels to one or several urban settlements, the municipalities are divided into four centrality levels (0-3).

</Description>
    </DescriptionGrp>
    <ContactInformation>
      <Person xmlns="http://www.ssb.no/ns/meta/common">hhe</Person>
      <Division xmlns="http://www.ssb.no/ns/meta/common">320</Division>
    </ContactInformation>
    <NoteGrp>
      <Note xml:lang="nn">Ikkje relevant</Note>
      <Note xml:lang="nb">Ikke relevant</Note>
      <Note xml:lang="en">Not relevant</Note>
    </NoteGrp>
  </CodelistMeta>
  <Codes>
    <Code id="urn:ssb:code:stabas:5285605-5285607">
      <CodeValue>0</CodeValue>
      <CodeTextGrp>
        <CodeText xml:lang="nn">Minst sentrale kommunar</CodeText>
        <CodeText xml:lang="nb">Minst sentrale kommuner</CodeText>
        <CodeText xml:lang="en">Least central municipalities</CodeText>
      </CodeTextGrp>
      <NoteGrp>
        <Note xml:lang="nn">Kommunar som ikkje omfatter nokon av dei kvalifiserte tettstadene på tettstadsnivå 1-3 og ligg heller ikkje
innanfor 75 minutt (for Oslo:90 minutt) reisetid til eit landsdelssenter, eller 60 minutt reisetid til ein nivå 2
tettstad, eller 45 minutt reisetid til ein tettstad på nivå 1 
</Note>
        <Note xml:lang="nb">Kommuner som ikke omfatter noen av de kvalifiserte tettstedene på tettstedsnivå 1-3 og heller ikke ligger innenfor 75 minutter (for Oslo:90 minutter) reisetid til et landsdelssenter, eller 60 minutters reisetid til et nivå 2 tettsted, eller 45 minutters reisetid til et nivå 1 tettsted</Note>
        <Note xml:lang="en">Municipalities that do not include any of the qualified urban settlements at level 1-3 and are within 75 minutes (90 minutes for Oslo) travel from a regional centre, or 60 minutes travel from a level 2 urban settlement, or 45 minutes travel from a level 1 urban settlement
</Note>
      </NoteGrp>
    </Code>
    <Code id="urn:ssb:code:stabas:5285605-5285609">
      <CodeValue>1</CodeValue>
      <CodeTextGrp>
        <CodeText xml:lang="nn">Mindre sentrale kommunar  </CodeText>
        <CodeText xml:lang="nb">Mindre sentrale kommuner</CodeText>
        <CodeText xml:lang="en">Less central municipalities</CodeText>
      </CodeTextGrp>
      <NoteGrp>
        <Note xml:lang="nn">Kommunar som omfattar ein tettstad på nivå 1 eller som ligg innanfor 45 minutt reisetid frå sentrum i ein slik tettstad </Note>
        <Note xml:lang="nb">Kommuner som omfatter et tettsted på nivå 1 eller som ligger innenfor 45 minutters reisetid fra et slikt tettsteds sentrum</Note>
        <Note xml:lang="en">Municipalities that include an urban settlement at level 1 or are within 45 minutes travel from the centre of an urban settlement</Note>
      </NoteGrp>
    </Code>
    <Code id="urn:ssb:code:stabas:5285605-5285611">
      <CodeValue>2</CodeValue>
      <CodeTextGrp>
        <CodeText xml:lang="nn">Noko sentrale kommunar</CodeText>
        <CodeText xml:lang="nb">Noe sentrale kommuner</CodeText>
        <CodeText xml:lang="en">Quite central municipalities</CodeText>
      </CodeTextGrp>
      <NoteGrp>
        <Note xml:lang="nn">Kommunar som omfattar ein tettstad på nivå 2 eller som ligg innanfor ei reisetid på 60 minutt frå ein sentrum i ein slik tettstad </Note>
        <Note xml:lang="nb">Kommuner som omfatter et tettsted på nivå 2 eller som ligger innenfor 60 minutters reisetid fra et slikt tettsteds sentrum</Note>
        <Note xml:lang="en">Municipalities that include an urban settlement at level 2 or are within 60 minutes travel from the centre of an urban settlement </Note>
      </NoteGrp>
    </Code>
    <Code id="urn:ssb:code:stabas:5285605-5285613">
      <CodeValue>3</CodeValue>
      <CodeTextGrp>
        <CodeText xml:lang="nn">Sentrale kommunar</CodeText>
        <CodeText xml:lang="nb">Sentrale kommuner</CodeText>
        <CodeText xml:lang="en">Central municipalities</CodeText>
      </CodeTextGrp>
      <NoteGrp>
        <Note xml:lang="nn">Kommunar som omfattar ein tettstad på nivå 3 (landsdelssenter) eller som ligg innanfor 75 minutt (for Oslo:90 minutt) reisetid frå sentrum i ein slik tettstad</Note>
        <Note xml:lang="nb">Kommuner som omfatter et tettsted på nivå 3 (landsdelssenter) eller som ligger innenfor 75 minutters (for Oslo:90 minutters) reisetid fra et slikt tettsteds sentrum</Note>
        <Note xml:lang="en">Municipalities that include an urban settlement at level 3 (regional centre) or are within 75 minutes (90 minutes for Oslo) travel from the centre of an urban settlement </Note>
      </NoteGrp>
    </Code>
  </Codes>
</Codelist>