<?xml version="1.0" encoding="utf-8"?>
<Codelist xmlns:xsi="http://www.w3.org/2001/XMLSchema-instance" xmlns:xsd="http://www.w3.org/2001/XMLSchema" id="urn:ssb:codelist:stabas:5290005" defaultValidFrom="1994-10-27" defaultValidTo="2007-12-31" lastChangedDate="2008-06-25" isCurrent="false" relationId="urn:ssb:classversion:stabas:5290001" xmlns="http://www.ssb.no/ns/meta/codelist">
  <CodelistMeta>
    <TitleGrp>
      <Title xml:lang="nn">Sentralitet 1994: Sentralitet</Title>
      <Title xml:lang="nb">Sentralitet 1994: Sentralitet</Title>
      <Title xml:lang="en">Centrality 1994: Centrality</Title>
    </TitleGrp>
    <DescriptionGrp>
      <Description xml:lang="nn">Sentralitet 1994 inngår som eit av kriteria i Standard for kommuneklassifisering. Med sentralitet meiner vi kor ein kommune ligg i høve til kor det er funksjonar av høg orden (sentrale funksjonar som post, bank). Dei sentrale funksjonane er framfor alt lokaliserte til tettstader. Tettstadene blir delte inn i tre nivå etter folketal og tilbod av funksjonar. Tettstader på nivå 3 er landsdelssenter (eller folketal på minst 50 000), nivå 2 har et folketal på mellom 15 000 og 50 000 og nivå 1 har et folketal på mellom 5 000 og 15 000. Det er fire hovudnivå av sentralitet, kode 3-0, alt etter reisetid til dei forskjellige tettstadsnivåa. Ein har også markert om kommunar på sentralitetsnivå 0-2 ligg slik til at det av og til er mogleg å gjennomføre dagsreiser til ein tettstad på nivå 3 (koda A og B).</Description>
      <Description xml:lang="nb">Sentralitet 1994 inngår som et av kriteriene i Standard for kommuneklassifisering.Med sentralitet menes en kommunes geografiske beliggenhet i forhold til et senter hvor det er funksjoner av høy orden (sentrale funksjoner som post,bank). De sentrale funksjoner er først og fremst lokalisert til tettsteder.Tettstedene deles inn i tre nivåer etter folketall og tilbud av funksjoner. Tettsteder på nivå 3 er landsdelssentre (eller folketall på minst 50 000), nivå 2 har et folketall på mellom 15 000 og 50 000 og nivå 1 har et folketall på mellom 5 000 og 15 000. Det er fire hovednivåer av sentralitet, kode 3-0, alt etter reisetid til de forskjellige tettstedsnivåene. En har også markert om kommuner på sentralitetsnivå 0-2 ligger slik til at det er mulig å gjennomføre leilighetsvise dagsreiser til et tettsted på nivå 3 (kodet A og B). 
</Description>
      <Description xml:lang="en">Centrality 1994 is one of the criteria in Standard Classification of Municipalities . Centrality is defined as a municipality's geographic location in relation to a centre where there are service functions such as a post office and bank. The central functions are primarily located in urban settlements. Urban settlements are divided into three levels according to population and available service functions. Level 3 urban settlements are regional centres (or have a population of at least 50 000), level 2 urban settlements have a population between 15 000 and 50 000, and level 1 urban settlements have a population between 5 000 and 15 000. There are four main levels of centrality, code 3-0, depending on the time of travel to the different urban settlment levels. Whether centrality level 0-2 municipalities are located a day's journey from a level 3 urban settlement (coded A and B) have been marked.
</Description>
    </DescriptionGrp>
    <ContactInformation>
      <Person xmlns="http://www.ssb.no/ns/meta/common">hhe</Person>
      <Division xmlns="http://www.ssb.no/ns/meta/common">320</Division>
    </ContactInformation>
    <NoteGrp>
      <Note xml:lang="nn">Ikkje relevant</Note>
      <Note xml:lang="nb">Ikke relevant</Note>
      <Note xml:lang="en">Not relevant</Note>
    </NoteGrp>
  </CodelistMeta>
  <Codes>
    <Code id="urn:ssb:code:stabas:5290005-5290007">
      <CodeValue>0A</CodeValue>
      <CodeTextGrp>
        <CodeText xml:lang="nn">Minst sentrale kommunar og innafor 2,5 time (for Oslo 3 timer) til ein tettstad på nivå 3.</CodeText>
        <CodeText xml:lang="nb">Minst sentrale kommuner og innenfor 2,5 time (for Oslo: 3 timer) til et tettsted på nivå 3.</CodeText>
        <CodeText xml:lang="en">Less central municipalities and lies within 2.5 hours (in the case of Oslo: 3 hours) from an urban settlement on level 3.</CodeText>
      </CodeTextGrp>
    </Code>
    <Code id="urn:ssb:code:stabas:5290005-5290009">
      <CodeValue>0B</CodeValue>
      <CodeTextGrp>
        <CodeText xml:lang="nn">Minst sentrale kommunar og ikkje innafor 2,5 time (for Oslo 3 timer) til ein tettstad på nivå 3.</CodeText>
        <CodeText xml:lang="nb">Minst sentrale kommuner og ikke innenfor 2,5 time (for Oslo: 3 timer) til et tettsted på nivå 3.</CodeText>
        <CodeText xml:lang="en">Less central municipalties and does not lie within 2.5 hours travelling time (in the case of Oslo: 3 hours) from an urban settlement on level 3.</CodeText>
      </CodeTextGrp>
    </Code>
    <Code id="urn:ssb:code:stabas:5290005-5290011">
      <CodeValue>1A</CodeValue>
      <CodeTextGrp>
        <CodeText xml:lang="nn">Mindre sentrale kommunar og innafor 2,5 time (for Oslo 3 timer) til ein tettstad på nivå 3.</CodeText>
        <CodeText xml:lang="nb">Mindre sentrale kommuner og innenfor 2,5 time (for Oslo: 3 timer) til et tettsted på nivå 3.</CodeText>
        <CodeText xml:lang="en">Less remote municipalities and lies within 2.5 hours travelling time (in the case of Oslo:3 hours) from an urban settlement on level 3.</CodeText>
      </CodeTextGrp>
    </Code>
    <Code id="urn:ssb:code:stabas:5290005-5290013">
      <CodeValue>1B</CodeValue>
      <CodeTextGrp>
        <CodeText xml:lang="nn">Mindre sentrale kommunar og ikkje innafor 2,5 time (for Oslo 3 timer) til ein tettstad på nivå 3.</CodeText>
        <CodeText xml:lang="nb">Mindre sentrale kommuner og ikke innenfor 2,5 time (for Oslo: 3 timer) til et tettsted på nivå 3.</CodeText>
        <CodeText xml:lang="en">Less remote municipalities and does not lie within 2.5 hours (in the case of Oslo:3 hours) from an urban settlement on level 3.</CodeText>
      </CodeTextGrp>
    </Code>
    <Code id="urn:ssb:code:stabas:5290005-5290015">
      <CodeValue>2A</CodeValue>
      <CodeTextGrp>
        <CodeText xml:lang="nn">Noe sentrale kommunar og innafor 2,5 time (for Oslo 3 timer) til ein tettstad på nivå 3.</CodeText>
        <CodeText xml:lang="nb">Noe sentrale kommuner og innenfor 2,5 time (for Oslo: 3 timer) til et tettsted på nivå 3.</CodeText>
        <CodeText xml:lang="en">Fairly central municipalities and lies within 2.5 hours travelling time (in the case of Oslo:3 hours) from an urban settlement on level 3.</CodeText>
      </CodeTextGrp>
    </Code>
    <Code id="urn:ssb:code:stabas:5290005-5290017">
      <CodeValue>2B</CodeValue>
      <CodeTextGrp>
        <CodeText xml:lang="nn">Noe sentrale kommunar og ikkje innafor 2,5 time (for Oslo 3 timer) til ein tettstad på nivå 3.</CodeText>
        <CodeText xml:lang="nb">Noe sentrale kommuner og ikke innenfor 2,5 time (for Oslo: 3 timer) til et tettsted på nivå 3.</CodeText>
        <CodeText xml:lang="en">Fairly central municipalities and does not lie within 2.5 hours (in the case of Oslo:3 hours) from an urban settlement on level 3.</CodeText>
      </CodeTextGrp>
    </Code>
    <Code id="urn:ssb:code:stabas:5290005-5290019">
      <CodeValue>3A</CodeValue>
      <CodeTextGrp>
        <CodeText xml:lang="nn">Mest sentrale kommunar</CodeText>
        <CodeText xml:lang="nb">Mest sentrale kommuner</CodeText>
        <CodeText xml:lang="en">Central municipalities</CodeText>
      </CodeTextGrp>
    </Code>
  </Codes>
</Codelist>