<?xml version="1.0" encoding="utf-8"?>
<Codelist xmlns:xsi="http://www.w3.org/2001/XMLSchema-instance" xmlns:xsd="http://www.w3.org/2001/XMLSchema" id="urn:ssb:codelist:stabas:5479977" defaultValidFrom="2008-07-01" defaultValidTo="2008-12-31" lastChangedDate="2011-04-15" parentCodelistId="urn:ssb:codelist:stabas:5479975" isCurrent="false" relationId="urn:ssb:classversion:stabas:5479971" xmlns="http://www.ssb.no/ns/meta/codelist">
  <CodelistMeta>
    <TitleGrp>
      <Title xml:lang="nn">ISCED97 nivå og fagfelt (NUS 2008/2): ISCED97 utdanningsfelt 3</Title>
      <Title xml:lang="nb">ISCED97 nivå og fagfelt (NUS 2008/2): ISCED97 utdanningsfelt 3</Title>
      <Title xml:lang="en">ISCED97 Level and Fields of Education and Training (NUS 2008/2): ISCED97 Special field 3</Title>
    </TitleGrp>
    <DescriptionGrp>
      <Description xml:lang="nn">ISCED97 er, som Norsk standard for utdanningsgruppering, oppbygd ved hjelp av nivå- og faginndeling. I tillegg har ISCED97 fire tilleggsdimensjonar (Destination, Orientation, National Degree Structure og Duration). Desse blir berre nytta på enkelte nivå. Standarden har denne strukturen:
1. siffer:	Level (nivå)
2. siffer:	Broad field (fagfelt)
3. siffer:	Narrow field (Fields of education) (utdanningsfelt)
4. siffer:	Detailed field (Fields of education and training) (fordjupingsfelt)
Pos 5:	Destination (destinasjon)
Pos 6:	Orientation (orientering)
Pos 7:	Duration (tidslengd)
Pos 8:      National Degree Structure (grad)
For meir informasjon, sjå pkt. 4. i NOS C 676  (under publikasjonar).



</Description>
      <Description xml:lang="nb">ISCED97 er på samme måte som Norsk standard for utdanningsgruppering, bygget opp ved hjelp av nivå- og faginndeling. I tillegg har ISCED97 fire tilleggsdimensjoner (Destination, Orientation, National Degree Structure og Duration). Disse benyttes kun på enkelte nivåer. Standarden har følgende struktur:
1. siffer:	Level (nivå)
2. siffer:	Broad field (fagfelt)
3. siffer:	Narrow field (Fields of education) (utdanningsfelt)
4. siffer:	Detailed field (Fields of education and training) (fordypningsfelt)
Pos 5:	Destination (destinasjon)
Pos 6:	Orientation (orientering)
Pos 7:	Duration (varighet)
Pos 8:      National Degree Structure (grad)
For mer informasjon, se pkt. 4. i NOS C 617  (under publikasjoner).


</Description>
      <Description xml:lang="en">ISCED97 is organized according to level and field of education in the same way as the Norwegian Standard Classification of Education. In addition, ISCED97 has four complementary dimensions (Destination, Orientation, National degree structure and Duration). These are used only for certain levels of education. The classification has the following structure:
1st digit:	 Level
2nd digit:	 Broad field of education
3rd digit:	 Narrow field of education
4th digit:	 Detailed field of education
Position 5: Destination
Position 6: Orientation
Position 7: Duration
Position 8: National degree structure 
For more information, see 4. in NOS C 751 (under publications).




</Description>
    </DescriptionGrp>
    <ContactInformation>
      <Person xmlns="http://www.ssb.no/ns/meta/common">gki</Person>
      <Division xmlns="http://www.ssb.no/ns/meta/common">360</Division>
    </ContactInformation>
    <NoteGrp>
      <Note xml:lang="nn">Ikkje relevant</Note>
      <Note xml:lang="nb">Ikke relevant</Note>
      <Note xml:lang="en">Ikkje relevant</Note>
    </NoteGrp>
  </CodelistMeta>
  <Codes>
    <Code id="urn:ssb:code:stabas:5479977-5479987" parentCodeId="urn:ssb:code:stabas:5479975-5479985">
      <CodeValue>001</CodeValue>
      <CodeTextGrp>
        <CodeText xml:lang="nn">Basic/broad general programmes</CodeText>
        <CodeText xml:lang="nb">Basic/broad general programmes</CodeText>
        <CodeText xml:lang="en">Basic/broad general programmes</CodeText>
      </CodeTextGrp>
    </Code>
    <Code id="urn:ssb:code:stabas:5479977-5480001" parentCodeId="urn:ssb:code:stabas:5479975-5479999">
      <CodeValue>101</CodeValue>
      <CodeTextGrp>
        <CodeText xml:lang="nn">Basic/broad general programmes</CodeText>
        <CodeText xml:lang="nb">Basic/broad general programmes</CodeText>
        <CodeText xml:lang="en">Basic/broad general programmes</CodeText>
      </CodeTextGrp>
    </Code>
    <Code id="urn:ssb:code:stabas:5479977-5480011" parentCodeId="urn:ssb:code:stabas:5479975-5480009">
      <CodeValue>199</CodeValue>
      <CodeTextGrp>
        <CodeText xml:lang="nn">Unknown Narrow Field</CodeText>
        <CodeText xml:lang="nb">Unknown Narrow Field</CodeText>
        <CodeText xml:lang="en">Unknown Narrow Field</CodeText>
      </CodeTextGrp>
    </Code>
    <Code id="urn:ssb:code:stabas:5479977-5480021" parentCodeId="urn:ssb:code:stabas:5479975-5480019">
      <CodeValue>201</CodeValue>
      <CodeTextGrp>
        <CodeText xml:lang="nn">Basic/broad general programmes</CodeText>
        <CodeText xml:lang="nb">Basic/broad general programmes</CodeText>
        <CodeText xml:lang="en">Basic/broad general programmes</CodeText>
      </CodeTextGrp>
    </Code>
    <Code id="urn:ssb:code:stabas:5479977-5480041" parentCodeId="urn:ssb:code:stabas:5479975-5480019">
      <CodeValue>209</CodeValue>
      <CodeTextGrp>
        <CodeText xml:lang="nn">Personal skills</CodeText>
        <CodeText xml:lang="nb">Personal skills</CodeText>
        <CodeText xml:lang="en">Personal skills</CodeText>
      </CodeTextGrp>
    </Code>
    <Code id="urn:ssb:code:stabas:5479977-5480051" parentCodeId="urn:ssb:code:stabas:5479975-5480049">
      <CodeValue>214</CodeValue>
      <CodeTextGrp>
        <CodeText xml:lang="nn">Teacher training and education science</CodeText>
        <CodeText xml:lang="nb">Teacher training and education science</CodeText>
        <CodeText xml:lang="en">Teacher training and education science</CodeText>
      </CodeTextGrp>
    </Code>
    <Code id="urn:ssb:code:stabas:5479977-5480059" parentCodeId="urn:ssb:code:stabas:5479975-5480057">
      <CodeValue>231</CodeValue>
      <CodeTextGrp>
        <CodeText xml:lang="nn">Social and behaviourial science</CodeText>
        <CodeText xml:lang="nb">Social and behaviourial science</CodeText>
        <CodeText xml:lang="en">Social and behaviourial science</CodeText>
      </CodeTextGrp>
    </Code>
    <Code id="urn:ssb:code:stabas:5479977-5480065" parentCodeId="urn:ssb:code:stabas:5479975-5480057">
      <CodeValue>234</CodeValue>
      <CodeTextGrp>
        <CodeText xml:lang="nn">Business and administration</CodeText>
        <CodeText xml:lang="nb">Business and administration</CodeText>
        <CodeText xml:lang="en">Business and administration</CodeText>
      </CodeTextGrp>
    </Code>
    <Code id="urn:ssb:code:stabas:5479977-5480073" parentCodeId="urn:ssb:code:stabas:5479975-5480071">
      <CodeValue>249</CodeValue>
      <CodeTextGrp>
        <CodeText xml:lang="nn">Unknown Narrow Field</CodeText>
        <CodeText xml:lang="nb">Unknown Narrow Field</CodeText>
        <CodeText xml:lang="en">Unknown Narrow Field</CodeText>
      </CodeTextGrp>
    </Code>
    <Code id="urn:ssb:code:stabas:5479977-5480081" parentCodeId="urn:ssb:code:stabas:5479975-5480079">
      <CodeValue>262</CodeValue>
      <CodeTextGrp>
        <CodeText xml:lang="nn">Agriculture, forestry and fishery</CodeText>
        <CodeText xml:lang="nb">Agriculture, forestry and fishery</CodeText>
        <CodeText xml:lang="en">Agriculture, forestry and fishery</CodeText>
      </CodeTextGrp>
    </Code>
    <Code id="urn:ssb:code:stabas:5479977-5480089" parentCodeId="urn:ssb:code:stabas:5479975-5480087">
      <CodeValue>279</CodeValue>
      <CodeTextGrp>
        <CodeText xml:lang="nn">Unknown Narrow Field</CodeText>
        <CodeText xml:lang="nb">Unknown Narrow Field</CodeText>
        <CodeText xml:lang="en">Unknown Narrow Field</CodeText>
      </CodeTextGrp>
    </Code>
    <Code id="urn:ssb:code:stabas:5479977-5480097" parentCodeId="urn:ssb:code:stabas:5479975-5480095">
      <CodeValue>284</CodeValue>
      <CodeTextGrp>
        <CodeText xml:lang="nn">Transport services</CodeText>
        <CodeText xml:lang="nb">Transport services</CodeText>
        <CodeText xml:lang="en">Transport services</CodeText>
      </CodeTextGrp>
    </Code>
    <Code id="urn:ssb:code:stabas:5479977-5480107" parentCodeId="urn:ssb:code:stabas:5479975-5480105">
      <CodeValue>300</CodeValue>
      <CodeTextGrp>
        <CodeText xml:lang="nn">General Programmes</CodeText>
        <CodeText xml:lang="nb">General Programmes</CodeText>
        <CodeText xml:lang="en">General Programmes</CodeText>
      </CodeTextGrp>
    </Code>
    <Code id="urn:ssb:code:stabas:5479977-5480113" parentCodeId="urn:ssb:code:stabas:5479975-5480105">
      <CodeValue>301</CodeValue>
      <CodeTextGrp>
        <CodeText xml:lang="nn">Basic/broad general programmes</CodeText>
        <CodeText xml:lang="nb">Basic/broad general programmes</CodeText>
        <CodeText xml:lang="en">Basic/broad general programmes</CodeText>
      </CodeTextGrp>
    </Code>
    <Code id="urn:ssb:code:stabas:5479977-5480175" parentCodeId="urn:ssb:code:stabas:5479975-5480105">
      <CodeValue>308</CodeValue>
      <CodeTextGrp>
        <CodeText xml:lang="nn">Literacy and numeracy</CodeText>
        <CodeText xml:lang="nb">Literacy and numeracy</CodeText>
        <CodeText xml:lang="en">Literacy and numeracy</CodeText>
      </CodeTextGrp>
    </Code>
    <Code id="urn:ssb:code:stabas:5479977-5480183" parentCodeId="urn:ssb:code:stabas:5479975-5480105">
      <CodeValue>309</CodeValue>
      <CodeTextGrp>
        <CodeText xml:lang="nn">Personal skills</CodeText>
        <CodeText xml:lang="nb">Personal skills</CodeText>
        <CodeText xml:lang="en">Personal skills</CodeText>
      </CodeTextGrp>
    </Code>
    <Code id="urn:ssb:code:stabas:5479977-5480193" parentCodeId="urn:ssb:code:stabas:5479975-5480191">
      <CodeValue>314</CodeValue>
      <CodeTextGrp>
        <CodeText xml:lang="nn">Teacher training and education science</CodeText>
        <CodeText xml:lang="nb">Teacher training and education science</CodeText>
        <CodeText xml:lang="en">Teacher training and education science</CodeText>
      </CodeTextGrp>
    </Code>
    <Code id="urn:ssb:code:stabas:5479977-5480287" parentCodeId="urn:ssb:code:stabas:5479975-5480285">
      <CodeValue>321</CodeValue>
      <CodeTextGrp>
        <CodeText xml:lang="nn">Arts</CodeText>
        <CodeText xml:lang="nb">Arts</CodeText>
        <CodeText xml:lang="en">Arts</CodeText>
      </CodeTextGrp>
    </Code>
    <Code id="urn:ssb:code:stabas:5479977-5480537" parentCodeId="urn:ssb:code:stabas:5479975-5480285">
      <CodeValue>322</CodeValue>
      <CodeTextGrp>
        <CodeText xml:lang="nn">Humanities</CodeText>
        <CodeText xml:lang="nb">Humanities</CodeText>
        <CodeText xml:lang="en">Humanities</CodeText>
      </CodeTextGrp>
    </Code>
    <Code id="urn:ssb:code:stabas:5479977-5480639" parentCodeId="urn:ssb:code:stabas:5479975-5480637">
      <CodeValue>331</CodeValue>
      <CodeTextGrp>
        <CodeText xml:lang="nn">Social and behaviourial science</CodeText>
        <CodeText xml:lang="nb">Social and behaviourial science</CodeText>
        <CodeText xml:lang="en">Social and behaviourial science</CodeText>
      </CodeTextGrp>
    </Code>
    <Code id="urn:ssb:code:stabas:5479977-5480713" parentCodeId="urn:ssb:code:stabas:5479975-5480637">
      <CodeValue>332</CodeValue>
      <CodeTextGrp>
        <CodeText xml:lang="nn">Journalism and information</CodeText>
        <CodeText xml:lang="nb">Journalism and information</CodeText>
        <CodeText xml:lang="en">Journalism and information</CodeText>
      </CodeTextGrp>
    </Code>
    <Code id="urn:ssb:code:stabas:5479977-5480749" parentCodeId="urn:ssb:code:stabas:5479975-5480637">
      <CodeValue>334</CodeValue>
      <CodeTextGrp>
        <CodeText xml:lang="nn">Business and administration</CodeText>
        <CodeText xml:lang="nb">Business and administration</CodeText>
        <CodeText xml:lang="en">Business and administration</CodeText>
      </CodeTextGrp>
    </Code>
    <Code id="urn:ssb:code:stabas:5479977-5480861" parentCodeId="urn:ssb:code:stabas:5479975-5480637">
      <CodeValue>338</CodeValue>
      <CodeTextGrp>
        <CodeText xml:lang="nn">Law</CodeText>
        <CodeText xml:lang="nb">Law</CodeText>
        <CodeText xml:lang="en">Law</CodeText>
      </CodeTextGrp>
    </Code>
    <Code id="urn:ssb:code:stabas:5479977-5480875" parentCodeId="urn:ssb:code:stabas:5479975-5480873">
      <CodeValue>342</CodeValue>
      <CodeTextGrp>
        <CodeText xml:lang="nn">Life science</CodeText>
        <CodeText xml:lang="nb">Life science</CodeText>
        <CodeText xml:lang="en">Life science</CodeText>
      </CodeTextGrp>
    </Code>
    <Code id="urn:ssb:code:stabas:5479977-5480899" parentCodeId="urn:ssb:code:stabas:5479975-5480873">
      <CodeValue>344</CodeValue>
      <CodeTextGrp>
        <CodeText xml:lang="nn">Physical science</CodeText>
        <CodeText xml:lang="nb">Physical science</CodeText>
        <CodeText xml:lang="en">Physical science</CodeText>
      </CodeTextGrp>
    </Code>
    <Code id="urn:ssb:code:stabas:5479977-5480931" parentCodeId="urn:ssb:code:stabas:5479975-5480873">
      <CodeValue>346</CodeValue>
      <CodeTextGrp>
        <CodeText xml:lang="nn">Mathematics and statistics</CodeText>
        <CodeText xml:lang="nb">Mathematics and statistics</CodeText>
        <CodeText xml:lang="en">Mathematics and statistics</CodeText>
      </CodeTextGrp>
    </Code>
    <Code id="urn:ssb:code:stabas:5479977-5480949" parentCodeId="urn:ssb:code:stabas:5479975-5480873">
      <CodeValue>348</CodeValue>
      <CodeTextGrp>
        <CodeText xml:lang="nn">Computing</CodeText>
        <CodeText xml:lang="nb">Computing</CodeText>
        <CodeText xml:lang="en">Computing</CodeText>
      </CodeTextGrp>
    </Code>
    <Code id="urn:ssb:code:stabas:5479977-5480971" parentCodeId="urn:ssb:code:stabas:5479975-5480873">
      <CodeValue>349</CodeValue>
      <CodeTextGrp>
        <CodeText xml:lang="nn">Unknown Narrow Field</CodeText>
        <CodeText xml:lang="nb">Unknown Narrow Field</CodeText>
        <CodeText xml:lang="en">Unknown Narrow Field</CodeText>
      </CodeTextGrp>
    </Code>
    <Code id="urn:ssb:code:stabas:5479977-5480981" parentCodeId="urn:ssb:code:stabas:5479975-5480979">
      <CodeValue>350</CodeValue>
      <CodeTextGrp>
        <CodeText xml:lang="nn">Engineering, Manufacturing and Construction</CodeText>
        <CodeText xml:lang="nb">Engineering, Manufacturing and Construction</CodeText>
        <CodeText xml:lang="en">Engineering, Manufacturing and Construction</CodeText>
      </CodeTextGrp>
    </Code>
    <Code id="urn:ssb:code:stabas:5479977-5480993" parentCodeId="urn:ssb:code:stabas:5479975-5480979">
      <CodeValue>352</CodeValue>
      <CodeTextGrp>
        <CodeText xml:lang="nn">Engineering and engineering trades</CodeText>
        <CodeText xml:lang="nb">Engineering and engineering trades</CodeText>
        <CodeText xml:lang="en">Engineering and engineering trades</CodeText>
      </CodeTextGrp>
    </Code>
    <Code id="urn:ssb:code:stabas:5479977-5481295" parentCodeId="urn:ssb:code:stabas:5479975-5480979">
      <CodeValue>354</CodeValue>
      <CodeTextGrp>
        <CodeText xml:lang="nn">Manufacturing and processing</CodeText>
        <CodeText xml:lang="nb">Manufacturing and processing</CodeText>
        <CodeText xml:lang="en">Manufacturing and processing</CodeText>
      </CodeTextGrp>
    </Code>
    <Code id="urn:ssb:code:stabas:5479977-5481527" parentCodeId="urn:ssb:code:stabas:5479975-5480979">
      <CodeValue>358</CodeValue>
      <CodeTextGrp>
        <CodeText xml:lang="nn">Architecture and building</CodeText>
        <CodeText xml:lang="nb">Architecture and building</CodeText>
        <CodeText xml:lang="en">Architecture and building</CodeText>
      </CodeTextGrp>
    </Code>
    <Code id="urn:ssb:code:stabas:5479977-5481659" parentCodeId="urn:ssb:code:stabas:5479975-5480979">
      <CodeValue>359</CodeValue>
      <CodeTextGrp>
        <CodeText xml:lang="nn">Unknown Narrow Field</CodeText>
        <CodeText xml:lang="nb">Unknown Narrow Field</CodeText>
        <CodeText xml:lang="en">Unknown Narrow Field</CodeText>
      </CodeTextGrp>
    </Code>
    <Code id="urn:ssb:code:stabas:5479977-5481669" parentCodeId="urn:ssb:code:stabas:5479975-5481667">
      <CodeValue>362</CodeValue>
      <CodeTextGrp>
        <CodeText xml:lang="nn">Agriculture, forestry and fishery</CodeText>
        <CodeText xml:lang="nb">Agriculture, forestry and fishery</CodeText>
        <CodeText xml:lang="en">Agriculture, forestry and fishery</CodeText>
      </CodeTextGrp>
    </Code>
    <Code id="urn:ssb:code:stabas:5479977-5481803" parentCodeId="urn:ssb:code:stabas:5479975-5481667">
      <CodeValue>364</CodeValue>
      <CodeTextGrp>
        <CodeText xml:lang="nn">Veterinary</CodeText>
        <CodeText xml:lang="nb">Veterinary</CodeText>
        <CodeText xml:lang="en">Veterinary</CodeText>
      </CodeTextGrp>
    </Code>
    <Code id="urn:ssb:code:stabas:5479977-5481821" parentCodeId="urn:ssb:code:stabas:5479975-5481819">
      <CodeValue>370</CodeValue>
      <CodeTextGrp>
        <CodeText xml:lang="nn">Health and Welfare</CodeText>
        <CodeText xml:lang="nb">Health and Welfare</CodeText>
        <CodeText xml:lang="en">Health and Welfare</CodeText>
      </CodeTextGrp>
    </Code>
    <Code id="urn:ssb:code:stabas:5479977-5481829" parentCodeId="urn:ssb:code:stabas:5479975-5481819">
      <CodeValue>372</CodeValue>
      <CodeTextGrp>
        <CodeText xml:lang="nn">Health</CodeText>
        <CodeText xml:lang="nb">Health</CodeText>
        <CodeText xml:lang="en">Health</CodeText>
      </CodeTextGrp>
    </Code>
    <Code id="urn:ssb:code:stabas:5479977-5482003" parentCodeId="urn:ssb:code:stabas:5479975-5481819">
      <CodeValue>376</CodeValue>
      <CodeTextGrp>
        <CodeText xml:lang="nn">Social services</CodeText>
        <CodeText xml:lang="nb">Social services</CodeText>
        <CodeText xml:lang="en">Social services</CodeText>
      </CodeTextGrp>
    </Code>
    <Code id="urn:ssb:code:stabas:5479977-5482027" parentCodeId="urn:ssb:code:stabas:5479975-5482025">
      <CodeValue>381</CodeValue>
      <CodeTextGrp>
        <CodeText xml:lang="nn">Personal services</CodeText>
        <CodeText xml:lang="nb">Personal services</CodeText>
        <CodeText xml:lang="en">Personal services</CodeText>
      </CodeTextGrp>
    </Code>
    <Code id="urn:ssb:code:stabas:5479977-5482169" parentCodeId="urn:ssb:code:stabas:5479975-5482025">
      <CodeValue>384</CodeValue>
      <CodeTextGrp>
        <CodeText xml:lang="nn">Transport services</CodeText>
        <CodeText xml:lang="nb">Transport services</CodeText>
        <CodeText xml:lang="en">Transport services</CodeText>
      </CodeTextGrp>
    </Code>
    <Code id="urn:ssb:code:stabas:5479977-5482263" parentCodeId="urn:ssb:code:stabas:5479975-5482025">
      <CodeValue>385</CodeValue>
      <CodeTextGrp>
        <CodeText xml:lang="nn">Environmental protection</CodeText>
        <CodeText xml:lang="nb">Environmental protection</CodeText>
        <CodeText xml:lang="en">Environmental protection</CodeText>
      </CodeTextGrp>
    </Code>
    <Code id="urn:ssb:code:stabas:5479977-5482271" parentCodeId="urn:ssb:code:stabas:5479975-5482025">
      <CodeValue>386</CodeValue>
      <CodeTextGrp>
        <CodeText xml:lang="nn">Security services</CodeText>
        <CodeText xml:lang="nb">Security services</CodeText>
        <CodeText xml:lang="en">Security services</CodeText>
      </CodeTextGrp>
    </Code>
    <Code id="urn:ssb:code:stabas:5479977-5482313" parentCodeId="urn:ssb:code:stabas:5479975-5482025">
      <CodeValue>389</CodeValue>
      <CodeTextGrp>
        <CodeText xml:lang="nn">Unknown Narrow Field</CodeText>
        <CodeText xml:lang="nb">Unknown Narrow Field</CodeText>
        <CodeText xml:lang="en">Unknown Narrow Field</CodeText>
      </CodeTextGrp>
    </Code>
    <Code id="urn:ssb:code:stabas:5479977-5482323" parentCodeId="urn:ssb:code:stabas:5479975-5482321">
      <CodeValue>399</CodeValue>
      <CodeTextGrp>
        <CodeText xml:lang="nn">Unknown Narrow Field</CodeText>
        <CodeText xml:lang="nb">Unknown Narrow Field</CodeText>
        <CodeText xml:lang="en">Unknown Narrow Field</CodeText>
      </CodeTextGrp>
    </Code>
    <Code id="urn:ssb:code:stabas:5479977-5482339" parentCodeId="urn:ssb:code:stabas:5479975-5482337">
      <CodeValue>401</CodeValue>
      <CodeTextGrp>
        <CodeText xml:lang="nn">Basic/broad general programmes</CodeText>
        <CodeText xml:lang="nb">Basic/broad general programmes</CodeText>
        <CodeText xml:lang="en">Basic/broad general programmes</CodeText>
      </CodeTextGrp>
    </Code>
    <Code id="urn:ssb:code:stabas:5479977-5482353" parentCodeId="urn:ssb:code:stabas:5479975-5482351">
      <CodeValue>414</CodeValue>
      <CodeTextGrp>
        <CodeText xml:lang="nn">Teacher training and education science</CodeText>
        <CodeText xml:lang="nb">Teacher training and education science</CodeText>
        <CodeText xml:lang="en">Teacher training and education science</CodeText>
      </CodeTextGrp>
    </Code>
    <Code id="urn:ssb:code:stabas:5479977-5482407" parentCodeId="urn:ssb:code:stabas:5479975-5482405">
      <CodeValue>421</CodeValue>
      <CodeTextGrp>
        <CodeText xml:lang="nn">Arts</CodeText>
        <CodeText xml:lang="nb">Arts</CodeText>
        <CodeText xml:lang="en">Arts</CodeText>
      </CodeTextGrp>
    </Code>
    <Code id="urn:ssb:code:stabas:5479977-5482469" parentCodeId="urn:ssb:code:stabas:5479975-5482405">
      <CodeValue>422</CodeValue>
      <CodeTextGrp>
        <CodeText xml:lang="nn">Humanities</CodeText>
        <CodeText xml:lang="nb">Humanities</CodeText>
        <CodeText xml:lang="en">Humanities</CodeText>
      </CodeTextGrp>
    </Code>
    <Code id="urn:ssb:code:stabas:5479977-5482545" parentCodeId="urn:ssb:code:stabas:5479975-5482543">
      <CodeValue>431</CodeValue>
      <CodeTextGrp>
        <CodeText xml:lang="nn">Social and behaviourial science</CodeText>
        <CodeText xml:lang="nb">Social and behaviourial science</CodeText>
        <CodeText xml:lang="en">Social and behaviourial science</CodeText>
      </CodeTextGrp>
    </Code>
    <Code id="urn:ssb:code:stabas:5479977-5482589" parentCodeId="urn:ssb:code:stabas:5479975-5482543">
      <CodeValue>432</CodeValue>
      <CodeTextGrp>
        <CodeText xml:lang="nn">Journalism and information</CodeText>
        <CodeText xml:lang="nb">Journalism and information</CodeText>
        <CodeText xml:lang="en">Journalism and information</CodeText>
      </CodeTextGrp>
    </Code>
    <Code id="urn:ssb:code:stabas:5479977-5482613" parentCodeId="urn:ssb:code:stabas:5479975-5482543">
      <CodeValue>434</CodeValue>
      <CodeTextGrp>
        <CodeText xml:lang="nn">Business and administration</CodeText>
        <CodeText xml:lang="nb">Business and administration</CodeText>
        <CodeText xml:lang="en">Business and administration</CodeText>
      </CodeTextGrp>
    </Code>
    <Code id="urn:ssb:code:stabas:5479977-5482701" parentCodeId="urn:ssb:code:stabas:5479975-5482543">
      <CodeValue>438</CodeValue>
      <CodeTextGrp>
        <CodeText xml:lang="nn">Law</CodeText>
        <CodeText xml:lang="nb">Law</CodeText>
        <CodeText xml:lang="en">Law</CodeText>
      </CodeTextGrp>
    </Code>
    <Code id="urn:ssb:code:stabas:5479977-5482711" parentCodeId="urn:ssb:code:stabas:5479975-5482709">
      <CodeValue>442</CodeValue>
      <CodeTextGrp>
        <CodeText xml:lang="nn">Life science</CodeText>
        <CodeText xml:lang="nb">Life science</CodeText>
        <CodeText xml:lang="en">Life science</CodeText>
      </CodeTextGrp>
    </Code>
    <Code id="urn:ssb:code:stabas:5479977-5482725" parentCodeId="urn:ssb:code:stabas:5479975-5482709">
      <CodeValue>444</CodeValue>
      <CodeTextGrp>
        <CodeText xml:lang="nn">Physical science</CodeText>
        <CodeText xml:lang="nb">Physical science</CodeText>
        <CodeText xml:lang="en">Physical science</CodeText>
      </CodeTextGrp>
    </Code>
    <Code id="urn:ssb:code:stabas:5479977-5482749" parentCodeId="urn:ssb:code:stabas:5479975-5482709">
      <CodeValue>446</CodeValue>
      <CodeTextGrp>
        <CodeText xml:lang="nn">Mathematics and statistics</CodeText>
        <CodeText xml:lang="nb">Mathematics and statistics</CodeText>
        <CodeText xml:lang="en">Mathematics and statistics</CodeText>
      </CodeTextGrp>
    </Code>
    <Code id="urn:ssb:code:stabas:5479977-5482761" parentCodeId="urn:ssb:code:stabas:5479975-5482709">
      <CodeValue>448</CodeValue>
      <CodeTextGrp>
        <CodeText xml:lang="nn">Computing</CodeText>
        <CodeText xml:lang="nb">Computing</CodeText>
        <CodeText xml:lang="en">Computing</CodeText>
      </CodeTextGrp>
    </Code>
    <Code id="urn:ssb:code:stabas:5479977-5482777" parentCodeId="urn:ssb:code:stabas:5479975-5482709">
      <CodeValue>449</CodeValue>
      <CodeTextGrp>
        <CodeText xml:lang="nn">Unknown Narrow Field</CodeText>
        <CodeText xml:lang="nb">Unknown Narrow Field</CodeText>
        <CodeText xml:lang="en">Unknown Narrow Field</CodeText>
      </CodeTextGrp>
    </Code>
    <Code id="urn:ssb:code:stabas:5479977-5482785" parentCodeId="urn:ssb:code:stabas:5479975-5482783">
      <CodeValue>452</CodeValue>
      <CodeTextGrp>
        <CodeText xml:lang="nn">Engineering and engineering trades</CodeText>
        <CodeText xml:lang="nb">Engineering and engineering trades</CodeText>
        <CodeText xml:lang="en">Engineering and engineering trades</CodeText>
      </CodeTextGrp>
    </Code>
    <Code id="urn:ssb:code:stabas:5479977-5482859" parentCodeId="urn:ssb:code:stabas:5479975-5482783">
      <CodeValue>454</CodeValue>
      <CodeTextGrp>
        <CodeText xml:lang="nn">Manufacturing and processing</CodeText>
        <CodeText xml:lang="nb">Manufacturing and processing</CodeText>
        <CodeText xml:lang="en">Manufacturing and processing</CodeText>
      </CodeTextGrp>
    </Code>
    <Code id="urn:ssb:code:stabas:5479977-5482909" parentCodeId="urn:ssb:code:stabas:5479975-5482783">
      <CodeValue>458</CodeValue>
      <CodeTextGrp>
        <CodeText xml:lang="nn">Architecture and building</CodeText>
        <CodeText xml:lang="nb">Architecture and building</CodeText>
        <CodeText xml:lang="en">Architecture and building</CodeText>
      </CodeTextGrp>
    </Code>
    <Code id="urn:ssb:code:stabas:5479977-5482947" parentCodeId="urn:ssb:code:stabas:5479975-5482783">
      <CodeValue>459</CodeValue>
      <CodeTextGrp>
        <CodeText xml:lang="nn">Unknown Narrow Field</CodeText>
        <CodeText xml:lang="nb">Unknown Narrow Field</CodeText>
        <CodeText xml:lang="en">Unknown Narrow Field</CodeText>
      </CodeTextGrp>
    </Code>
    <Code id="urn:ssb:code:stabas:5479977-5482957" parentCodeId="urn:ssb:code:stabas:5479975-5482955">
      <CodeValue>462</CodeValue>
      <CodeTextGrp>
        <CodeText xml:lang="nn">Agriculture, forestry and fishery</CodeText>
        <CodeText xml:lang="nb">Agriculture, forestry and fishery</CodeText>
        <CodeText xml:lang="en">Agriculture, forestry and fishery</CodeText>
      </CodeTextGrp>
    </Code>
    <Code id="urn:ssb:code:stabas:5479977-5482997" parentCodeId="urn:ssb:code:stabas:5479975-5482955">
      <CodeValue>464</CodeValue>
      <CodeTextGrp>
        <CodeText xml:lang="nn">Veterinary</CodeText>
        <CodeText xml:lang="nb">Veterinary</CodeText>
        <CodeText xml:lang="en">Veterinary</CodeText>
      </CodeTextGrp>
    </Code>
    <Code id="urn:ssb:code:stabas:5479977-5483009" parentCodeId="urn:ssb:code:stabas:5479975-5483007">
      <CodeValue>472</CodeValue>
      <CodeTextGrp>
        <CodeText xml:lang="nn">Health</CodeText>
        <CodeText xml:lang="nb">Health</CodeText>
        <CodeText xml:lang="en">Health</CodeText>
      </CodeTextGrp>
    </Code>
    <Code id="urn:ssb:code:stabas:5479977-5483083" parentCodeId="urn:ssb:code:stabas:5479975-5483007">
      <CodeValue>476</CodeValue>
      <CodeTextGrp>
        <CodeText xml:lang="nn">Social services</CodeText>
        <CodeText xml:lang="nb">Social services</CodeText>
        <CodeText xml:lang="en">Social services</CodeText>
      </CodeTextGrp>
    </Code>
    <Code id="urn:ssb:code:stabas:5479977-5483093" parentCodeId="urn:ssb:code:stabas:5479975-5483007">
      <CodeValue>479</CodeValue>
      <CodeTextGrp>
        <CodeText xml:lang="nn">Unknown Narrow Field</CodeText>
        <CodeText xml:lang="nb">Unknown Narrow Field</CodeText>
        <CodeText xml:lang="en">Unknown Narrow Field</CodeText>
      </CodeTextGrp>
    </Code>
    <Code id="urn:ssb:code:stabas:5479977-5483105" parentCodeId="urn:ssb:code:stabas:5479975-5483103">
      <CodeValue>481</CodeValue>
      <CodeTextGrp>
        <CodeText xml:lang="nn">Personal services</CodeText>
        <CodeText xml:lang="nb">Personal services</CodeText>
        <CodeText xml:lang="en">Personal services</CodeText>
      </CodeTextGrp>
    </Code>
    <Code id="urn:ssb:code:stabas:5479977-5483145" parentCodeId="urn:ssb:code:stabas:5479975-5483103">
      <CodeValue>484</CodeValue>
      <CodeTextGrp>
        <CodeText xml:lang="nn">Transport services</CodeText>
        <CodeText xml:lang="nb">Transport services</CodeText>
        <CodeText xml:lang="en">Transport services</CodeText>
      </CodeTextGrp>
    </Code>
    <Code id="urn:ssb:code:stabas:5479977-5483183" parentCodeId="urn:ssb:code:stabas:5479975-5483103">
      <CodeValue>485</CodeValue>
      <CodeTextGrp>
        <CodeText xml:lang="nn">Environmental protection</CodeText>
        <CodeText xml:lang="nb">Environmental protection</CodeText>
        <CodeText xml:lang="en">Environmental protection</CodeText>
      </CodeTextGrp>
    </Code>
    <Code id="urn:ssb:code:stabas:5479977-5483189" parentCodeId="urn:ssb:code:stabas:5479975-5483103">
      <CodeValue>486</CodeValue>
      <CodeTextGrp>
        <CodeText xml:lang="nn">Security services</CodeText>
        <CodeText xml:lang="nb">Security services</CodeText>
        <CodeText xml:lang="en">Security services</CodeText>
      </CodeTextGrp>
    </Code>
    <Code id="urn:ssb:code:stabas:5479977-5483223" parentCodeId="urn:ssb:code:stabas:5479975-5483221">
      <CodeValue>499</CodeValue>
      <CodeTextGrp>
        <CodeText xml:lang="nn">Unknown Narrow Field</CodeText>
        <CodeText xml:lang="nb">Unknown Narrow Field</CodeText>
        <CodeText xml:lang="en">Unknown Narrow Field</CodeText>
      </CodeTextGrp>
    </Code>
    <Code id="urn:ssb:code:stabas:5479977-5483233" parentCodeId="urn:ssb:code:stabas:5479975-5483231">
      <CodeValue>500</CodeValue>
      <CodeTextGrp>
        <CodeText xml:lang="nn">Unknown Narrow Field</CodeText>
        <CodeText xml:lang="nb">Unknown Narrow Field</CodeText>
        <CodeText xml:lang="en">Unknown Narrow Field</CodeText>
      </CodeTextGrp>
    </Code>
    <Code id="urn:ssb:code:stabas:5479977-5483253" parentCodeId="urn:ssb:code:stabas:5479975-5483231">
      <CodeValue>509</CodeValue>
      <CodeTextGrp>
        <CodeText xml:lang="nn">Personal skills</CodeText>
        <CodeText xml:lang="nb">Personal skills</CodeText>
        <CodeText xml:lang="en">Personal skills</CodeText>
      </CodeTextGrp>
    </Code>
    <Code id="urn:ssb:code:stabas:5479977-5483263" parentCodeId="urn:ssb:code:stabas:5479975-5483261">
      <CodeValue>514</CodeValue>
      <CodeTextGrp>
        <CodeText xml:lang="nn">Teacher training and education science</CodeText>
        <CodeText xml:lang="nb">Teacher training and education science</CodeText>
        <CodeText xml:lang="en">Teacher training and education science</CodeText>
      </CodeTextGrp>
    </Code>
    <Code id="urn:ssb:code:stabas:5479977-5483681" parentCodeId="urn:ssb:code:stabas:5479975-5483679">
      <CodeValue>521</CodeValue>
      <CodeTextGrp>
        <CodeText xml:lang="nn">Arts</CodeText>
        <CodeText xml:lang="nb">Arts</CodeText>
        <CodeText xml:lang="en">Arts</CodeText>
      </CodeTextGrp>
    </Code>
    <Code id="urn:ssb:code:stabas:5479977-5484117" parentCodeId="urn:ssb:code:stabas:5479975-5483679">
      <CodeValue>522</CodeValue>
      <CodeTextGrp>
        <CodeText xml:lang="nn">Humanities</CodeText>
        <CodeText xml:lang="nb">Humanities</CodeText>
        <CodeText xml:lang="en">Humanities</CodeText>
      </CodeTextGrp>
    </Code>
    <Code id="urn:ssb:code:stabas:5479977-5484821" parentCodeId="urn:ssb:code:stabas:5479975-5483679">
      <CodeValue>529</CodeValue>
      <CodeTextGrp>
        <CodeText xml:lang="nn">Unknown Narrow Field</CodeText>
        <CodeText xml:lang="nb">Unknown Narrow Field</CodeText>
        <CodeText xml:lang="en">Unknown Narrow Field</CodeText>
      </CodeTextGrp>
    </Code>
    <Code id="urn:ssb:code:stabas:5479977-5484837" parentCodeId="urn:ssb:code:stabas:5479975-5484835">
      <CodeValue>531</CodeValue>
      <CodeTextGrp>
        <CodeText xml:lang="nn">Social and behaviourial science</CodeText>
        <CodeText xml:lang="nb">Social and behaviourial science</CodeText>
        <CodeText xml:lang="en">Social and behaviourial science</CodeText>
      </CodeTextGrp>
    </Code>
    <Code id="urn:ssb:code:stabas:5479977-5485329" parentCodeId="urn:ssb:code:stabas:5479975-5484835">
      <CodeValue>532</CodeValue>
      <CodeTextGrp>
        <CodeText xml:lang="nn">Journalism and information</CodeText>
        <CodeText xml:lang="nb">Journalism and information</CodeText>
        <CodeText xml:lang="en">Journalism and information</CodeText>
      </CodeTextGrp>
    </Code>
    <Code id="urn:ssb:code:stabas:5479977-5485467" parentCodeId="urn:ssb:code:stabas:5479975-5484835">
      <CodeValue>534</CodeValue>
      <CodeTextGrp>
        <CodeText xml:lang="nn">Business and administration</CodeText>
        <CodeText xml:lang="nb">Business and administration</CodeText>
        <CodeText xml:lang="en">Business and administration</CodeText>
      </CodeTextGrp>
    </Code>
    <Code id="urn:ssb:code:stabas:5479977-5485801" parentCodeId="urn:ssb:code:stabas:5479975-5484835">
      <CodeValue>538</CodeValue>
      <CodeTextGrp>
        <CodeText xml:lang="nn">Law</CodeText>
        <CodeText xml:lang="nb">Law</CodeText>
        <CodeText xml:lang="en">Law</CodeText>
      </CodeTextGrp>
    </Code>
    <Code id="urn:ssb:code:stabas:5479977-5485857" parentCodeId="urn:ssb:code:stabas:5479975-5484835">
      <CodeValue>539</CodeValue>
      <CodeTextGrp>
        <CodeText xml:lang="nn">Unknown Narrow Field</CodeText>
        <CodeText xml:lang="nb">Unknown Narrow Field</CodeText>
        <CodeText xml:lang="en">Unknown Narrow Field</CodeText>
      </CodeTextGrp>
    </Code>
    <Code id="urn:ssb:code:stabas:5479977-5485867" parentCodeId="urn:ssb:code:stabas:5479975-5485865">
      <CodeValue>542</CodeValue>
      <CodeTextGrp>
        <CodeText xml:lang="nn">Life science</CodeText>
        <CodeText xml:lang="nb">Life science</CodeText>
        <CodeText xml:lang="en">Life science</CodeText>
      </CodeTextGrp>
    </Code>
    <Code id="urn:ssb:code:stabas:5479977-5486051" parentCodeId="urn:ssb:code:stabas:5479975-5485865">
      <CodeValue>544</CodeValue>
      <CodeTextGrp>
        <CodeText xml:lang="nn">Physical science</CodeText>
        <CodeText xml:lang="nb">Physical science</CodeText>
        <CodeText xml:lang="en">Physical science</CodeText>
      </CodeTextGrp>
    </Code>
    <Code id="urn:ssb:code:stabas:5479977-5486221" parentCodeId="urn:ssb:code:stabas:5479975-5485865">
      <CodeValue>546</CodeValue>
      <CodeTextGrp>
        <CodeText xml:lang="nn">Mathematics and statistics</CodeText>
        <CodeText xml:lang="nb">Mathematics and statistics</CodeText>
        <CodeText xml:lang="en">Mathematics and statistics</CodeText>
      </CodeTextGrp>
    </Code>
    <Code id="urn:ssb:code:stabas:5479977-5486303" parentCodeId="urn:ssb:code:stabas:5479975-5485865">
      <CodeValue>548</CodeValue>
      <CodeTextGrp>
        <CodeText xml:lang="nn">Computing</CodeText>
        <CodeText xml:lang="nb">Computing</CodeText>
        <CodeText xml:lang="en">Computing</CodeText>
      </CodeTextGrp>
    </Code>
    <Code id="urn:ssb:code:stabas:5479977-5486445" parentCodeId="urn:ssb:code:stabas:5479975-5485865">
      <CodeValue>549</CodeValue>
      <CodeTextGrp>
        <CodeText xml:lang="nn">Unknown Narrow Field</CodeText>
        <CodeText xml:lang="nb">Unknown Narrow Field</CodeText>
        <CodeText xml:lang="en">Unknown Narrow Field</CodeText>
      </CodeTextGrp>
    </Code>
    <Code id="urn:ssb:code:stabas:5479977-5486497" parentCodeId="urn:ssb:code:stabas:5479975-5486495">
      <CodeValue>550</CodeValue>
      <CodeTextGrp>
        <CodeText xml:lang="nn">Engineering, Manufacturing and Construction</CodeText>
        <CodeText xml:lang="nb">Engineering, Manufacturing and Construction</CodeText>
        <CodeText xml:lang="en">Engineering, Manufacturing and Construction</CodeText>
      </CodeTextGrp>
    </Code>
    <Code id="urn:ssb:code:stabas:5479977-5486509" parentCodeId="urn:ssb:code:stabas:5479975-5486495">
      <CodeValue>552</CodeValue>
      <CodeTextGrp>
        <CodeText xml:lang="nn">Engineering and engineering trades</CodeText>
        <CodeText xml:lang="nb">Engineering and engineering trades</CodeText>
        <CodeText xml:lang="en">Engineering and engineering trades</CodeText>
      </CodeTextGrp>
    </Code>
    <Code id="urn:ssb:code:stabas:5479977-5486771" parentCodeId="urn:ssb:code:stabas:5479975-5486495">
      <CodeValue>554</CodeValue>
      <CodeTextGrp>
        <CodeText xml:lang="nn">Manufacturing and processing</CodeText>
        <CodeText xml:lang="nb">Manufacturing and processing</CodeText>
        <CodeText xml:lang="en">Manufacturing and processing</CodeText>
      </CodeTextGrp>
    </Code>
    <Code id="urn:ssb:code:stabas:5479977-5486823" parentCodeId="urn:ssb:code:stabas:5479975-5486495">
      <CodeValue>558</CodeValue>
      <CodeTextGrp>
        <CodeText xml:lang="nn">Architecture and building</CodeText>
        <CodeText xml:lang="nb">Architecture and building</CodeText>
        <CodeText xml:lang="en">Architecture and building</CodeText>
      </CodeTextGrp>
    </Code>
    <Code id="urn:ssb:code:stabas:5479977-5486915" parentCodeId="urn:ssb:code:stabas:5479975-5486495">
      <CodeValue>559</CodeValue>
      <CodeTextGrp>
        <CodeText xml:lang="nn">Unknown Narrow Field</CodeText>
        <CodeText xml:lang="nb">Unknown Narrow Field</CodeText>
        <CodeText xml:lang="en">Unknown Narrow Field</CodeText>
      </CodeTextGrp>
    </Code>
    <Code id="urn:ssb:code:stabas:5479977-5486953" parentCodeId="urn:ssb:code:stabas:5479975-5486951">
      <CodeValue>562</CodeValue>
      <CodeTextGrp>
        <CodeText xml:lang="nn">Agriculture, forestry and fishery</CodeText>
        <CodeText xml:lang="nb">Agriculture, forestry and fishery</CodeText>
        <CodeText xml:lang="en">Agriculture, forestry and fishery</CodeText>
      </CodeTextGrp>
    </Code>
    <Code id="urn:ssb:code:stabas:5479977-5487117" parentCodeId="urn:ssb:code:stabas:5479975-5486951">
      <CodeValue>564</CodeValue>
      <CodeTextGrp>
        <CodeText xml:lang="nn">Veterinary</CodeText>
        <CodeText xml:lang="nb">Veterinary</CodeText>
        <CodeText xml:lang="en">Veterinary</CodeText>
      </CodeTextGrp>
    </Code>
    <Code id="urn:ssb:code:stabas:5479977-5487145" parentCodeId="urn:ssb:code:stabas:5479975-5487143">
      <CodeValue>572</CodeValue>
      <CodeTextGrp>
        <CodeText xml:lang="nn">Health</CodeText>
        <CodeText xml:lang="nb">Health</CodeText>
        <CodeText xml:lang="en">Health</CodeText>
      </CodeTextGrp>
    </Code>
    <Code id="urn:ssb:code:stabas:5479977-5487591" parentCodeId="urn:ssb:code:stabas:5479975-5487143">
      <CodeValue>576</CodeValue>
      <CodeTextGrp>
        <CodeText xml:lang="nn">Social services</CodeText>
        <CodeText xml:lang="nb">Social services</CodeText>
        <CodeText xml:lang="en">Social services</CodeText>
      </CodeTextGrp>
    </Code>
    <Code id="urn:ssb:code:stabas:5479977-5487683" parentCodeId="urn:ssb:code:stabas:5479975-5487143">
      <CodeValue>579</CodeValue>
      <CodeTextGrp>
        <CodeText xml:lang="nn">Unknown Narrow Field</CodeText>
        <CodeText xml:lang="nb">Unknown Narrow Field</CodeText>
        <CodeText xml:lang="en">Unknown Narrow Field</CodeText>
      </CodeTextGrp>
    </Code>
    <Code id="urn:ssb:code:stabas:5479977-5487753" parentCodeId="urn:ssb:code:stabas:5479975-5487751">
      <CodeValue>581</CodeValue>
      <CodeTextGrp>
        <CodeText xml:lang="nn">Personal services</CodeText>
        <CodeText xml:lang="nb">Personal services</CodeText>
        <CodeText xml:lang="en">Personal services</CodeText>
      </CodeTextGrp>
    </Code>
    <Code id="urn:ssb:code:stabas:5479977-5487885" parentCodeId="urn:ssb:code:stabas:5479975-5487751">
      <CodeValue>584</CodeValue>
      <CodeTextGrp>
        <CodeText xml:lang="nn">Transport services</CodeText>
        <CodeText xml:lang="nb">Transport services</CodeText>
        <CodeText xml:lang="en">Transport services</CodeText>
      </CodeTextGrp>
    </Code>
    <Code id="urn:ssb:code:stabas:5479977-5487961" parentCodeId="urn:ssb:code:stabas:5479975-5487751">
      <CodeValue>585</CodeValue>
      <CodeTextGrp>
        <CodeText xml:lang="nn">Environmental protection</CodeText>
        <CodeText xml:lang="nb">Environmental protection</CodeText>
        <CodeText xml:lang="en">Environmental protection</CodeText>
      </CodeTextGrp>
    </Code>
    <Code id="urn:ssb:code:stabas:5479977-5488051" parentCodeId="urn:ssb:code:stabas:5479975-5487751">
      <CodeValue>586</CodeValue>
      <CodeTextGrp>
        <CodeText xml:lang="nn">Security services</CodeText>
        <CodeText xml:lang="nb">Security services</CodeText>
        <CodeText xml:lang="en">Security services</CodeText>
      </CodeTextGrp>
    </Code>
    <Code id="urn:ssb:code:stabas:5479977-5488127" parentCodeId="urn:ssb:code:stabas:5479975-5488125">
      <CodeValue>599</CodeValue>
      <CodeTextGrp>
        <CodeText xml:lang="nn">Unknown Narrow Field</CodeText>
        <CodeText xml:lang="nb">Unknown Narrow Field</CodeText>
        <CodeText xml:lang="en">Unknown Narrow Field</CodeText>
      </CodeTextGrp>
    </Code>
    <Code id="urn:ssb:code:stabas:5479977-5488137" parentCodeId="urn:ssb:code:stabas:5479975-5488135">
      <CodeValue>601</CodeValue>
      <CodeTextGrp>
        <CodeText xml:lang="nn">Basic/broad general programmes</CodeText>
        <CodeText xml:lang="nb">Basic/broad general programmes</CodeText>
        <CodeText xml:lang="en">Basic/broad general programmes</CodeText>
      </CodeTextGrp>
    </Code>
    <Code id="urn:ssb:code:stabas:5479977-5488147" parentCodeId="urn:ssb:code:stabas:5479975-5488145">
      <CodeValue>614</CodeValue>
      <CodeTextGrp>
        <CodeText xml:lang="nn">Teacher training and education science</CodeText>
        <CodeText xml:lang="nb">Teacher training and education science</CodeText>
        <CodeText xml:lang="en">Teacher training and education science</CodeText>
      </CodeTextGrp>
    </Code>
    <Code id="urn:ssb:code:stabas:5479977-5488227" parentCodeId="urn:ssb:code:stabas:5479975-5488225">
      <CodeValue>620</CodeValue>
      <CodeTextGrp>
        <CodeText xml:lang="nn">Unknown Narrow Field</CodeText>
        <CodeText xml:lang="nb">Unknown Narrow Field</CodeText>
        <CodeText xml:lang="en">Unknown Narrow Field</CodeText>
      </CodeTextGrp>
    </Code>
    <Code id="urn:ssb:code:stabas:5479977-5488233" parentCodeId="urn:ssb:code:stabas:5479975-5488225">
      <CodeValue>621</CodeValue>
      <CodeTextGrp>
        <CodeText xml:lang="nn">Arts</CodeText>
        <CodeText xml:lang="nb">Arts</CodeText>
        <CodeText xml:lang="en">Arts</CodeText>
      </CodeTextGrp>
    </Code>
    <Code id="urn:ssb:code:stabas:5479977-5488293" parentCodeId="urn:ssb:code:stabas:5479975-5488225">
      <CodeValue>622</CodeValue>
      <CodeTextGrp>
        <CodeText xml:lang="nn">Humanities</CodeText>
        <CodeText xml:lang="nb">Humanities</CodeText>
        <CodeText xml:lang="en">Humanities</CodeText>
      </CodeTextGrp>
    </Code>
    <Code id="urn:ssb:code:stabas:5479977-5488439" parentCodeId="urn:ssb:code:stabas:5479975-5488437">
      <CodeValue>631</CodeValue>
      <CodeTextGrp>
        <CodeText xml:lang="nn">Social and behaviourial science</CodeText>
        <CodeText xml:lang="nb">Social and behaviourial science</CodeText>
        <CodeText xml:lang="en">Social and behaviourial science</CodeText>
      </CodeTextGrp>
    </Code>
    <Code id="urn:ssb:code:stabas:5479977-5488563" parentCodeId="urn:ssb:code:stabas:5479975-5488437">
      <CodeValue>632</CodeValue>
      <CodeTextGrp>
        <CodeText xml:lang="nn">Journalism and information</CodeText>
        <CodeText xml:lang="nb">Journalism and information</CodeText>
        <CodeText xml:lang="en">Journalism and information</CodeText>
      </CodeTextGrp>
    </Code>
    <Code id="urn:ssb:code:stabas:5479977-5488589" parentCodeId="urn:ssb:code:stabas:5479975-5488437">
      <CodeValue>634</CodeValue>
      <CodeTextGrp>
        <CodeText xml:lang="nn">Business and administration</CodeText>
        <CodeText xml:lang="nb">Business and administration</CodeText>
        <CodeText xml:lang="en">Business and administration</CodeText>
      </CodeTextGrp>
    </Code>
    <Code id="urn:ssb:code:stabas:5479977-5488627" parentCodeId="urn:ssb:code:stabas:5479975-5488437">
      <CodeValue>638</CodeValue>
      <CodeTextGrp>
        <CodeText xml:lang="nn">Law</CodeText>
        <CodeText xml:lang="nb">Law</CodeText>
        <CodeText xml:lang="en">Law</CodeText>
      </CodeTextGrp>
    </Code>
    <Code id="urn:ssb:code:stabas:5479977-5488651" parentCodeId="urn:ssb:code:stabas:5479975-5488649">
      <CodeValue>642</CodeValue>
      <CodeTextGrp>
        <CodeText xml:lang="nn">Life science</CodeText>
        <CodeText xml:lang="nb">Life science</CodeText>
        <CodeText xml:lang="en">Life science</CodeText>
      </CodeTextGrp>
    </Code>
    <Code id="urn:ssb:code:stabas:5479977-5488693" parentCodeId="urn:ssb:code:stabas:5479975-5488649">
      <CodeValue>644</CodeValue>
      <CodeTextGrp>
        <CodeText xml:lang="nn">Physical science</CodeText>
        <CodeText xml:lang="nb">Physical science</CodeText>
        <CodeText xml:lang="en">Physical science</CodeText>
      </CodeTextGrp>
    </Code>
    <Code id="urn:ssb:code:stabas:5479977-5488753" parentCodeId="urn:ssb:code:stabas:5479975-5488649">
      <CodeValue>646</CodeValue>
      <CodeTextGrp>
        <CodeText xml:lang="nn">Mathematics and statistics</CodeText>
        <CodeText xml:lang="nb">Mathematics and statistics</CodeText>
        <CodeText xml:lang="en">Mathematics and statistics</CodeText>
      </CodeTextGrp>
    </Code>
    <Code id="urn:ssb:code:stabas:5479977-5488779" parentCodeId="urn:ssb:code:stabas:5479975-5488649">
      <CodeValue>648</CodeValue>
      <CodeTextGrp>
        <CodeText xml:lang="nn">Computing</CodeText>
        <CodeText xml:lang="nb">Computing</CodeText>
        <CodeText xml:lang="en">Computing</CodeText>
      </CodeTextGrp>
    </Code>
    <Code id="urn:ssb:code:stabas:5479977-5488793" parentCodeId="urn:ssb:code:stabas:5479975-5488649">
      <CodeValue>649</CodeValue>
      <CodeTextGrp>
        <CodeText xml:lang="nn">Unknown Narrow Field</CodeText>
        <CodeText xml:lang="nb">Unknown Narrow Field</CodeText>
        <CodeText xml:lang="en">Unknown Narrow Field</CodeText>
      </CodeTextGrp>
    </Code>
    <Code id="urn:ssb:code:stabas:5479977-5488807" parentCodeId="urn:ssb:code:stabas:5479975-5488805">
      <CodeValue>652</CodeValue>
      <CodeTextGrp>
        <CodeText xml:lang="nn">Engineering and engineering trades</CodeText>
        <CodeText xml:lang="nb">Engineering and engineering trades</CodeText>
        <CodeText xml:lang="en">Engineering and engineering trades</CodeText>
      </CodeTextGrp>
    </Code>
    <Code id="urn:ssb:code:stabas:5479977-5488869" parentCodeId="urn:ssb:code:stabas:5479975-5488805">
      <CodeValue>654</CodeValue>
      <CodeTextGrp>
        <CodeText xml:lang="nn">Manufacturing and processing</CodeText>
        <CodeText xml:lang="nb">Manufacturing and processing</CodeText>
        <CodeText xml:lang="en">Manufacturing and processing</CodeText>
      </CodeTextGrp>
    </Code>
    <Code id="urn:ssb:code:stabas:5479977-5488891" parentCodeId="urn:ssb:code:stabas:5479975-5488805">
      <CodeValue>658</CodeValue>
      <CodeTextGrp>
        <CodeText xml:lang="nn">Architecture and building</CodeText>
        <CodeText xml:lang="nb">Architecture and building</CodeText>
        <CodeText xml:lang="en">Architecture and building</CodeText>
      </CodeTextGrp>
    </Code>
    <Code id="urn:ssb:code:stabas:5479977-5488919" parentCodeId="urn:ssb:code:stabas:5479975-5488805">
      <CodeValue>659</CodeValue>
      <CodeTextGrp>
        <CodeText xml:lang="nn">Unknown Narrow Field</CodeText>
        <CodeText xml:lang="nb">Unknown Narrow Field</CodeText>
        <CodeText xml:lang="en">Unknown Narrow Field</CodeText>
      </CodeTextGrp>
    </Code>
    <Code id="urn:ssb:code:stabas:5479977-5488933" parentCodeId="urn:ssb:code:stabas:5479975-5488931">
      <CodeValue>662</CodeValue>
      <CodeTextGrp>
        <CodeText xml:lang="nn">Agriculture, forestry and fishery</CodeText>
        <CodeText xml:lang="nb">Agriculture, forestry and fishery</CodeText>
        <CodeText xml:lang="en">Agriculture, forestry and fishery</CodeText>
      </CodeTextGrp>
    </Code>
    <Code id="urn:ssb:code:stabas:5479977-5488979" parentCodeId="urn:ssb:code:stabas:5479975-5488931">
      <CodeValue>664</CodeValue>
      <CodeTextGrp>
        <CodeText xml:lang="nn">Veterinary</CodeText>
        <CodeText xml:lang="nb">Veterinary</CodeText>
        <CodeText xml:lang="en">Veterinary</CodeText>
      </CodeTextGrp>
    </Code>
    <Code id="urn:ssb:code:stabas:5479977-5488999" parentCodeId="urn:ssb:code:stabas:5479975-5488931">
      <CodeValue>669</CodeValue>
      <CodeTextGrp>
        <CodeText xml:lang="nn">Unknown Narrow Field</CodeText>
        <CodeText xml:lang="nb">Unknown Narrow Field</CodeText>
        <CodeText xml:lang="en">Unknown Narrow Field</CodeText>
      </CodeTextGrp>
    </Code>
    <Code id="urn:ssb:code:stabas:5479977-5489007" parentCodeId="urn:ssb:code:stabas:5479975-5489005">
      <CodeValue>672</CodeValue>
      <CodeTextGrp>
        <CodeText xml:lang="nn">Health</CodeText>
        <CodeText xml:lang="nb">Health</CodeText>
        <CodeText xml:lang="en">Health</CodeText>
      </CodeTextGrp>
    </Code>
    <Code id="urn:ssb:code:stabas:5479977-5489097" parentCodeId="urn:ssb:code:stabas:5479975-5489005">
      <CodeValue>676</CodeValue>
      <CodeTextGrp>
        <CodeText xml:lang="nn">Social services</CodeText>
        <CodeText xml:lang="nb">Social services</CodeText>
        <CodeText xml:lang="en">Social services</CodeText>
      </CodeTextGrp>
    </Code>
    <Code id="urn:ssb:code:stabas:5479977-5489107" parentCodeId="urn:ssb:code:stabas:5479975-5489005">
      <CodeValue>679</CodeValue>
      <CodeTextGrp>
        <CodeText xml:lang="nn">Unknown Narrow Field</CodeText>
        <CodeText xml:lang="nb">Unknown Narrow Field</CodeText>
        <CodeText xml:lang="en">Unknown Narrow Field</CodeText>
      </CodeTextGrp>
    </Code>
    <Code id="urn:ssb:code:stabas:5479977-5489119" parentCodeId="urn:ssb:code:stabas:5479975-5489117">
      <CodeValue>681</CodeValue>
      <CodeTextGrp>
        <CodeText xml:lang="nn">Personal services</CodeText>
        <CodeText xml:lang="nb">Personal services</CodeText>
        <CodeText xml:lang="en">Personal services</CodeText>
      </CodeTextGrp>
    </Code>
    <Code id="urn:ssb:code:stabas:5479977-5489151" parentCodeId="urn:ssb:code:stabas:5479975-5489117">
      <CodeValue>684</CodeValue>
      <CodeTextGrp>
        <CodeText xml:lang="nn">Transport services</CodeText>
        <CodeText xml:lang="nb">Transport services</CodeText>
        <CodeText xml:lang="en">Transport services</CodeText>
      </CodeTextGrp>
    </Code>
    <Code id="urn:ssb:code:stabas:5479977-5489165" parentCodeId="urn:ssb:code:stabas:5479975-5489117">
      <CodeValue>685</CodeValue>
      <CodeTextGrp>
        <CodeText xml:lang="nn">Environmental protection</CodeText>
        <CodeText xml:lang="nb">Environmental protection</CodeText>
        <CodeText xml:lang="en">Environmental protection</CodeText>
      </CodeTextGrp>
    </Code>
    <Code id="urn:ssb:code:stabas:5479977-5489175" parentCodeId="urn:ssb:code:stabas:5479975-5489117">
      <CodeValue>686</CodeValue>
      <CodeTextGrp>
        <CodeText xml:lang="nn">Security services</CodeText>
        <CodeText xml:lang="nb">Security services</CodeText>
        <CodeText xml:lang="en">Security services</CodeText>
      </CodeTextGrp>
    </Code>
    <Code id="urn:ssb:code:stabas:5479977-5489197" parentCodeId="urn:ssb:code:stabas:5479975-5489195">
      <CodeValue>699</CodeValue>
      <CodeTextGrp>
        <CodeText xml:lang="nn">Unknown Narrow Field</CodeText>
        <CodeText xml:lang="nb">Unknown Narrow Field</CodeText>
        <CodeText xml:lang="en">Unknown Narrow Field</CodeText>
      </CodeTextGrp>
    </Code>
    <Code id="urn:ssb:code:stabas:5479977-5489209" parentCodeId="urn:ssb:code:stabas:5479975-5489207">
      <CodeValue>999</CodeValue>
      <CodeTextGrp>
        <CodeText xml:lang="nn">Unknown Narrow Field</CodeText>
        <CodeText xml:lang="nb">Unknown Narrow Field</CodeText>
        <CodeText xml:lang="en">Unknown Narrow Field</CodeText>
      </CodeTextGrp>
    </Code>
  </Codes>
</Codelist>