<?xml version="1.0" encoding="utf-8"?>
<Codelist xmlns:xsi="http://www.w3.org/2001/XMLSchema-instance" xmlns:xsd="http://www.w3.org/2001/XMLSchema" id="urn:ssb:codelist:stabas:5500005" defaultValidFrom="2008-07-01" defaultValidTo="2008-12-31" lastChangedDate="2011-01-25" parentCodelistId="urn:ssb:codelist:stabas:5500003" isCurrent="false" relationId="urn:ssb:classversion:stabas:5500001" xmlns="http://www.ssb.no/ns/meta/codelist">
  <CodelistMeta>
    <TitleGrp>
      <Title xml:lang="nn">Norsk standard for utdanningsgruppering (NUS2000) 2008/2: Fagfelt</Title>
      <Title xml:lang="nb">Norsk standard for utdanningsgruppering (NUS2000) 2008/2: Fagfelt</Title>
      <Title xml:lang="en">Norwegian Standard Classification of Education (NUS2000) 2008/2: Special field</Title>
    </TitleGrp>
    <DescriptionGrp>
      <Description xml:lang="nn">Norsk standard for utdanningsgruppering(NUS2000) blir brukt for å gruppere utdanningsaktivitetar og utdanningsbakgrunn til personar i SSBs utdanningsstatistikk og i andre statistikkar der utdanning er med som ein variabel. I tillegg blir standarden brukt i ekstern forsking og av ei rekkje bedrifter som nyttar han i sine personal-administrative system. For meir informasjon, sjå NOS C 676 (under publikasjonar).</Description>
      <Description xml:lang="nb">Norsk standard for utdanningsgruppering (NUS2000) brukes for å gruppere personers utdanningsaktiviteter og personers utdanningsbakgrunn i SSBs utdanningsstatistikk og i andre statistikker der utdanning inngår som en variabel. I tillegg brukes standarden i ekstern forskning og av en rekke bedrifter i deres personal-administrative systemer. For mer informasjon, se NOS C 617  (under publikasjoner).</Description>
      <Description xml:lang="en">The Norwegian Standard Classification of Education (NUS2000) is used for grouping peoples education activities and education background. The standard is used in Statistic Norway's education statistics, and in other statistics where education is included as an variable. In addition to this, the standard is used in external research and of companies in their personal administrative systems. For more information, see NOS C 751 (under publications).

</Description>
    </DescriptionGrp>
    <ContactInformation>
      <Person xmlns="http://www.ssb.no/ns/meta/common">gki</Person>
      <Division xmlns="http://www.ssb.no/ns/meta/common">360</Division>
    </ContactInformation>
    <NoteGrp>
      <Note xml:lang="nn">Hovudendringane i høve til dei tidlegare utgåvene av Norsk standard for utdanningsgruppering (NUS1970, NUS1973, NUS1989), er ei ny nivåinndeling, ei faginndeling som er lik på alle nivå, og ei presisering av kva fag kvar enkeltutdanning omfattar. Ei anna stor endring er innføring av grupperinga kodetype. For utdanningsaktivitetar fullførde innanfor det ordinære utdanningssystemet i Noreg, skal standarden vere fullstendig. Alle utdanningsaktivitar har eigne utdanningskodar. Konkret inneber dette mellom anna at gradar og fag under lov om vidaregåande opplæring har eigne kodar. Andre utdanningsaktivitetar blir òg klassifiserte gjennom standarden, men da med bruk av samlekodar som er spesifiserte anten på fagfelt, faggruppe eller utdanningsgruppe.</Note>
      <Note xml:lang="nb">Hovedendringene i forhold til de tidligere utgavene av Norsk standard for utdanningsgruppering (NUS1970, NUS1973, NUS1989), er en ny nivåinndeling, en faginndeling som er lik på alle nivåer, og en presisering av hvilke fag hver enkeltutdanning omfatter.En annen stor endring er innføring av grupperingen kodetype. For utdanningsaktiviteter fullført innenfor det ordinære utdanningssystemet i Norge skal standarden være fullstendig. Alle utdanningsaktiviteter har egne utdanningskoder. Konkret innebærer dette blant annet at grader og fag under lov om videregående opplæring har egne koder. Andre utdanningsaktiviteter klassifiseres også gjennom standarden, men da ved bruk av samlekoder spesifisert enten på fagfelt, faggruppe eller utdanningsgruppe</Note>
      <Note xml:lang="en">The main changes compared with the previous versions of The Norwegian Standard Classification of Education (NUS1970, NUS1973, NUS1989) is a new classification of levels, a distribution of subjects equal on all levels, and an specification on which subjects each education include. An other big change is the introduction of code type. For education activities completed within Norway's ordinary education system, the standard shall be complete. All education activities have their own education codes. This means, for example, that grades and subjects under the Upper Secondary Education Act have own codes. Also other education activities is classified with the standard, but then with use of codes ether specified on education field, subject group or education group.



</Note>
    </NoteGrp>
  </CodelistMeta>
  <Codes>
    <Code id="urn:ssb:code:stabas:5500005-5500015" parentCodeId="urn:ssb:code:stabas:5500003-5500013">
      <CodeValue>09</CodeValue>
      <CodeTextGrp>
        <CodeText xml:lang="nn">Uoppgitt fagfelt</CodeText>
        <CodeText xml:lang="nb">Uoppgitt fagfelt</CodeText>
        <CodeText xml:lang="en">Unspecified field of study</CodeText>
      </CodeTextGrp>
    </Code>
    <Code id="urn:ssb:code:stabas:5500005-5500029" parentCodeId="urn:ssb:code:stabas:5500003-5500027">
      <CodeValue>10</CodeValue>
      <CodeTextGrp>
        <CodeText xml:lang="nn">Allmenne fag</CodeText>
        <CodeText xml:lang="nb">Allmenne fag</CodeText>
        <CodeText xml:lang="en">General subjects</CodeText>
      </CodeTextGrp>
    </Code>
    <Code id="urn:ssb:code:stabas:5500005-5500041" parentCodeId="urn:ssb:code:stabas:5500003-5500027">
      <CodeValue>19</CodeValue>
      <CodeTextGrp>
        <CodeText xml:lang="nn">Uoppgitt fagfelt</CodeText>
        <CodeText xml:lang="nb">Uoppgitt fagfelt</CodeText>
        <CodeText xml:lang="en">Unspecified field of study</CodeText>
      </CodeTextGrp>
    </Code>
    <Code id="urn:ssb:code:stabas:5500005-5500051" parentCodeId="urn:ssb:code:stabas:5500003-5500049">
      <CodeValue>20</CodeValue>
      <CodeTextGrp>
        <CodeText xml:lang="nn">Allmenne fag</CodeText>
        <CodeText xml:lang="nb">Allmenne fag</CodeText>
        <CodeText xml:lang="en">General subjects</CodeText>
      </CodeTextGrp>
    </Code>
    <Code id="urn:ssb:code:stabas:5500005-5500075" parentCodeId="urn:ssb:code:stabas:5500003-5500049">
      <CodeValue>21</CodeValue>
      <CodeTextGrp>
        <CodeText xml:lang="nn">Humanistiske og estetiske fag</CodeText>
        <CodeText xml:lang="nb">Humanistiske og estetiske fag</CodeText>
        <CodeText xml:lang="en">Humanities and arts</CodeText>
      </CodeTextGrp>
    </Code>
    <Code id="urn:ssb:code:stabas:5500005-5500083" parentCodeId="urn:ssb:code:stabas:5500003-5500049">
      <CodeValue>22</CodeValue>
      <CodeTextGrp>
        <CodeText xml:lang="nn">Lærarutdanningar og utdanningar i pedagogikk</CodeText>
        <CodeText xml:lang="nb">Lærerutdanninger og utdanninger i pedagogikk</CodeText>
        <CodeText xml:lang="en">Teacher training and pedagogy</CodeText>
      </CodeTextGrp>
    </Code>
    <Code id="urn:ssb:code:stabas:5500005-5500091" parentCodeId="urn:ssb:code:stabas:5500003-5500049">
      <CodeValue>23</CodeValue>
      <CodeTextGrp>
        <CodeText xml:lang="nn">Samfunnsfag og juridiske fag</CodeText>
        <CodeText xml:lang="nb">Samfunnsfag og juridiske fag</CodeText>
        <CodeText xml:lang="en">Social sciences and law</CodeText>
      </CodeTextGrp>
    </Code>
    <Code id="urn:ssb:code:stabas:5500005-5500099" parentCodeId="urn:ssb:code:stabas:5500003-5500049">
      <CodeValue>24</CodeValue>
      <CodeTextGrp>
        <CodeText xml:lang="nn">Økonomiske og administrative fag</CodeText>
        <CodeText xml:lang="nb">Økonomiske og administrative fag</CodeText>
        <CodeText xml:lang="en">Business and administration</CodeText>
      </CodeTextGrp>
    </Code>
    <Code id="urn:ssb:code:stabas:5500005-5500107" parentCodeId="urn:ssb:code:stabas:5500003-5500049">
      <CodeValue>25</CodeValue>
      <CodeTextGrp>
        <CodeText xml:lang="nn">Naturvitskapelege fag, handverksfag og tekniske fag</CodeText>
        <CodeText xml:lang="nb">Naturvitenskapelige fag, håndverksfag og tekniske fag</CodeText>
        <CodeText xml:lang="en">Natural sciences, vocational and technical subjects</CodeText>
      </CodeTextGrp>
    </Code>
    <Code id="urn:ssb:code:stabas:5500005-5500115" parentCodeId="urn:ssb:code:stabas:5500003-5500049">
      <CodeValue>26</CodeValue>
      <CodeTextGrp>
        <CodeText xml:lang="nn">Helse-, sosial- og idrettsfag</CodeText>
        <CodeText xml:lang="nb">Helse-, sosial- og idrettsfag</CodeText>
        <CodeText xml:lang="en">Health, welfare and sport</CodeText>
      </CodeTextGrp>
    </Code>
    <Code id="urn:ssb:code:stabas:5500005-5500123" parentCodeId="urn:ssb:code:stabas:5500003-5500049">
      <CodeValue>27</CodeValue>
      <CodeTextGrp>
        <CodeText xml:lang="nn">Primærnæringsfag</CodeText>
        <CodeText xml:lang="nb">Primærnæringsfag</CodeText>
        <CodeText xml:lang="en">Primary industries</CodeText>
      </CodeTextGrp>
    </Code>
    <Code id="urn:ssb:code:stabas:5500005-5500131" parentCodeId="urn:ssb:code:stabas:5500003-5500049">
      <CodeValue>28</CodeValue>
      <CodeTextGrp>
        <CodeText xml:lang="nn">Samferdsels- og tryggleiksfag og andre servicefag</CodeText>
        <CodeText xml:lang="nb">Samferdsels- og sikkerhetsfag og andre servicefag</CodeText>
        <CodeText xml:lang="en">Transport and communications, safety and security and other services</CodeText>
      </CodeTextGrp>
    </Code>
    <Code id="urn:ssb:code:stabas:5500005-5500139" parentCodeId="urn:ssb:code:stabas:5500003-5500049">
      <CodeValue>29</CodeValue>
      <CodeTextGrp>
        <CodeText xml:lang="nn">Uoppgitt fagfelt</CodeText>
        <CodeText xml:lang="nb">Uoppgitt fagfelt</CodeText>
        <CodeText xml:lang="en">Unspecified field of study</CodeText>
      </CodeTextGrp>
    </Code>
    <Code id="urn:ssb:code:stabas:5500005-5500149" parentCodeId="urn:ssb:code:stabas:5500003-5500147">
      <CodeValue>30</CodeValue>
      <CodeTextGrp>
        <CodeText xml:lang="nn">Allmenne fag</CodeText>
        <CodeText xml:lang="nb">Allmenne fag</CodeText>
        <CodeText xml:lang="en">General subjects</CodeText>
      </CodeTextGrp>
    </Code>
    <Code id="urn:ssb:code:stabas:5500005-5500195" parentCodeId="urn:ssb:code:stabas:5500003-5500147">
      <CodeValue>31</CodeValue>
      <CodeTextGrp>
        <CodeText xml:lang="nn">Humanistiske og estetiske fag</CodeText>
        <CodeText xml:lang="nb">Humanistiske og estetiske fag</CodeText>
        <CodeText xml:lang="en">Humanities and arts</CodeText>
      </CodeTextGrp>
    </Code>
    <Code id="urn:ssb:code:stabas:5500005-5500433" parentCodeId="urn:ssb:code:stabas:5500003-5500147">
      <CodeValue>32</CodeValue>
      <CodeTextGrp>
        <CodeText xml:lang="nn">Lærarutdanningar og utdanningar i pedagogikk</CodeText>
        <CodeText xml:lang="nb">Lærerutdanninger og utdanninger i pedagogikk</CodeText>
        <CodeText xml:lang="en">Teacher training and pedagogy</CodeText>
      </CodeTextGrp>
    </Code>
    <Code id="urn:ssb:code:stabas:5500005-5500525" parentCodeId="urn:ssb:code:stabas:5500003-5500147">
      <CodeValue>33</CodeValue>
      <CodeTextGrp>
        <CodeText xml:lang="nn">Samfunnsfag og juridiske fag</CodeText>
        <CodeText xml:lang="nb">Samfunnsfag og juridiske fag</CodeText>
        <CodeText xml:lang="en">Social sciences and law</CodeText>
      </CodeTextGrp>
    </Code>
    <Code id="urn:ssb:code:stabas:5500005-5500635" parentCodeId="urn:ssb:code:stabas:5500003-5500147">
      <CodeValue>34</CodeValue>
      <CodeTextGrp>
        <CodeText xml:lang="nn">Økonomiske og administrative fag</CodeText>
        <CodeText xml:lang="nb">Økonomiske og administrative fag</CodeText>
        <CodeText xml:lang="en">Business and administration</CodeText>
      </CodeTextGrp>
    </Code>
    <Code id="urn:ssb:code:stabas:5500005-5500729" parentCodeId="urn:ssb:code:stabas:5500003-5500147">
      <CodeValue>35</CodeValue>
      <CodeTextGrp>
        <CodeText xml:lang="nn">Naturvitskapelege fag, handverksfag og tekniske fag</CodeText>
        <CodeText xml:lang="nb">Naturvitenskapelige fag, håndverksfag og tekniske fag</CodeText>
        <CodeText xml:lang="en">Natural sciences, vocational and technical subjects</CodeText>
      </CodeTextGrp>
    </Code>
    <Code id="urn:ssb:code:stabas:5500005-5501101" parentCodeId="urn:ssb:code:stabas:5500003-5500147">
      <CodeValue>36</CodeValue>
      <CodeTextGrp>
        <CodeText xml:lang="nn">Helse-, sosial- og idrettsfag</CodeText>
        <CodeText xml:lang="nb">Helse-, sosial- og idrettsfag</CodeText>
        <CodeText xml:lang="en">Health, welfare and sport</CodeText>
      </CodeTextGrp>
    </Code>
    <Code id="urn:ssb:code:stabas:5500005-5501297" parentCodeId="urn:ssb:code:stabas:5500003-5500147">
      <CodeValue>37</CodeValue>
      <CodeTextGrp>
        <CodeText xml:lang="nn">Primærnæringsfag</CodeText>
        <CodeText xml:lang="nb">Primærnæringsfag</CodeText>
        <CodeText xml:lang="en">Primary industries</CodeText>
      </CodeTextGrp>
    </Code>
    <Code id="urn:ssb:code:stabas:5500005-5501393" parentCodeId="urn:ssb:code:stabas:5500003-5500147">
      <CodeValue>38</CodeValue>
      <CodeTextGrp>
        <CodeText xml:lang="nn">Samferdsels- og tryggleiksfag og andre servicefag</CodeText>
        <CodeText xml:lang="nb">Samferdsels- og sikkerhetsfag og andre servicefag</CodeText>
        <CodeText xml:lang="en">Transport and communications, safety and security and other services</CodeText>
      </CodeTextGrp>
    </Code>
    <Code id="urn:ssb:code:stabas:5500005-5501525" parentCodeId="urn:ssb:code:stabas:5500003-5500147">
      <CodeValue>39</CodeValue>
      <CodeTextGrp>
        <CodeText xml:lang="nn">Uoppgitt fagfelt</CodeText>
        <CodeText xml:lang="nb">Uoppgitt fagfelt</CodeText>
        <CodeText xml:lang="en">Unspecified field of study</CodeText>
      </CodeTextGrp>
    </Code>
    <Code id="urn:ssb:code:stabas:5500005-5501541" parentCodeId="urn:ssb:code:stabas:5500003-5501539">
      <CodeValue>40</CodeValue>
      <CodeTextGrp>
        <CodeText xml:lang="nn">Allmenne fag</CodeText>
        <CodeText xml:lang="nb">Allmenne fag</CodeText>
        <CodeText xml:lang="en">General subjects</CodeText>
      </CodeTextGrp>
    </Code>
    <Code id="urn:ssb:code:stabas:5500005-5501577" parentCodeId="urn:ssb:code:stabas:5500003-5501539">
      <CodeValue>41</CodeValue>
      <CodeTextGrp>
        <CodeText xml:lang="nn">Humanistiske og estetiske fag</CodeText>
        <CodeText xml:lang="nb">Humanistiske og estetiske fag</CodeText>
        <CodeText xml:lang="en">Humanities and arts</CodeText>
      </CodeTextGrp>
    </Code>
    <Code id="urn:ssb:code:stabas:5500005-5501833" parentCodeId="urn:ssb:code:stabas:5500003-5501539">
      <CodeValue>42</CodeValue>
      <CodeTextGrp>
        <CodeText xml:lang="nn">Lærarutdanningar og utdanningar i pedagogikk</CodeText>
        <CodeText xml:lang="nb">Lærerutdanninger og utdanninger i pedagogikk</CodeText>
        <CodeText xml:lang="en">Teacher training and pedagogy</CodeText>
      </CodeTextGrp>
    </Code>
    <Code id="urn:ssb:code:stabas:5500005-5501925" parentCodeId="urn:ssb:code:stabas:5500003-5501539">
      <CodeValue>43</CodeValue>
      <CodeTextGrp>
        <CodeText xml:lang="nn">Samfunnsfag og juridiske fag</CodeText>
        <CodeText xml:lang="nb">Samfunnsfag og juridiske fag</CodeText>
        <CodeText xml:lang="en">Social sciences and law</CodeText>
      </CodeTextGrp>
    </Code>
    <Code id="urn:ssb:code:stabas:5500005-5502023" parentCodeId="urn:ssb:code:stabas:5500003-5501539">
      <CodeValue>44</CodeValue>
      <CodeTextGrp>
        <CodeText xml:lang="nn">Økonomiske og administrative fag</CodeText>
        <CodeText xml:lang="nb">Økonomiske og administrative fag</CodeText>
        <CodeText xml:lang="en">Business and administration</CodeText>
      </CodeTextGrp>
    </Code>
    <Code id="urn:ssb:code:stabas:5500005-5502117" parentCodeId="urn:ssb:code:stabas:5500003-5501539">
      <CodeValue>45</CodeValue>
      <CodeTextGrp>
        <CodeText xml:lang="nn">Naturvitskapelege fag, handverksfag og tekniske fag</CodeText>
        <CodeText xml:lang="nb">Naturvitenskapelige fag, håndverksfag og tekniske fag</CodeText>
        <CodeText xml:lang="en">Natural sciences, vocational and technical subjects</CodeText>
      </CodeTextGrp>
    </Code>
    <Code id="urn:ssb:code:stabas:5500005-5502659" parentCodeId="urn:ssb:code:stabas:5500003-5501539">
      <CodeValue>46</CodeValue>
      <CodeTextGrp>
        <CodeText xml:lang="nn">Helse-, sosial- og idrettsfag</CodeText>
        <CodeText xml:lang="nb">Helse-, sosial- og idrettsfag</CodeText>
        <CodeText xml:lang="en">Health, welfare and sport</CodeText>
      </CodeTextGrp>
    </Code>
    <Code id="urn:ssb:code:stabas:5500005-5502833" parentCodeId="urn:ssb:code:stabas:5500003-5501539">
      <CodeValue>47</CodeValue>
      <CodeTextGrp>
        <CodeText xml:lang="nn">Primærnæringsfag</CodeText>
        <CodeText xml:lang="nb">Primærnæringsfag</CodeText>
        <CodeText xml:lang="en">Primary industries</CodeText>
      </CodeTextGrp>
    </Code>
    <Code id="urn:ssb:code:stabas:5500005-5502921" parentCodeId="urn:ssb:code:stabas:5500003-5501539">
      <CodeValue>48</CodeValue>
      <CodeTextGrp>
        <CodeText xml:lang="nn">Samferdsels- og tryggleiksfag og andre servicefag</CodeText>
        <CodeText xml:lang="nb">Samferdsels- og sikkerhetsfag og andre servicefag</CodeText>
        <CodeText xml:lang="en">Transport and communications, safety and security and other services</CodeText>
      </CodeTextGrp>
    </Code>
    <Code id="urn:ssb:code:stabas:5500005-5503041" parentCodeId="urn:ssb:code:stabas:5500003-5501539">
      <CodeValue>49</CodeValue>
      <CodeTextGrp>
        <CodeText xml:lang="nn">Uoppgitt fagfelt</CodeText>
        <CodeText xml:lang="nb">Uoppgitt fagfelt</CodeText>
        <CodeText xml:lang="en">Unspecified field of study</CodeText>
      </CodeTextGrp>
    </Code>
    <Code id="urn:ssb:code:stabas:5500005-5503051" parentCodeId="urn:ssb:code:stabas:5500003-5503049">
      <CodeValue>50</CodeValue>
      <CodeTextGrp>
        <CodeText xml:lang="nn">Allmenne fag</CodeText>
        <CodeText xml:lang="nb">Allmenne fag</CodeText>
        <CodeText xml:lang="en">General subjects</CodeText>
      </CodeTextGrp>
    </Code>
    <Code id="urn:ssb:code:stabas:5500005-5503067" parentCodeId="urn:ssb:code:stabas:5500003-5503049">
      <CodeValue>51</CodeValue>
      <CodeTextGrp>
        <CodeText xml:lang="nn">Humanistiske og estetiske fag</CodeText>
        <CodeText xml:lang="nb">Humanistiske og estetiske fag</CodeText>
        <CodeText xml:lang="en">Humanities and arts</CodeText>
      </CodeTextGrp>
    </Code>
    <Code id="urn:ssb:code:stabas:5500005-5503263" parentCodeId="urn:ssb:code:stabas:5500003-5503049">
      <CodeValue>52</CodeValue>
      <CodeTextGrp>
        <CodeText xml:lang="nn">Lærarutdanningar og utdanningar i pedagogikk</CodeText>
        <CodeText xml:lang="nb">Lærerutdanninger og utdanninger i pedagogikk</CodeText>
        <CodeText xml:lang="en">Teacher training and pedagogy</CodeText>
      </CodeTextGrp>
    </Code>
    <Code id="urn:ssb:code:stabas:5500005-5503355" parentCodeId="urn:ssb:code:stabas:5500003-5503049">
      <CodeValue>53</CodeValue>
      <CodeTextGrp>
        <CodeText xml:lang="nn">Samfunnsfag og juridiske fag</CodeText>
        <CodeText xml:lang="nb">Samfunnsfag og juridiske fag</CodeText>
        <CodeText xml:lang="en">Social sciences and law</CodeText>
      </CodeTextGrp>
    </Code>
    <Code id="urn:ssb:code:stabas:5500005-5503463" parentCodeId="urn:ssb:code:stabas:5500003-5503049">
      <CodeValue>54</CodeValue>
      <CodeTextGrp>
        <CodeText xml:lang="nn">Økonomiske og administrative fag</CodeText>
        <CodeText xml:lang="nb">Økonomiske og administrative fag</CodeText>
        <CodeText xml:lang="en">Business and administration</CodeText>
      </CodeTextGrp>
    </Code>
    <Code id="urn:ssb:code:stabas:5500005-5503589" parentCodeId="urn:ssb:code:stabas:5500003-5503049">
      <CodeValue>55</CodeValue>
      <CodeTextGrp>
        <CodeText xml:lang="nn">Naturvitskapelege fag, handverksfag og tekniske fag</CodeText>
        <CodeText xml:lang="nb">Naturvitenskapelige fag, håndverksfag og tekniske fag</CodeText>
        <CodeText xml:lang="en">Natural sciences, vocational and technical subjects</CodeText>
      </CodeTextGrp>
    </Code>
    <Code id="urn:ssb:code:stabas:5500005-5503855" parentCodeId="urn:ssb:code:stabas:5500003-5503049">
      <CodeValue>56</CodeValue>
      <CodeTextGrp>
        <CodeText xml:lang="nn">Helse-, sosial- og idrettsfag</CodeText>
        <CodeText xml:lang="nb">Helse-, sosial- og idrettsfag</CodeText>
        <CodeText xml:lang="en">Health, welfare and sport</CodeText>
      </CodeTextGrp>
    </Code>
    <Code id="urn:ssb:code:stabas:5500005-5504011" parentCodeId="urn:ssb:code:stabas:5500003-5503049">
      <CodeValue>57</CodeValue>
      <CodeTextGrp>
        <CodeText xml:lang="nn">Primærnæringsfag</CodeText>
        <CodeText xml:lang="nb">Primærnæringsfag</CodeText>
        <CodeText xml:lang="en">Primary industries</CodeText>
      </CodeTextGrp>
    </Code>
    <Code id="urn:ssb:code:stabas:5500005-5504065" parentCodeId="urn:ssb:code:stabas:5500003-5503049">
      <CodeValue>58</CodeValue>
      <CodeTextGrp>
        <CodeText xml:lang="nn">Samferdsels- og tryggleiksfag og andre servicefag</CodeText>
        <CodeText xml:lang="nb">Samferdsels- og sikkerhetsfag og andre servicefag</CodeText>
        <CodeText xml:lang="en">Transport and communications, safety and security and other services</CodeText>
      </CodeTextGrp>
    </Code>
    <Code id="urn:ssb:code:stabas:5500005-5504177" parentCodeId="urn:ssb:code:stabas:5500003-5503049">
      <CodeValue>59</CodeValue>
      <CodeTextGrp>
        <CodeText xml:lang="nn">Uoppgitt fagfelt</CodeText>
        <CodeText xml:lang="nb">Uoppgitt fagfelt</CodeText>
        <CodeText xml:lang="en">Unspecified field of study</CodeText>
      </CodeTextGrp>
    </Code>
    <Code id="urn:ssb:code:stabas:5500005-5504187" parentCodeId="urn:ssb:code:stabas:5500003-5504185">
      <CodeValue>60</CodeValue>
      <CodeTextGrp>
        <CodeText xml:lang="nn">Allmenne fag</CodeText>
        <CodeText xml:lang="nb">Allmenne fag</CodeText>
        <CodeText xml:lang="en">General subjects</CodeText>
      </CodeTextGrp>
    </Code>
    <Code id="urn:ssb:code:stabas:5500005-5504199" parentCodeId="urn:ssb:code:stabas:5500003-5504185">
      <CodeValue>61</CodeValue>
      <CodeTextGrp>
        <CodeText xml:lang="nn">Humanistiske og estetiske fag</CodeText>
        <CodeText xml:lang="nb">Humanistiske og estetiske fag</CodeText>
        <CodeText xml:lang="en">Humanities and arts</CodeText>
      </CodeTextGrp>
    </Code>
    <Code id="urn:ssb:code:stabas:5500005-5504885" parentCodeId="urn:ssb:code:stabas:5500003-5504185">
      <CodeValue>62</CodeValue>
      <CodeTextGrp>
        <CodeText xml:lang="nn">Lærarutdanningar og utdanningar i pedagogikk</CodeText>
        <CodeText xml:lang="nb">Lærerutdanninger og utdanninger i pedagogikk</CodeText>
        <CodeText xml:lang="en">Teacher training and pedagogy</CodeText>
      </CodeTextGrp>
    </Code>
    <Code id="urn:ssb:code:stabas:5500005-5505163" parentCodeId="urn:ssb:code:stabas:5500003-5504185">
      <CodeValue>63</CodeValue>
      <CodeTextGrp>
        <CodeText xml:lang="nn">Samfunnsfag og juridiske fag</CodeText>
        <CodeText xml:lang="nb">Samfunnsfag og juridiske fag</CodeText>
        <CodeText xml:lang="en">Social sciences and law</CodeText>
      </CodeTextGrp>
    </Code>
    <Code id="urn:ssb:code:stabas:5500005-5505487" parentCodeId="urn:ssb:code:stabas:5500003-5504185">
      <CodeValue>64</CodeValue>
      <CodeTextGrp>
        <CodeText xml:lang="nn">Økonomiske og administrative fag</CodeText>
        <CodeText xml:lang="nb">Økonomiske og administrative fag</CodeText>
        <CodeText xml:lang="en">Business and administration</CodeText>
      </CodeTextGrp>
    </Code>
    <Code id="urn:ssb:code:stabas:5500005-5505801" parentCodeId="urn:ssb:code:stabas:5500003-5504185">
      <CodeValue>65</CodeValue>
      <CodeTextGrp>
        <CodeText xml:lang="nn">Naturvitskapelege fag, handverksfag og tekniske fag</CodeText>
        <CodeText xml:lang="nb">Naturvitenskapelige fag, håndverksfag og tekniske fag</CodeText>
        <CodeText xml:lang="en">Natural sciences, vocational and technical subjects</CodeText>
      </CodeTextGrp>
    </Code>
    <Code id="urn:ssb:code:stabas:5500005-5506369" parentCodeId="urn:ssb:code:stabas:5500003-5504185">
      <CodeValue>66</CodeValue>
      <CodeTextGrp>
        <CodeText xml:lang="nn">Helse-, sosial- og idrettsfag</CodeText>
        <CodeText xml:lang="nb">Helse-, sosial- og idrettsfag</CodeText>
        <CodeText xml:lang="en">Health, welfare and sport</CodeText>
      </CodeTextGrp>
    </Code>
    <Code id="urn:ssb:code:stabas:5500005-5506769" parentCodeId="urn:ssb:code:stabas:5500003-5504185">
      <CodeValue>67</CodeValue>
      <CodeTextGrp>
        <CodeText xml:lang="nn">Primærnæringsfag</CodeText>
        <CodeText xml:lang="nb">Primærnæringsfag</CodeText>
        <CodeText xml:lang="en">Primary industries</CodeText>
      </CodeTextGrp>
    </Code>
    <Code id="urn:ssb:code:stabas:5500005-5506883" parentCodeId="urn:ssb:code:stabas:5500003-5504185">
      <CodeValue>68</CodeValue>
      <CodeTextGrp>
        <CodeText xml:lang="nn">Samferdsels- og tryggleiksfag og andre servicefag</CodeText>
        <CodeText xml:lang="nb">Samferdsels- og sikkerhetsfag og andre servicefag</CodeText>
        <CodeText xml:lang="en">Transport and communications, safety and security and other services</CodeText>
      </CodeTextGrp>
    </Code>
    <Code id="urn:ssb:code:stabas:5500005-5507031" parentCodeId="urn:ssb:code:stabas:5500003-5504185">
      <CodeValue>69</CodeValue>
      <CodeTextGrp>
        <CodeText xml:lang="nn">Uoppgitt fagfelt</CodeText>
        <CodeText xml:lang="nb">Uoppgitt fagfelt</CodeText>
        <CodeText xml:lang="en">Unspecified field of study</CodeText>
      </CodeTextGrp>
    </Code>
    <Code id="urn:ssb:code:stabas:5500005-5507049" parentCodeId="urn:ssb:code:stabas:5500003-5507047">
      <CodeValue>70</CodeValue>
      <CodeTextGrp>
        <CodeText xml:lang="nn">Allmenne fag</CodeText>
        <CodeText xml:lang="nb">Allmenne fag</CodeText>
        <CodeText xml:lang="en">General subjects</CodeText>
      </CodeTextGrp>
    </Code>
    <Code id="urn:ssb:code:stabas:5500005-5507061" parentCodeId="urn:ssb:code:stabas:5500003-5507047">
      <CodeValue>71</CodeValue>
      <CodeTextGrp>
        <CodeText xml:lang="nn">Humanistiske og estetiske fag</CodeText>
        <CodeText xml:lang="nb">Humanistiske og estetiske fag</CodeText>
        <CodeText xml:lang="en">Humanities and arts</CodeText>
      </CodeTextGrp>
    </Code>
    <Code id="urn:ssb:code:stabas:5500005-5507765" parentCodeId="urn:ssb:code:stabas:5500003-5507047">
      <CodeValue>72</CodeValue>
      <CodeTextGrp>
        <CodeText xml:lang="nn">Lærarutdanningar og utdanningar i pedagogikk</CodeText>
        <CodeText xml:lang="nb">Lærerutdanninger og utdanninger i pedagogikk</CodeText>
        <CodeText xml:lang="en">Teacher training and pedagogy</CodeText>
      </CodeTextGrp>
    </Code>
    <Code id="urn:ssb:code:stabas:5500005-5507975" parentCodeId="urn:ssb:code:stabas:5500003-5507047">
      <CodeValue>73</CodeValue>
      <CodeTextGrp>
        <CodeText xml:lang="nn">Samfunnsfag og juridiske fag</CodeText>
        <CodeText xml:lang="nb">Samfunnsfag og juridiske fag</CodeText>
        <CodeText xml:lang="en">Social sciences and law</CodeText>
      </CodeTextGrp>
    </Code>
    <Code id="urn:ssb:code:stabas:5500005-5508319" parentCodeId="urn:ssb:code:stabas:5500003-5507047">
      <CodeValue>74</CodeValue>
      <CodeTextGrp>
        <CodeText xml:lang="nn">Økonomiske og administrative fag</CodeText>
        <CodeText xml:lang="nb">Økonomiske og administrative fag</CodeText>
        <CodeText xml:lang="en">Business and administration</CodeText>
      </CodeTextGrp>
    </Code>
    <Code id="urn:ssb:code:stabas:5500005-5508483" parentCodeId="urn:ssb:code:stabas:5500003-5507047">
      <CodeValue>75</CodeValue>
      <CodeTextGrp>
        <CodeText xml:lang="nn">Naturvitskapelege fag, handverksfag og tekniske fag</CodeText>
        <CodeText xml:lang="nb">Naturvitenskapelige fag, håndverksfag og tekniske fag</CodeText>
        <CodeText xml:lang="en">Natural sciences, vocational and technical subjects</CodeText>
      </CodeTextGrp>
    </Code>
    <Code id="urn:ssb:code:stabas:5500005-5509173" parentCodeId="urn:ssb:code:stabas:5500003-5507047">
      <CodeValue>76</CodeValue>
      <CodeTextGrp>
        <CodeText xml:lang="nn">Helse-, sosial- og idrettsfag</CodeText>
        <CodeText xml:lang="nb">Helse-, sosial- og idrettsfag</CodeText>
        <CodeText xml:lang="en">Health, welfare and sport</CodeText>
      </CodeTextGrp>
    </Code>
    <Code id="urn:ssb:code:stabas:5500005-5509553" parentCodeId="urn:ssb:code:stabas:5500003-5507047">
      <CodeValue>77</CodeValue>
      <CodeTextGrp>
        <CodeText xml:lang="nn">Primærnæringsfag</CodeText>
        <CodeText xml:lang="nb">Primærnæringsfag</CodeText>
        <CodeText xml:lang="en">Primary industries</CodeText>
      </CodeTextGrp>
    </Code>
    <Code id="urn:ssb:code:stabas:5500005-5509655" parentCodeId="urn:ssb:code:stabas:5500003-5507047">
      <CodeValue>78</CodeValue>
      <CodeTextGrp>
        <CodeText xml:lang="nn">Samferdsels- og tryggleiksfag og andre servicefag</CodeText>
        <CodeText xml:lang="nb">Samferdsels- og sikkerhetsfag og andre servicefag</CodeText>
        <CodeText xml:lang="en">Transport and communications, safety and security and other services</CodeText>
      </CodeTextGrp>
    </Code>
    <Code id="urn:ssb:code:stabas:5500005-5509757" parentCodeId="urn:ssb:code:stabas:5500003-5507047">
      <CodeValue>79</CodeValue>
      <CodeTextGrp>
        <CodeText xml:lang="nn">Uoppgitt fagfelt</CodeText>
        <CodeText xml:lang="nb">Uoppgitt fagfelt</CodeText>
        <CodeText xml:lang="en">Unspecified field of study</CodeText>
      </CodeTextGrp>
    </Code>
    <Code id="urn:ssb:code:stabas:5500005-5509767" parentCodeId="urn:ssb:code:stabas:5500003-5509765">
      <CodeValue>80</CodeValue>
      <CodeTextGrp>
        <CodeText xml:lang="nn">Allmenne fag</CodeText>
        <CodeText xml:lang="nb">Allmenne fag</CodeText>
        <CodeText xml:lang="en">General subjects</CodeText>
      </CodeTextGrp>
    </Code>
    <Code id="urn:ssb:code:stabas:5500005-5509779" parentCodeId="urn:ssb:code:stabas:5500003-5509765">
      <CodeValue>81</CodeValue>
      <CodeTextGrp>
        <CodeText xml:lang="nn">Humanistiske og estetiske fag</CodeText>
        <CodeText xml:lang="nb">Humanistiske og estetiske fag</CodeText>
        <CodeText xml:lang="en">Humanities and arts</CodeText>
      </CodeTextGrp>
    </Code>
    <Code id="urn:ssb:code:stabas:5500005-5510045" parentCodeId="urn:ssb:code:stabas:5500003-5509765">
      <CodeValue>82</CodeValue>
      <CodeTextGrp>
        <CodeText xml:lang="nn">Lærarutdanningar og utdanningar i pedagogikk</CodeText>
        <CodeText xml:lang="nb">Lærerutdanninger og utdanninger i pedagogikk</CodeText>
        <CodeText xml:lang="en">Teacher training and pedagogy</CodeText>
      </CodeTextGrp>
    </Code>
    <Code id="urn:ssb:code:stabas:5500005-5510159" parentCodeId="urn:ssb:code:stabas:5500003-5509765">
      <CodeValue>83</CodeValue>
      <CodeTextGrp>
        <CodeText xml:lang="nn">Samfunnsfag og juridiske fag</CodeText>
        <CodeText xml:lang="nb">Samfunnsfag og juridiske fag</CodeText>
        <CodeText xml:lang="en">Social sciences and law</CodeText>
      </CodeTextGrp>
    </Code>
    <Code id="urn:ssb:code:stabas:5500005-5510353" parentCodeId="urn:ssb:code:stabas:5500003-5509765">
      <CodeValue>84</CodeValue>
      <CodeTextGrp>
        <CodeText xml:lang="nn">Økonomiske og administrative fag</CodeText>
        <CodeText xml:lang="nb">Økonomiske og administrative fag</CodeText>
        <CodeText xml:lang="en">Business and administration</CodeText>
      </CodeTextGrp>
    </Code>
    <Code id="urn:ssb:code:stabas:5500005-5510423" parentCodeId="urn:ssb:code:stabas:5500003-5509765">
      <CodeValue>85</CodeValue>
      <CodeTextGrp>
        <CodeText xml:lang="nn">Naturvitskapelege fag, handverksfag og tekniske fag</CodeText>
        <CodeText xml:lang="nb">Naturvitenskapelige fag, håndverksfag og tekniske fag</CodeText>
        <CodeText xml:lang="en">Natural sciences, vocational and technical subjects</CodeText>
      </CodeTextGrp>
    </Code>
    <Code id="urn:ssb:code:stabas:5500005-5510733" parentCodeId="urn:ssb:code:stabas:5500003-5509765">
      <CodeValue>86</CodeValue>
      <CodeTextGrp>
        <CodeText xml:lang="nn">Helse-, sosial- og idrettsfag</CodeText>
        <CodeText xml:lang="nb">Helse-, sosial- og idrettsfag</CodeText>
        <CodeText xml:lang="en">Health, welfare and sport</CodeText>
      </CodeTextGrp>
    </Code>
    <Code id="urn:ssb:code:stabas:5500005-5510915" parentCodeId="urn:ssb:code:stabas:5500003-5509765">
      <CodeValue>87</CodeValue>
      <CodeTextGrp>
        <CodeText xml:lang="nn">Primærnæringsfag</CodeText>
        <CodeText xml:lang="nb">Primærnæringsfag</CodeText>
        <CodeText xml:lang="en">Primary industries</CodeText>
      </CodeTextGrp>
    </Code>
    <Code id="urn:ssb:code:stabas:5500005-5510979" parentCodeId="urn:ssb:code:stabas:5500003-5509765">
      <CodeValue>88</CodeValue>
      <CodeTextGrp>
        <CodeText xml:lang="nn">Samferdsels- og tryggleiksfag og andre servicefag</CodeText>
        <CodeText xml:lang="nb">Samferdsels- og sikkerhetsfag og andre servicefag</CodeText>
        <CodeText xml:lang="en">Transport and communications, safety and security and other services</CodeText>
      </CodeTextGrp>
    </Code>
    <Code id="urn:ssb:code:stabas:5500005-5511057" parentCodeId="urn:ssb:code:stabas:5500003-5509765">
      <CodeValue>89</CodeValue>
      <CodeTextGrp>
        <CodeText xml:lang="nn">Uoppgitt fagfelt</CodeText>
        <CodeText xml:lang="nb">Uoppgitt fagfelt</CodeText>
        <CodeText xml:lang="en">Unspecified field of study</CodeText>
      </CodeTextGrp>
    </Code>
    <Code id="urn:ssb:code:stabas:5500005-5511075" parentCodeId="urn:ssb:code:stabas:5500003-5511073">
      <CodeValue>99</CodeValue>
      <CodeTextGrp>
        <CodeText xml:lang="nn">Uoppgitt fagfelt</CodeText>
        <CodeText xml:lang="nb">Uoppgitt fagfelt</CodeText>
        <CodeText xml:lang="en">Unspecified field of study</CodeText>
      </CodeTextGrp>
    </Code>
  </Codes>
</Codelist>