<?xml version="1.0" encoding="utf-8"?>
<Codelist xmlns:xsi="http://www.w3.org/2001/XMLSchema-instance" xmlns:xsd="http://www.w3.org/2001/XMLSchema" id="urn:ssb:codelist:stabas:5536162" defaultValidFrom="2008-10-01" lastChangedDate="2011-04-04" isCurrent="true" relationId="urn:ssb:classversion:stabas:5536158" xmlns="http://www.ssb.no/ns/meta/codelist">
  <CodelistMeta>
    <TitleGrp>
      <Title xml:lang="nn">Innvandringskategori 2008 : Innvandringskategori </Title>
      <Title xml:lang="nb">Innvandringskategori 2008 : Innvandringskategori</Title>
      <Title xml:lang="en">Immigration category 2008</Title>
    </TitleGrp>
    <DescriptionGrp>
      <Description xml:lang="nn">Ikkje relevant</Description>
      <Description xml:lang="nb">Ikke relevant</Description>
      <Description xml:lang="en">Not relevant</Description>
    </DescriptionGrp>
    <ContactInformation>
      <Person xmlns="http://www.ssb.no/ns/meta/common">dza</Person>
      <Division xmlns="http://www.ssb.no/ns/meta/common">320</Division>
    </ContactInformation>
    <NoteGrp>
      <Note xml:lang="nn">Kategori D Utenlandsadopterte er vorte fjerna i høve til Innvandringskategori 1994. Dette skuldast båe produksjonsmessige omsyn (tal for utanlandsadopterte kom inn seinare i høve til anna datagrunnlag), at tilgongen på adopsjonsdata vart vanskelegare og at ein fekk endringar i produksjonsprosessen. Dei utanlandsadopterte vert klassifisert no i dei andre kategoriane, hovudsakeleg i G Fødd i utlandet av norskfødde foreldre.
Gyldig fra 1. oktober 2008.</Note>
      <Note xml:lang="nb">Kategori D Utenlandsadopterte er blitt fjernet i forhold til Innvandringskategori 1994. Dette skyldes både produksjonsmessige hensyn (tall for utenlandsadopterte kom inn seinere enn annet datagrunnlag), at tilgangen på adopsjonsdata ble vanskeligere og at en fikk endringer i produksjonsprosessen. De utenlandsadopterte klassifiseres nå i de andre kategoriene, hovedsakelig i G Født i utlandet av norskfødte foreldre.
Gyldig fra 1. oktober 2008.</Note>
      <Note xml:lang="en">Category D Intercountry adoptions, which was included in Immigration category 1994, has been removed. This is due to production considerations (figures for intercountry adoptions arrived later than the other data), the fact that the access to adoption data became more difficult and changes in the production process. Intercountry adoptions are now classified in the other categories, mainly in G Foreign-born to Norwegian-born parents. Valid as of 1 October 2008</Note>
    </NoteGrp>
  </CodelistMeta>
  <Codes>
    <Code id="urn:ssb:code:stabas:5536162-5536164">
      <CodeValue>A</CodeValue>
      <CodeTextGrp>
        <CodeText xml:lang="nn">Fødde i Noreg med to norskfødde foreldre</CodeText>
        <CodeText xml:lang="nb">Født i Norge med to norskfødte foreldre</CodeText>
        <CodeText xml:lang="en">Born in Norway to Norwegian-born parents </CodeText>
      </CodeTextGrp>
    </Code>
    <Code id="urn:ssb:code:stabas:5536162-5536166">
      <CodeValue>B</CodeValue>
      <CodeTextGrp>
        <CodeText xml:lang="nn">Innvandrarar</CodeText>
        <CodeText xml:lang="nb">Innvandrere</CodeText>
        <CodeText xml:lang="en">Immigrants</CodeText>
      </CodeTextGrp>
    </Code>
    <Code id="urn:ssb:code:stabas:5536162-5536168">
      <CodeValue>C</CodeValue>
      <CodeTextGrp>
        <CodeText xml:lang="nn">Norskfødde med innvandrarforeldre</CodeText>
        <CodeText xml:lang="nb">Norskfødte med innvandrerforeldre</CodeText>
        <CodeText xml:lang="en">Norwegian-born to immigrant parents</CodeText>
      </CodeTextGrp>
    </Code>
    <Code id="urn:ssb:code:stabas:5536162-5536170">
      <CodeValue>E</CodeValue>
      <CodeTextGrp>
        <CodeText xml:lang="nn">Utalandsfødde med éin norskfødd forelder</CodeText>
        <CodeText xml:lang="nb">Utenlandsfødte med én norskfødt forelder</CodeText>
        <CodeText xml:lang="en">Foreign-born with one Norwegian-born parent</CodeText>
      </CodeTextGrp>
    </Code>
    <Code id="urn:ssb:code:stabas:5536162-5536172">
      <CodeValue>F</CodeValue>
      <CodeTextGrp>
        <CodeText xml:lang="nn">Norskfødde med éin utalandsfødd forelder</CodeText>
        <CodeText xml:lang="nb">Norskfødte med én utenlandsfødt forelder</CodeText>
        <CodeText xml:lang="en">Norwegian-born with one foreign-born parent</CodeText>
      </CodeTextGrp>
    </Code>
    <Code id="urn:ssb:code:stabas:5536162-5536174">
      <CodeValue>G</CodeValue>
      <CodeTextGrp>
        <CodeText xml:lang="nn">Utalandsfødde med to norskfødde foreldre</CodeText>
        <CodeText xml:lang="nb">Utenlandsfødte med to norskfødte foreldre</CodeText>
        <CodeText xml:lang="en">Foreign-born to Norwegian-born parents</CodeText>
      </CodeTextGrp>
    </Code>
  </Codes>
</Codelist>