<?xml version="1.0" encoding="utf-8"?>
<Codelist xmlns:xsi="http://www.w3.org/2001/XMLSchema-instance" xmlns:xsd="http://www.w3.org/2001/XMLSchema" id="urn:ssb:codelist:stabas:5538098" defaultValidFrom="2003-01-01" defaultValidTo="2008-09-30" lastChangedDate="2008-10-28" parentCodelistId="urn:ssb:codelist:stabas:5538096" isCurrent="false" relationId="urn:ssb:classversion:stabas:5538092" xmlns="http://www.ssb.no/ns/meta/codelist">
  <CodelistMeta>
    <TitleGrp>
      <Title xml:lang="nn">Innvandrarbefolkning 2003</Title>
      <Title xml:lang="nb">Innvandrerbefolkning 2003: Innvandringskategori</Title>
      <Title xml:lang="en">Immigration population 2003</Title>
    </TitleGrp>
    <DescriptionGrp />
    <ContactInformation>
      <Person xmlns="http://www.ssb.no/ns/meta/common">dza</Person>
      <Division xmlns="http://www.ssb.no/ns/meta/common">320</Division>
    </ContactInformation>
    <NoteGrp>
      <Note xml:lang="nn">Denne varianten er gyldig fram til 1. oktober 2008.</Note>
      <Note xml:lang="nb">Denne varianten er gyldig fram til 1. oktober 2008.</Note>
    </NoteGrp>
  </CodelistMeta>
  <Codes>
    <Code id="urn:ssb:code:stabas:5538098-5538101" parentCodeId="urn:ssb:code:stabas:5538096-5538099">
      <CodeValue>A</CodeValue>
      <CodeTextGrp>
        <CodeText xml:lang="nn">Personar utan innvandringsbakgrunn</CodeText>
        <CodeText xml:lang="nb">Personer uten innvandringsbakgrunn</CodeText>
        <CodeText xml:lang="en">Persons without immigrant background</CodeText>
      </CodeTextGrp>
    </Code>
    <Code id="urn:ssb:code:stabas:5538098-5538107" parentCodeId="urn:ssb:code:stabas:5538096-5538105">
      <CodeValue>B</CodeValue>
      <CodeTextGrp>
        <CodeText xml:lang="nn">Førstegenerasjonsinnvandrarar utan norsk bakgrunn</CodeText>
        <CodeText xml:lang="nb">Førstegenerasjonsinnvandrere uten norsk bakgrunn</CodeText>
        <CodeText xml:lang="en">First-generation immigrants without Norwegian background</CodeText>
      </CodeTextGrp>
    </Code>
    <Code id="urn:ssb:code:stabas:5538098-5538108" parentCodeId="urn:ssb:code:stabas:5538096-5538105">
      <CodeValue>C</CodeValue>
      <CodeTextGrp>
        <CodeText xml:lang="nn">Personar fødde i Noreg med to utanlandsfødde foreldre</CodeText>
        <CodeText xml:lang="nb">Personer født i Norge med to utenlandsfødte foreldre</CodeText>
        <CodeText xml:lang="en">Persons born in Norway of two foreign-born parents</CodeText>
      </CodeTextGrp>
    </Code>
    <Code id="urn:ssb:code:stabas:5538098-5538102" parentCodeId="urn:ssb:code:stabas:5538096-5538099">
      <CodeValue>E</CodeValue>
      <CodeTextGrp>
        <CodeText xml:lang="nn">Utanlandsfødde med ein utanlandsfødd forelder</CodeText>
        <CodeText xml:lang="nb">Utenlandsfødte med en´ utenlandsfødt forelder</CodeText>
        <CodeText xml:lang="en">Foreign-born with one foreign-born parent</CodeText>
      </CodeTextGrp>
    </Code>
    <Code id="urn:ssb:code:stabas:5538098-5538103" parentCodeId="urn:ssb:code:stabas:5538096-5538099">
      <CodeValue>F</CodeValue>
      <CodeTextGrp>
        <CodeText xml:lang="nn">Fødd i Noreg med ein utanlandsfødd forelder</CodeText>
        <CodeText xml:lang="nb">Født i Norge med en´utenlandsfødt forelder</CodeText>
        <CodeText xml:lang="en">Norwegian-born with one foreign-born parent</CodeText>
      </CodeTextGrp>
    </Code>
    <Code id="urn:ssb:code:stabas:5538098-5538104" parentCodeId="urn:ssb:code:stabas:5538096-5538099">
      <CodeValue>G</CodeValue>
      <CodeTextGrp>
        <CodeText xml:lang="nn">Fødd i utlandet av norskfødde foreldre</CodeText>
        <CodeText xml:lang="nb">Født i utlandet av norskfødte foreldre</CodeText>
        <CodeText xml:lang="en">Born abroad of Norwegian-born parents</CodeText>
      </CodeTextGrp>
    </Code>
  </Codes>
</Codelist>