<?xml version="1.0" encoding="utf-8"?>
<Codelist xmlns:xsi="http://www.w3.org/2001/XMLSchema-instance" xmlns:xsd="http://www.w3.org/2001/XMLSchema" id="urn:ssb:codelist:stabas:5538096" defaultValidFrom="2003-01-01" defaultValidTo="2008-09-30" lastChangedDate="2008-10-28" isCurrent="false" relationId="urn:ssb:classversion:stabas:5538092" xmlns="http://www.ssb.no/ns/meta/codelist">
  <CodelistMeta>
    <TitleGrp>
      <Title xml:lang="nn">Innvandrarbefolkning 2003</Title>
      <Title xml:lang="nb">Innvandrerbefolkning 2003: ja/nei-nivå</Title>
      <Title xml:lang="en">Immigration population 2003</Title>
    </TitleGrp>
    <DescriptionGrp />
    <ContactInformation>
      <Person xmlns="http://www.ssb.no/ns/meta/common">dza</Person>
      <Division xmlns="http://www.ssb.no/ns/meta/common">320</Division>
    </ContactInformation>
    <NoteGrp>
      <Note xml:lang="nn">Denne varianten er gyldig fram til 1. oktober 2008.</Note>
      <Note xml:lang="nb">Denne varianten er gyldig fram til 1. oktober 2008.</Note>
    </NoteGrp>
  </CodelistMeta>
  <Codes>
    <Code id="urn:ssb:code:stabas:5538096-5538099">
      <CodeValue>0</CodeValue>
      <CodeTextGrp>
        <CodeText xml:lang="nn">Nei</CodeText>
        <CodeText xml:lang="nb">Nei</CodeText>
        <CodeText xml:lang="en">No</CodeText>
      </CodeTextGrp>
    </Code>
    <Code id="urn:ssb:code:stabas:5538096-5538105">
      <CodeValue>1</CodeValue>
      <CodeTextGrp>
        <CodeText xml:lang="nn">Ja</CodeText>
        <CodeText xml:lang="nb">Ja</CodeText>
        <CodeText xml:lang="en">Yes</CodeText>
      </CodeTextGrp>
    </Code>
  </Codes>
</Codelist>