<?xml version="1.0" encoding="utf-8"?>
<Codelist xmlns:xsi="http://www.w3.org/2001/XMLSchema-instance" xmlns:xsd="http://www.w3.org/2001/XMLSchema" id="urn:ssb:codelist:stabas:5538043" defaultValidFrom="1994-01-01" defaultValidTo="2003-01-01" lastChangedDate="2008-10-28" isCurrent="false" relationId="urn:ssb:classversion:stabas:5538039" xmlns="http://www.ssb.no/ns/meta/codelist">
  <CodelistMeta>
    <TitleGrp>
      <Title xml:lang="nn">Invandrerbefolkning 1994: Invandrerbefolkning</Title>
      <Title xml:lang="nb">Invandrerbefolkning 1994: Invandrerbefolkning</Title>
      <Title xml:lang="en">Immigration population 1994: Immigration population?</Title>
    </TitleGrp>
    <DescriptionGrp />
    <ContactInformation>
      <Person xmlns="http://www.ssb.no/ns/meta/common">dza</Person>
      <Division xmlns="http://www.ssb.no/ns/meta/common">320</Division>
    </ContactInformation>
    <NoteGrp>
      <Note xml:lang="nn">Ikkje relevant</Note>
      <Note xml:lang="nb">Ikke relevant</Note>
      <Note xml:lang="en">Not relevant</Note>
    </NoteGrp>
  </CodelistMeta>
  <Codes>
    <Code id="urn:ssb:code:stabas:5538043-5538046">
      <CodeValue>0</CodeValue>
      <CodeTextGrp>
        <CodeText xml:lang="nn">Nei</CodeText>
        <CodeText xml:lang="nb">Nei</CodeText>
        <CodeText xml:lang="en">No</CodeText>
      </CodeTextGrp>
    </Code>
    <Code id="urn:ssb:code:stabas:5538043-5538053">
      <CodeValue>1</CodeValue>
      <CodeTextGrp>
        <CodeText xml:lang="nn">Ja</CodeText>
        <CodeText xml:lang="nb">Ja</CodeText>
        <CodeText xml:lang="en">Yes</CodeText>
      </CodeTextGrp>
    </Code>
  </Codes>
</Codelist>