<?xml version="1.0" encoding="utf-8"?>
<Codelist xmlns:xsi="http://www.w3.org/2001/XMLSchema-instance" xmlns:xsd="http://www.w3.org/2001/XMLSchema" id="urn:ssb:codelist:stabas:5538027" defaultValidFrom="1994-01-01" defaultValidTo="2003-01-01" lastChangedDate="2008-10-28" parentCodelistId="urn:ssb:codelist:stabas:5538025" isCurrent="false" relationId="urn:ssb:classversion:stabas:5538021" xmlns="http://www.ssb.no/ns/meta/codelist">
  <CodelistMeta>
    <TitleGrp>
      <Title xml:lang="nn">Invandrerbakgrunn 1994: Innvandringskategori</Title>
      <Title xml:lang="nb">Invandrerbakgrunn 1994: Innvandringskategori</Title>
      <Title xml:lang="en">Immigrant background 1994: Immigration category?</Title>
    </TitleGrp>
    <DescriptionGrp />
    <ContactInformation>
      <Person xmlns="http://www.ssb.no/ns/meta/common">dza</Person>
      <Division xmlns="http://www.ssb.no/ns/meta/common">320</Division>
    </ContactInformation>
    <NoteGrp>
      <Note xml:lang="nn">Ikkje relevant</Note>
      <Note xml:lang="nb">Ikke relevant</Note>
      <Note xml:lang="en">Not relevant</Note>
    </NoteGrp>
  </CodelistMeta>
  <Codes>
    <Code id="urn:ssb:code:stabas:5538027-5538030" parentCodeId="urn:ssb:code:stabas:5538025-5538028">
      <CodeValue>A</CodeValue>
      <CodeTextGrp>
        <CodeText xml:lang="nn">Personar utan innvandringsbakgrunn</CodeText>
        <CodeText xml:lang="nb">Personer uten innvandringsbakgrunn</CodeText>
        <CodeText xml:lang="en">Persons without immigrant background</CodeText>
      </CodeTextGrp>
    </Code>
    <Code id="urn:ssb:code:stabas:5538027-5538033" parentCodeId="urn:ssb:code:stabas:5538025-5538031">
      <CodeValue>B</CodeValue>
      <CodeTextGrp>
        <CodeText xml:lang="nn">Førstegenerasjonsinnvandrar utan norsk bakgrunn</CodeText>
        <CodeText xml:lang="nb">Førstegenerasjonsinnvandrere uten norsk bakgrunn</CodeText>
        <CodeText xml:lang="en">First-generation immigrants without Norwegian background</CodeText>
      </CodeTextGrp>
    </Code>
    <Code id="urn:ssb:code:stabas:5538027-5538034" parentCodeId="urn:ssb:code:stabas:5538025-5538031">
      <CodeValue>C</CodeValue>
      <CodeTextGrp>
        <CodeText xml:lang="nn">Personar fødde i Noreg av to utanlandsfødde foreldre</CodeText>
        <CodeText xml:lang="nb">Personer født i Norge av to utenlandsfødte foreldre</CodeText>
        <CodeText xml:lang="en">Persons born in Norway of two foreign-born parents</CodeText>
      </CodeTextGrp>
    </Code>
    <Code id="urn:ssb:code:stabas:5538027-5538035" parentCodeId="urn:ssb:code:stabas:5538025-5538031">
      <CodeValue>D</CodeValue>
      <CodeTextGrp>
        <CodeText xml:lang="nn">Utanlandsadopterte</CodeText>
        <CodeText xml:lang="nb">Utenlandsadopterte</CodeText>
        <CodeText xml:lang="en">Persons adopted from abroad</CodeText>
      </CodeTextGrp>
    </Code>
    <Code id="urn:ssb:code:stabas:5538027-5538036" parentCodeId="urn:ssb:code:stabas:5538025-5538031">
      <CodeValue>E</CodeValue>
      <CodeTextGrp>
        <CodeText xml:lang="nn">Utanlandsfødde med ein norskfødd forelder</CodeText>
        <CodeText xml:lang="nb">Utenlandsfødte med én utenlandsfødt forelder</CodeText>
        <CodeText xml:lang="en">Foreign-born with one Norwegian-born parent</CodeText>
      </CodeTextGrp>
    </Code>
    <Code id="urn:ssb:code:stabas:5538027-5538037" parentCodeId="urn:ssb:code:stabas:5538025-5538031">
      <CodeValue>F</CodeValue>
      <CodeTextGrp>
        <CodeText xml:lang="nn">Norskfødde med ein utanlandsfødd forelder</CodeText>
        <CodeText xml:lang="nb">Født i Norge med én utenlandsfødt forelder</CodeText>
        <CodeText xml:lang="en">Norwegian-born with one foreign-born parent</CodeText>
      </CodeTextGrp>
    </Code>
    <Code id="urn:ssb:code:stabas:5538027-5538038" parentCodeId="urn:ssb:code:stabas:5538025-5538031">
      <CodeValue>G</CodeValue>
      <CodeTextGrp>
        <CodeText xml:lang="nn">Fødd i utlandet av norskfødde foreldre</CodeText>
        <CodeText xml:lang="nb">Født i utlandet av norskfødte foreldre</CodeText>
        <CodeText xml:lang="en">Born abroad of Norwegian-born parents</CodeText>
      </CodeTextGrp>
    </Code>
  </Codes>
</Codelist>