<?xml version="1.0" encoding="utf-8"?>
<Codelist xmlns:xsi="http://www.w3.org/2001/XMLSchema-instance" xmlns:xsd="http://www.w3.org/2001/XMLSchema" id="urn:ssb:codelist:stabas:5556005" defaultValidFrom="2002-01-01" defaultValidTo="2008-12-31" lastChangedDate="2016-04-15" isCurrent="false" relationId="urn:ssb:classversion:stabas:5556001" xmlns="http://www.ssb.no/ns/meta/codelist">
  <CodelistMeta>
    <TitleGrp>
      <Title xml:lang="nn">Standard for næringsgruppering (SN2002): Næringshovudområde</Title>
      <Title xml:lang="nb">Standard for næringsgruppering (SN2002): Næringshovedområde</Title>
      <Title xml:lang="en">Standard Industrial Classification (SIC2002): Section</Title>
    </TitleGrp>
    <DescriptionGrp>
      <Description xml:lang="nn">Standarden er i første rekkje ein statistisk standard. Den danner grunnlaget for koding av einingar etter viktigste aktivitet i Statistisk sentralbyrå sitt bedrifts- og føretakregister og for einingar i Enhetsregisteret. Den er ein av dei viktigaste standardane innafor økonomisk statistikk og gjer det mogleg å samanlikne og analysere statistiske opplysningar både nasjonalt/internasjonalt og over tid. Næringsgruppering nyttast også i administrative rutinar.</Description>
      <Description xml:lang="nb">Standarden er i første rekke en statistisk standard. Den danner grunnlag for koding av enheter etter viktigste aktivitet i Statistisk sentralbyrås bedrifts- og foretakregister og for enheter i Enhetsregisteret. Den er en av de viktigste standardene i økonomisk statistikk og gjør det mulig a sammenlikne og analysere statistiske opplysninger både nasjonalt/internasjonalt og over tid. Næringsgruppering brukes også i administrative rutiner.</Description>
      <Description xml:lang="en">SIC is primarily a statistical standard. The standard will be the basis for coding units according to principal activity in Statistics Norway's Business register and units in the Central Coordinating Register of Legal Units. The SIC is one of the most important standards of economic statistics, and it will make it possible to compare and analyze statistical data both at the national/international level and over time. SIC is also used for administrative purposes.</Description>
    </DescriptionGrp>
    <ContactInformation>
      <Person xmlns="http://www.ssb.no/ns/meta/common">krf</Person>
      <Division xmlns="http://www.ssb.no/ns/meta/common">830</Division>
    </ContactInformation>
    <NoteGrp>
      <Note xml:lang="nn">Ikkje relevant</Note>
      <Note xml:lang="nb">Ikke relevant</Note>
      <Note xml:lang="en">Not relevant</Note>
    </NoteGrp>
  </CodelistMeta>
  <Codes>
    <Code id="urn:ssb:code:stabas:5556005-5556017">
      <CodeValue>A</CodeValue>
      <CodeTextGrp>
        <CodeText xml:lang="nn">Jordbruk og skogbruk</CodeText>
        <CodeText xml:lang="nb">Jordbruk og skogbruk</CodeText>
        <CodeText xml:lang="en">Agriculture, hunting and forestry</CodeText>
      </CodeTextGrp>
    </Code>
    <Code id="urn:ssb:code:stabas:5556005-5556097">
      <CodeValue>B</CodeValue>
      <CodeTextGrp>
        <CodeText xml:lang="nn">Fiske</CodeText>
        <CodeText xml:lang="nb">Fiske</CodeText>
        <CodeText xml:lang="en">Fishing</CodeText>
      </CodeTextGrp>
    </Code>
    <Code id="urn:ssb:code:stabas:5556005-5556121">
      <CodeValue>C</CodeValue>
      <CodeTextGrp>
        <CodeText xml:lang="nn">Bergverksdrift og utvinning</CodeText>
        <CodeText xml:lang="nb">Bergverksdrift og utvinning</CodeText>
        <CodeText xml:lang="en">Mining and quarrying</CodeText>
      </CodeTextGrp>
    </Code>
    <Code id="urn:ssb:code:stabas:5556005-5556227">
      <CodeValue>D</CodeValue>
      <CodeTextGrp>
        <CodeText xml:lang="nn">Industri</CodeText>
        <CodeText xml:lang="nb">Industri</CodeText>
        <CodeText xml:lang="en">Manufacturing</CodeText>
      </CodeTextGrp>
    </Code>
    <Code id="urn:ssb:code:stabas:5556005-5557517">
      <CodeValue>E</CodeValue>
      <CodeTextGrp>
        <CodeText xml:lang="nn">Kraft- og vatnforsyning</CodeText>
        <CodeText xml:lang="nb">Kraft- og vannforsyning</CodeText>
        <CodeText xml:lang="en">Electricity, gas and water supply</CodeText>
      </CodeTextGrp>
    </Code>
    <Code id="urn:ssb:code:stabas:5556005-5557561">
      <CodeValue>F</CodeValue>
      <CodeTextGrp>
        <CodeText xml:lang="nn">Byggje- og anleggsverksemd</CodeText>
        <CodeText xml:lang="nb">Bygge- og anleggsvirksomhet</CodeText>
        <CodeText xml:lang="en">Construction</CodeText>
      </CodeTextGrp>
    </Code>
    <Code id="urn:ssb:code:stabas:5556005-5557651">
      <CodeValue>G</CodeValue>
      <CodeTextGrp>
        <CodeText xml:lang="nn">Varehandel, reparasjon av motorvogner, hushaldsvarer og varer til personleg bruk</CodeText>
        <CodeText xml:lang="nb">Varehandel, reparasjon av motorvogner, husholdningsvarer og varer til personlig bruk</CodeText>
        <CodeText xml:lang="en">Wholesale and retail trade, repair of motor vehicles, motorcycles and personal and household goods</CodeText>
      </CodeTextGrp>
    </Code>
    <Code id="urn:ssb:code:stabas:5556005-5558123">
      <CodeValue>H</CodeValue>
      <CodeTextGrp>
        <CodeText xml:lang="nn">Hotell- og restaurantverksemd</CodeText>
        <CodeText xml:lang="nb">Hotell- og restaurantvirksomhet</CodeText>
        <CodeText xml:lang="en">Hotels and restaurants</CodeText>
      </CodeTextGrp>
    </Code>
    <Code id="urn:ssb:code:stabas:5556005-5558177">
      <CodeValue>I</CodeValue>
      <CodeTextGrp>
        <CodeText xml:lang="nn">Transport, lagring og kommunikasjon</CodeText>
        <CodeText xml:lang="nb">Transport, lagring og kommunikasjon</CodeText>
        <CodeText xml:lang="en">Transport, storage and communication</CodeText>
      </CodeTextGrp>
    </Code>
    <Code id="urn:ssb:code:stabas:5556005-5558355">
      <CodeValue>J</CodeValue>
      <CodeTextGrp>
        <CodeText xml:lang="nn">Finansiell tenesteyting og forsikring</CodeText>
        <CodeText xml:lang="nb">Finansiell tjenesteyting og forsikring</CodeText>
        <CodeText xml:lang="en">Financial intermediation</CodeText>
      </CodeTextGrp>
    </Code>
    <Code id="urn:ssb:code:stabas:5556005-5558427">
      <CodeValue>K</CodeValue>
      <CodeTextGrp>
        <CodeText xml:lang="nn">Eigedomsdrift, utleigeverksemd og forretningsmessig tenesteyting</CodeText>
        <CodeText xml:lang="nb">Eiendomsdrift, utleievirksomhet og forretningsmessig tjenesteyting</CodeText>
        <CodeText xml:lang="en">Real estate, renting and business activities</CodeText>
      </CodeTextGrp>
    </Code>
    <Code id="urn:ssb:code:stabas:5556005-5558677">
      <CodeValue>L</CodeValue>
      <CodeTextGrp>
        <CodeText xml:lang="nn">Offentleg forvaltning, forsvar og trygdeordningar underlagt offentleg forvaltning</CodeText>
        <CodeText xml:lang="nb">Offentlig administrasjon, forsvar og trygdeordninger underlagt offentlig forvaltning</CodeText>
        <CodeText xml:lang="en">Public administration and defence, compulsory social security</CodeText>
      </CodeTextGrp>
    </Code>
    <Code id="urn:ssb:code:stabas:5556005-5558729">
      <CodeValue>M</CodeValue>
      <CodeTextGrp>
        <CodeText xml:lang="nn">Undervisning</CodeText>
        <CodeText xml:lang="nb">Undervisning</CodeText>
        <CodeText xml:lang="en">Education</CodeText>
      </CodeTextGrp>
    </Code>
    <Code id="urn:ssb:code:stabas:5556005-5558791">
      <CodeValue>N</CodeValue>
      <CodeTextGrp>
        <CodeText xml:lang="nn">Helse- og sosialtenester</CodeText>
        <CodeText xml:lang="nb">Helse- og sosialtjenester</CodeText>
        <CodeText xml:lang="en">Health and social work</CodeText>
      </CodeTextGrp>
    </Code>
    <Code id="urn:ssb:code:stabas:5556005-5558913">
      <CodeValue>O</CodeValue>
      <CodeTextGrp>
        <CodeText xml:lang="nn">Andre sosiale og personlege tenester</CodeText>
        <CodeText xml:lang="nb">Andre sosialtjenester og personlige tjenester</CodeText>
        <CodeText xml:lang="en">Other community, social and personal service activities</CodeText>
      </CodeTextGrp>
    </Code>
    <Code id="urn:ssb:code:stabas:5556005-5559079">
      <CodeValue>P</CodeValue>
      <CodeTextGrp>
        <CodeText xml:lang="nn">Lønna arbeid i private hushald</CodeText>
        <CodeText xml:lang="nb">Lønnet arbeid i private husholdninger</CodeText>
        <CodeText xml:lang="en">Private households with employed persons</CodeText>
      </CodeTextGrp>
    </Code>
    <Code id="urn:ssb:code:stabas:5556005-5559091">
      <CodeValue>Q</CodeValue>
      <CodeTextGrp>
        <CodeText xml:lang="nn">Internasjonale organ og organisasjonar</CodeText>
        <CodeText xml:lang="nb">Internasjonale organer og organisasjoner</CodeText>
        <CodeText xml:lang="en">Extra-territorial organisations and bodies</CodeText>
      </CodeTextGrp>
    </Code>
    <Code id="urn:ssb:code:stabas:5556005-5559103">
      <CodeValue>Z</CodeValue>
      <CodeTextGrp>
        <CodeText xml:lang="nn">Ikkje spesifisert</CodeText>
        <CodeText xml:lang="nb">Uoppgitt</CodeText>
        <CodeText xml:lang="en">Unknown</CodeText>
      </CodeTextGrp>
    </Code>
  </Codes>
</Codelist>