<?xml version="1.0" encoding="utf-8"?>
<Codelist xmlns:xsi="http://www.w3.org/2001/XMLSchema-instance" xmlns:xsd="http://www.w3.org/2001/XMLSchema" id="urn:ssb:codelist:stabas:5556007" defaultValidFrom="2002-01-01" defaultValidTo="2008-12-31" lastChangedDate="2016-04-15" parentCodelistId="urn:ssb:codelist:stabas:5556005" isCurrent="false" relationId="urn:ssb:classversion:stabas:5556001" xmlns="http://www.ssb.no/ns/meta/codelist">
  <CodelistMeta>
    <TitleGrp>
      <Title xml:lang="nn">Standard for næringsgruppering (SN2002): Næringsområde</Title>
      <Title xml:lang="nb">Standard for næringsgruppering (SN2002): Næringsområde</Title>
      <Title xml:lang="en">Standard Industrial Classification (SIC2002): Subsection</Title>
    </TitleGrp>
    <DescriptionGrp>
      <Description xml:lang="nn">Standarden er i første rekkje ein statistisk standard. Den danner grunnlaget for koding av einingar etter viktigste aktivitet i Statistisk sentralbyrå sitt bedrifts- og føretakregister og for einingar i Enhetsregisteret. Den er ein av dei viktigaste standardane innafor økonomisk statistikk og gjer det mogleg å samanlikne og analysere statistiske opplysningar både nasjonalt/internasjonalt og over tid. Næringsgruppering nyttast også i administrative rutinar.</Description>
      <Description xml:lang="nb">Standarden er i første rekke en statistisk standard. Den danner grunnlag for koding av enheter etter viktigste aktivitet i Statistisk sentralbyrås bedrifts- og foretakregister og for enheter i Enhetsregisteret. Den er en av de viktigste standardene i økonomisk statistikk og gjør det mulig a sammenlikne og analysere statistiske opplysninger både nasjonalt/internasjonalt og over tid. Næringsgruppering brukes også i administrative rutiner.</Description>
      <Description xml:lang="en">SIC is primarily a statistical standard. The standard will be the basis for coding units according to principal activity in Statistics Norway's Business register and units in the Central Coordinating Register of Legal Units. The SIC is one of the most important standards of economic statistics, and it will make it possible to compare and analyze statistical data both at the national/international level and over time. SIC is also used for administrative purposes.</Description>
    </DescriptionGrp>
    <ContactInformation>
      <Person xmlns="http://www.ssb.no/ns/meta/common">krf</Person>
      <Division xmlns="http://www.ssb.no/ns/meta/common">830</Division>
    </ContactInformation>
    <NoteGrp>
      <Note xml:lang="nn">Ikkje relevant</Note>
      <Note xml:lang="nb">Ikke relevant</Note>
      <Note xml:lang="en">Not relevant</Note>
    </NoteGrp>
  </CodelistMeta>
  <Codes>
    <Code id="urn:ssb:code:stabas:5556007-5556019" parentCodeId="urn:ssb:code:stabas:5556005-5556017">
      <CodeValue>A_</CodeValue>
      <CodeTextGrp>
        <CodeText xml:lang="nn">Jordbruk og skogbruk</CodeText>
        <CodeText xml:lang="nb">Jordbruk og skogbruk</CodeText>
        <CodeText xml:lang="en">Agriculture, hunting and forestry</CodeText>
      </CodeTextGrp>
    </Code>
    <Code id="urn:ssb:code:stabas:5556007-5556099" parentCodeId="urn:ssb:code:stabas:5556005-5556097">
      <CodeValue>B_</CodeValue>
      <CodeTextGrp>
        <CodeText xml:lang="nn">Fiske</CodeText>
        <CodeText xml:lang="nb">Fiske</CodeText>
        <CodeText xml:lang="en">Fishing</CodeText>
      </CodeTextGrp>
    </Code>
    <Code id="urn:ssb:code:stabas:5556007-5556123" parentCodeId="urn:ssb:code:stabas:5556005-5556121">
      <CodeValue>CA</CodeValue>
      <CodeTextGrp>
        <CodeText xml:lang="nn">Utvinning av energiråstoff</CodeText>
        <CodeText xml:lang="nb">Utvinning av energiråstoffer</CodeText>
        <CodeText xml:lang="en">Mining and quarrying of energy producing materials</CodeText>
      </CodeTextGrp>
    </Code>
    <Code id="urn:ssb:code:stabas:5556007-5556167" parentCodeId="urn:ssb:code:stabas:5556005-5556121">
      <CodeValue>CB</CodeValue>
      <CodeTextGrp>
        <CodeText xml:lang="nn">Anna bergverksdrift og utvinning</CodeText>
        <CodeText xml:lang="nb">Annen bergverksdrift og utvinning</CodeText>
        <CodeText xml:lang="en">Mining and quarrying except energy producing materials</CodeText>
      </CodeTextGrp>
    </Code>
    <Code id="urn:ssb:code:stabas:5556007-5556229" parentCodeId="urn:ssb:code:stabas:5556005-5556227">
      <CodeValue>DA</CodeValue>
      <CodeTextGrp>
        <CodeText xml:lang="nn">Produksjon av nærings- og nytingsmidler</CodeText>
        <CodeText xml:lang="nb">Produksjon av nærings- og nytelsesmidler</CodeText>
        <CodeText xml:lang="en">Manufacture of food products, beverages and tobacco</CodeText>
      </CodeTextGrp>
    </Code>
    <Code id="urn:ssb:code:stabas:5556007-5556401" parentCodeId="urn:ssb:code:stabas:5556005-5556227">
      <CodeValue>DB</CodeValue>
      <CodeTextGrp>
        <CodeText xml:lang="nn">Produksjon av tekstil- og kledningsvarer</CodeText>
        <CodeText xml:lang="nb">Produksjon av tekstil- og bekledningsvarer</CodeText>
        <CodeText xml:lang="en">Manufacture of textiles and textile products</CodeText>
      </CodeTextGrp>
    </Code>
    <Code id="urn:ssb:code:stabas:5556007-5556537" parentCodeId="urn:ssb:code:stabas:5556005-5556227">
      <CodeValue>DC</CodeValue>
      <CodeTextGrp>
        <CodeText xml:lang="nn">Produksjon av ler og lervarer</CodeText>
        <CodeText xml:lang="nb">Produksjon av lær og lærvarer</CodeText>
        <CodeText xml:lang="en">Manufacture of leather and leather products</CodeText>
      </CodeTextGrp>
    </Code>
    <Code id="urn:ssb:code:stabas:5556007-5556559" parentCodeId="urn:ssb:code:stabas:5556005-5556227">
      <CodeValue>DD</CodeValue>
      <CodeTextGrp>
        <CodeText xml:lang="nn">Produksjon av trevarer</CodeText>
        <CodeText xml:lang="nb">Produksjon av trevarer</CodeText>
        <CodeText xml:lang="en">Manufacture of wood and wood products</CodeText>
      </CodeTextGrp>
    </Code>
    <Code id="urn:ssb:code:stabas:5556007-5556601" parentCodeId="urn:ssb:code:stabas:5556005-5556227">
      <CodeValue>DE</CodeValue>
      <CodeTextGrp>
        <CodeText xml:lang="nn">Treforedling, grafisk produksjon og forlagsverksemd</CodeText>
        <CodeText xml:lang="nb">Treforedling, grafisk produksjon og forlagsvirksomhet</CodeText>
        <CodeText xml:lang="en">Manufacture of pulp, paper and paper products;publishing and printing</CodeText>
      </CodeTextGrp>
    </Code>
    <Code id="urn:ssb:code:stabas:5556007-5556699" parentCodeId="urn:ssb:code:stabas:5556005-5556227">
      <CodeValue>DF</CodeValue>
      <CodeTextGrp>
        <CodeText xml:lang="nn">Produksjon av kull- og petroleumsprodukt og kjernebrensle</CodeText>
        <CodeText xml:lang="nb">Produksjon av kull- og petroleumsprodukter og kjernebrensel</CodeText>
        <CodeText xml:lang="en">Manufacture of coke, refined petroleum products and nuclear fuel</CodeText>
      </CodeTextGrp>
    </Code>
    <Code id="urn:ssb:code:stabas:5556007-5556721" parentCodeId="urn:ssb:code:stabas:5556005-5556227">
      <CodeValue>DG</CodeValue>
      <CodeTextGrp>
        <CodeText xml:lang="nn">Produksjon av kjemikalie og kjemiske produkt</CodeText>
        <CodeText xml:lang="nb">Produksjon av kjemikalier og kjemiske produkter</CodeText>
        <CodeText xml:lang="en">Manufacture of chemicals, chemical products and manmade fibres</CodeText>
      </CodeTextGrp>
    </Code>
    <Code id="urn:ssb:code:stabas:5556007-5556823" parentCodeId="urn:ssb:code:stabas:5556005-5556227">
      <CodeValue>DH</CodeValue>
      <CodeTextGrp>
        <CodeText xml:lang="nn">Produksjon av gummi- og plastprodukt</CodeText>
        <CodeText xml:lang="nb">Produksjon av gummi- og plastprodukter</CodeText>
        <CodeText xml:lang="en">Manufacture of rubber and plastic products</CodeText>
      </CodeTextGrp>
    </Code>
    <Code id="urn:ssb:code:stabas:5556007-5556859" parentCodeId="urn:ssb:code:stabas:5556005-5556227">
      <CodeValue>DI</CodeValue>
      <CodeTextGrp>
        <CodeText xml:lang="nn">Produksjon av andre ikkje-metallhaldige mineralprodukt</CodeText>
        <CodeText xml:lang="nb">Produksjon av andre ikke-metallholdige mineralprodukter</CodeText>
        <CodeText xml:lang="en">Manufacture of other non-metallic mineral products</CodeText>
      </CodeTextGrp>
    </Code>
    <Code id="urn:ssb:code:stabas:5556007-5556979" parentCodeId="urn:ssb:code:stabas:5556005-5556227">
      <CodeValue>DJ</CodeValue>
      <CodeTextGrp>
        <CodeText xml:lang="nn">Produksjon av metall og metallvarer</CodeText>
        <CodeText xml:lang="nb">Produksjon av metaller og metallvarer</CodeText>
        <CodeText xml:lang="en">Manufacture of basic metals and fabricated metal products</CodeText>
      </CodeTextGrp>
    </Code>
    <Code id="urn:ssb:code:stabas:5556007-5557139" parentCodeId="urn:ssb:code:stabas:5556005-5556227">
      <CodeValue>DK</CodeValue>
      <CodeTextGrp>
        <CodeText xml:lang="nn">Produksjon av maskiner og utstyr</CodeText>
        <CodeText xml:lang="nb">Produksjon av maskiner og utstyr</CodeText>
        <CodeText xml:lang="en">Manufacture of machinery and equipment n.e.c</CodeText>
      </CodeTextGrp>
    </Code>
    <Code id="urn:ssb:code:stabas:5556007-5557249" parentCodeId="urn:ssb:code:stabas:5556005-5556227">
      <CodeValue>DL</CodeValue>
      <CodeTextGrp>
        <CodeText xml:lang="nn">Produksjon av elektriske og optiske produkt</CodeText>
        <CodeText xml:lang="nb">Produksjon av elektriske og optiske produkter</CodeText>
        <CodeText xml:lang="en">Manufacture of electrical and optical equipment</CodeText>
      </CodeTextGrp>
    </Code>
    <Code id="urn:ssb:code:stabas:5556007-5557357" parentCodeId="urn:ssb:code:stabas:5556005-5556227">
      <CodeValue>DM</CodeValue>
      <CodeTextGrp>
        <CodeText xml:lang="nn">Produksjon av transportmiddel</CodeText>
        <CodeText xml:lang="nb">Produksjon av transportmidler</CodeText>
        <CodeText xml:lang="en">Manufacture of transport equipment</CodeText>
      </CodeTextGrp>
    </Code>
    <Code id="urn:ssb:code:stabas:5556007-5557435" parentCodeId="urn:ssb:code:stabas:5556005-5556227">
      <CodeValue>DN</CodeValue>
      <CodeTextGrp>
        <CodeText xml:lang="nn">Annan industriproduksjon</CodeText>
        <CodeText xml:lang="nb">Annen industriproduksjon</CodeText>
        <CodeText xml:lang="en">Manufacturing n.e.c</CodeText>
      </CodeTextGrp>
    </Code>
    <Code id="urn:ssb:code:stabas:5556007-5557519" parentCodeId="urn:ssb:code:stabas:5556005-5557517">
      <CodeValue>E_</CodeValue>
      <CodeTextGrp>
        <CodeText xml:lang="nn">Kraft- og vannforsyning</CodeText>
        <CodeText xml:lang="nb">Kraft- og vannforsyning</CodeText>
        <CodeText xml:lang="en">Electricity, gas and water supply</CodeText>
      </CodeTextGrp>
    </Code>
    <Code id="urn:ssb:code:stabas:5556007-5557563" parentCodeId="urn:ssb:code:stabas:5556005-5557561">
      <CodeValue>F_</CodeValue>
      <CodeTextGrp>
        <CodeText xml:lang="nn">Bygge- og anleggsverksemd</CodeText>
        <CodeText xml:lang="nb">Bygge- og anleggsvirksomhet</CodeText>
        <CodeText xml:lang="en">Construction</CodeText>
      </CodeTextGrp>
    </Code>
    <Code id="urn:ssb:code:stabas:5556007-5557653" parentCodeId="urn:ssb:code:stabas:5556005-5557651">
      <CodeValue>G_</CodeValue>
      <CodeTextGrp>
        <CodeText xml:lang="nn">Varehandel, reparasjon av motorvogner, hushaldsvarer og varer til personleg bruk</CodeText>
        <CodeText xml:lang="nb">Varehandel, reparasjon av motorvogner, husholdningsvarer og varer til personlig bruk</CodeText>
        <CodeText xml:lang="en">Wholesale and retail trade, repair of motor vehicles, motorcycles and personal and household goods</CodeText>
      </CodeTextGrp>
    </Code>
    <Code id="urn:ssb:code:stabas:5556007-5558125" parentCodeId="urn:ssb:code:stabas:5556005-5558123">
      <CodeValue>H_</CodeValue>
      <CodeTextGrp>
        <CodeText xml:lang="nn">Hotell- og restaurantverksemd</CodeText>
        <CodeText xml:lang="nb">Hotell- og restaurantvirksomhet</CodeText>
        <CodeText xml:lang="en">Hotels and restaurants</CodeText>
      </CodeTextGrp>
    </Code>
    <Code id="urn:ssb:code:stabas:5556007-5558179" parentCodeId="urn:ssb:code:stabas:5556005-5558177">
      <CodeValue>I_</CodeValue>
      <CodeTextGrp>
        <CodeText xml:lang="nn">Transport, lagring og kommunikasjon</CodeText>
        <CodeText xml:lang="nb">Transport, lagring og kommunikasjon</CodeText>
        <CodeText xml:lang="en">Transport, storage and communication</CodeText>
      </CodeTextGrp>
    </Code>
    <Code id="urn:ssb:code:stabas:5556007-5558357" parentCodeId="urn:ssb:code:stabas:5556005-5558355">
      <CodeValue>J_</CodeValue>
      <CodeTextGrp>
        <CodeText xml:lang="nn">Finansiell tenesteyting og forsikring</CodeText>
        <CodeText xml:lang="nb">Finansiell tjenesteyting og forsikring</CodeText>
        <CodeText xml:lang="en">Financial intermediation</CodeText>
      </CodeTextGrp>
    </Code>
    <Code id="urn:ssb:code:stabas:5556007-5558429" parentCodeId="urn:ssb:code:stabas:5556005-5558427">
      <CodeValue>K_</CodeValue>
      <CodeTextGrp>
        <CodeText xml:lang="nn">Eigedomsdrift, utleigeverksemd og forretningsmessig tenesteyting</CodeText>
        <CodeText xml:lang="nb">Eiendomsdrift, utleievirksomhet og forretningsmessig tjenesteyting</CodeText>
        <CodeText xml:lang="en">Real estate, renting and business activities</CodeText>
      </CodeTextGrp>
    </Code>
    <Code id="urn:ssb:code:stabas:5556007-5558679" parentCodeId="urn:ssb:code:stabas:5556005-5558677">
      <CodeValue>L_</CodeValue>
      <CodeTextGrp>
        <CodeText xml:lang="nn">Offentleg forvaltning</CodeText>
        <CodeText xml:lang="nb">Offentlig administrasjon, forsvar og trygdeordninger underlagt offentlig forvaltning</CodeText>
        <CodeText xml:lang="en">Public administration and defence, compulsory social security</CodeText>
      </CodeTextGrp>
    </Code>
    <Code id="urn:ssb:code:stabas:5556007-5558731" parentCodeId="urn:ssb:code:stabas:5556005-5558729">
      <CodeValue>M_</CodeValue>
      <CodeTextGrp>
        <CodeText xml:lang="nn">Undervisning</CodeText>
        <CodeText xml:lang="nb">Undervisning</CodeText>
        <CodeText xml:lang="en">Education</CodeText>
      </CodeTextGrp>
    </Code>
    <Code id="urn:ssb:code:stabas:5556007-5558793" parentCodeId="urn:ssb:code:stabas:5556005-5558791">
      <CodeValue>N_</CodeValue>
      <CodeTextGrp>
        <CodeText xml:lang="nn">Helse- og sosialtenester</CodeText>
        <CodeText xml:lang="nb">Helse- og sosialtjenester</CodeText>
        <CodeText xml:lang="en">Health and social work</CodeText>
      </CodeTextGrp>
    </Code>
    <Code id="urn:ssb:code:stabas:5556007-5558915" parentCodeId="urn:ssb:code:stabas:5556005-5558913">
      <CodeValue>O_</CodeValue>
      <CodeTextGrp>
        <CodeText xml:lang="nn">Andre sosiale og personlege tenester</CodeText>
        <CodeText xml:lang="nb">Andre sosialtjenester og personlige tjenester</CodeText>
        <CodeText xml:lang="en">Other community, social and personal service activities</CodeText>
      </CodeTextGrp>
    </Code>
    <Code id="urn:ssb:code:stabas:5556007-5559081" parentCodeId="urn:ssb:code:stabas:5556005-5559079">
      <CodeValue>P_</CodeValue>
      <CodeTextGrp>
        <CodeText xml:lang="nn">Lønna arbeid i private hushald</CodeText>
        <CodeText xml:lang="nb">Lønnet arbeid i private husholdninger</CodeText>
        <CodeText xml:lang="en">Private households with employed persons</CodeText>
      </CodeTextGrp>
    </Code>
    <Code id="urn:ssb:code:stabas:5556007-5559093" parentCodeId="urn:ssb:code:stabas:5556005-5559091">
      <CodeValue>Q_</CodeValue>
      <CodeTextGrp>
        <CodeText xml:lang="nn">Internasjonale organer og organisasjonar</CodeText>
        <CodeText xml:lang="nb">Internasjonale organer og organisasjoner</CodeText>
        <CodeText xml:lang="en">Extra-territorial organisations and bodies</CodeText>
      </CodeTextGrp>
    </Code>
    <Code id="urn:ssb:code:stabas:5556007-5559105" parentCodeId="urn:ssb:code:stabas:5556005-5559103">
      <CodeValue>Z_</CodeValue>
      <CodeTextGrp>
        <CodeText xml:lang="nn">Ikkje spesifisert</CodeText>
        <CodeText xml:lang="nb">Uoppgitt</CodeText>
        <CodeText xml:lang="en">Unknown</CodeText>
      </CodeTextGrp>
    </Code>
  </Codes>
</Codelist>