<?xml version="1.0" encoding="utf-8"?>
<Codelist xmlns:xsi="http://www.w3.org/2001/XMLSchema-instance" xmlns:xsd="http://www.w3.org/2001/XMLSchema" id="urn:ssb:codelist:stabas:5588819" defaultValidFrom="2008-01-01" defaultValidTo="2011-11-30" lastChangedDate="2011-12-01" isCurrent="false" relationId="urn:ssb:classversion:stabas:5588815" xmlns="http://www.ssb.no/ns/meta/codelist">
  <CodelistMeta>
    <TitleGrp>
      <Title xml:lang="nn">Alternativ landgruppering 2008: Noreg/Utlandet</Title>
      <Title xml:lang="nb">Alternativ landgruppering 2008: Landgruppering</Title>
      <Title xml:lang="en">New alternative grouping of states 2008: Norway/abroad</Title>
    </TitleGrp>
    <DescriptionGrp>
      <Description xml:lang="nn">Ny alternativ landgruppering innført i 2008</Description>
      <Description xml:lang="nb">Ny alternativ landgruppering innført i 2008</Description>
      <Description xml:lang="en">New alternative grouping of states from 2008</Description>
    </DescriptionGrp>
    <ContactInformation>
      <Person xmlns="http://www.ssb.no/ns/meta/common">eve</Person>
      <Division xmlns="http://www.ssb.no/ns/meta/common">320</Division>
    </ContactInformation>
    <NoteGrp>
      <Note xml:lang="nn">Ikkje relevant</Note>
      <Note xml:lang="nb">Ikke relevant</Note>
      <Note xml:lang="en">Not relevant</Note>
    </NoteGrp>
  </CodelistMeta>
  <Codes>
    <Code id="urn:ssb:code:stabas:5588819-5588822">
      <CodeValue>0</CodeValue>
      <CodeTextGrp>
        <CodeText xml:lang="nn">EU/EØS, USA, Canada, Australia og New Zealand</CodeText>
        <CodeText xml:lang="nb">EU/EØS, USA, Canada, Australia og New Zealand</CodeText>
        <CodeText xml:lang="en">The EU/EEA, USA, Canada, Australia and New Zealand</CodeText>
      </CodeTextGrp>
    </Code>
    <Code id="urn:ssb:code:stabas:5588819-5588865">
      <CodeValue>1</CodeValue>
      <CodeTextGrp>
        <CodeText xml:lang="nn">Asia, Afrika, Latin-Amerika, Oseania unntatt Australia og New Zealand, og Europa utenom EU/EØS</CodeText>
        <CodeText xml:lang="nb">Asia, Afrika, Latin-Amerika, Oseania unntatt Australia og New Zealand, og Europa utenom EU/EØS</CodeText>
        <CodeText xml:lang="en">Asia, Africa, Latin America, Oceania except Australia and New Zealand, and Europe except the EU/EEA</CodeText>
      </CodeTextGrp>
    </Code>
  </Codes>
</Codelist>