<?xml version="1.0" encoding="utf-8"?>
<Codelist xmlns:xsi="http://www.w3.org/2001/XMLSchema-instance" xmlns:xsd="http://www.w3.org/2001/XMLSchema" id="urn:ssb:codelist:stabas:5589887" defaultValidFrom="2008-07-01" defaultValidTo="2011-11-30" lastChangedDate="2011-12-01" isCurrent="false" relationId="urn:ssb:classversion:stabas:5589883" xmlns="http://www.ssb.no/ns/meta/codelist">
  <CodelistMeta>
    <TitleGrp>
      <Title xml:lang="nn">Verdsregionar 2008: Noreg/Utlandet</Title>
      <Title xml:lang="nb">Verdensregioner 2008: Norge/Utlandet</Title>
      <Title xml:lang="en">Regions of the world 2008: Norway/abroad.</Title>
    </TitleGrp>
    <DescriptionGrp>
      <Description xml:lang="nn">Ein kan slå saman gruppene på ymse vis, etter kva ein treng. Eit vis å gruppere landa i Europa på, vil vere:  1) Noreg 2) Norden utanom Noreg 3) Vest-Europa elles, 4) EU-land i Aust-Europa og 5) Aust-Europa elles.</Description>
      <Description xml:lang="nb">Gruppene kan slås sammen på ulike måter ved behov. En måte å gruppere landene i Europa vil være: 1) Norge 2) Norden utenom Norge 3) Vest-Europa ellers, 4) EU-land i Øst-Europa og 5) Øst-Europa ellers.</Description>
      <Description xml:lang="en">The countries in Europe can be grouped in several ways. One way can be:
1) Norway, 2) The Nordic countries, except Norway, 3) Western Europe except the Nordic countries, 4) EU countries in Eastern Europe and 5) Eastern Europe outside the EU</Description>
    </DescriptionGrp>
    <ContactInformation>
      <Person xmlns="http://www.ssb.no/ns/meta/common">kva</Person>
      <Division xmlns="http://www.ssb.no/ns/meta/common">320</Division>
    </ContactInformation>
    <NoteGrp>
      <Note xml:lang="nn">Ikkje relevant</Note>
      <Note xml:lang="nb">Ikke relevant</Note>
      <Note xml:lang="en">Not relevant</Note>
    </NoteGrp>
  </CodelistMeta>
  <Codes>
    <Code id="urn:ssb:code:stabas:5589887-5589896">
      <CodeValue>N</CodeValue>
      <CodeTextGrp>
        <CodeText xml:lang="nn">Noreg</CodeText>
        <CodeText xml:lang="nb">Norge</CodeText>
        <CodeText xml:lang="en">Norway</CodeText>
      </CodeTextGrp>
    </Code>
    <Code id="urn:ssb:code:stabas:5589887-5589900">
      <CodeValue>U</CodeValue>
      <CodeTextGrp>
        <CodeText xml:lang="nn">Utlandet</CodeText>
        <CodeText xml:lang="nb">Utlandet</CodeText>
        <CodeText xml:lang="en">Abroad</CodeText>
      </CodeTextGrp>
    </Code>
  </Codes>
</Codelist>