<?xml version="1.0" encoding="utf-8"?>
<Codelist xmlns:xsi="http://www.w3.org/2001/XMLSchema-instance" xmlns:xsd="http://www.w3.org/2001/XMLSchema" id="urn:ssb:codelist:stabas:5589889" defaultValidFrom="2008-07-01" defaultValidTo="2011-11-30" lastChangedDate="2011-12-01" parentCodelistId="urn:ssb:codelist:stabas:5589887" isCurrent="false" relationId="urn:ssb:classversion:stabas:5589883" xmlns="http://www.ssb.no/ns/meta/codelist">
  <CodelistMeta>
    <TitleGrp>
      <Title xml:lang="nn">Verdsregionar 2008: Verdsregion</Title>
      <Title xml:lang="nb">Verdensregioner 2008: Verdensregioner</Title>
      <Title xml:lang="en">Regions of the world 2008: World region</Title>
    </TitleGrp>
    <DescriptionGrp>
      <Description xml:lang="nn">Ein kan slå saman gruppene på ymse vis, etter kva ein treng. Eit vis å gruppere landa i Europa på, vil vere:  1) Noreg 2) Norden utanom Noreg 3) Vest-Europa elles, 4) EU-land i Aust-Europa og 5) Aust-Europa elles.</Description>
      <Description xml:lang="nb">Gruppene kan slås sammen på ulike måter ved behov. En måte å gruppere landene i Europa vil være: 1) Norge 2) Norden utenom Norge 3) Vest-Europa ellers, 4) EU-land i Øst-Europa og 5) Øst-Europa ellers.</Description>
      <Description xml:lang="en">The countries in Europe can be grouped in several ways. One way can be:
1) Norway, 2) The Nordic countries, except Norway, 3) Western Europe except the Nordic countries, 4) EU countries in Eastern Europe and 5) Eastern Europe outside the EU</Description>
    </DescriptionGrp>
    <ContactInformation>
      <Person xmlns="http://www.ssb.no/ns/meta/common">kva</Person>
      <Division xmlns="http://www.ssb.no/ns/meta/common">320</Division>
    </ContactInformation>
    <NoteGrp>
      <Note xml:lang="nn">Ikkje relevant</Note>
      <Note xml:lang="nb">Ikke relevant</Note>
      <Note xml:lang="en">Not relevant</Note>
    </NoteGrp>
  </CodelistMeta>
  <Codes>
    <Code id="urn:ssb:code:stabas:5589889-5589898" parentCodeId="urn:ssb:code:stabas:5589887-5589896">
      <CodeValue>NO</CodeValue>
      <CodeTextGrp>
        <CodeText xml:lang="nn">Noreg</CodeText>
        <CodeText xml:lang="nb">Norge</CodeText>
        <CodeText xml:lang="en">Norway</CodeText>
      </CodeTextGrp>
    </Code>
    <Code id="urn:ssb:code:stabas:5589889-5591425" parentCodeId="urn:ssb:code:stabas:5589887-5589900">
      <CodeValue>UA</CodeValue>
      <CodeTextGrp>
        <CodeText xml:lang="nn">Norden </CodeText>
        <CodeText xml:lang="nb">Norden</CodeText>
        <CodeText xml:lang="en">The Nordic Countries</CodeText>
      </CodeTextGrp>
    </Code>
    <Code id="urn:ssb:code:stabas:5589889-5589902" parentCodeId="urn:ssb:code:stabas:5589887-5589900">
      <CodeValue>UB</CodeValue>
      <CodeTextGrp>
        <CodeText xml:lang="nn">Vest-Europa elles</CodeText>
        <CodeText xml:lang="nb">Vest-Europa ellers</CodeText>
        <CodeText xml:lang="en">The rest of Western Europe</CodeText>
      </CodeTextGrp>
    </Code>
    <Code id="urn:ssb:code:stabas:5589889-5589904" parentCodeId="urn:ssb:code:stabas:5589887-5589900">
      <CodeValue>UC</CodeValue>
      <CodeTextGrp>
        <CodeText xml:lang="nn">Aust-Europa</CodeText>
        <CodeText xml:lang="nb">Øst-Europa</CodeText>
        <CodeText xml:lang="en">Eastern Europe</CodeText>
      </CodeTextGrp>
    </Code>
    <Code id="urn:ssb:code:stabas:5589889-5589906" parentCodeId="urn:ssb:code:stabas:5589887-5589900">
      <CodeValue>UD</CodeValue>
      <CodeTextGrp>
        <CodeText xml:lang="nn">Nord-Amerika, Oseania</CodeText>
        <CodeText xml:lang="nb">Nord-Amerika, Oseania</CodeText>
        <CodeText xml:lang="en">North America, Oceania</CodeText>
      </CodeTextGrp>
    </Code>
    <Code id="urn:ssb:code:stabas:5589889-5589908" parentCodeId="urn:ssb:code:stabas:5589887-5589900">
      <CodeValue>UE</CodeValue>
      <CodeTextGrp>
        <CodeText xml:lang="nn">Asia, Afrika, Sør- og Mellom-Amerika, Tyrkia</CodeText>
        <CodeText xml:lang="nb">Asia, Afrika, Sør- og Mellom-Amerika, Tyrkia</CodeText>
        <CodeText xml:lang="en">Asia, Africa, South and Central America, Turkey</CodeText>
      </CodeTextGrp>
    </Code>
    <Code id="urn:ssb:code:stabas:5589889-5589910" parentCodeId="urn:ssb:code:stabas:5589887-5589900">
      <CodeValue>UF</CodeValue>
      <CodeTextGrp>
        <CodeText xml:lang="nn">Statslaus</CodeText>
        <CodeText xml:lang="nb">Statsløs</CodeText>
        <CodeText xml:lang="en">Stateless</CodeText>
      </CodeTextGrp>
    </Code>
    <Code id="urn:ssb:code:stabas:5589889-5589912" parentCodeId="urn:ssb:code:stabas:5589887-5589900">
      <CodeValue>UG</CodeValue>
      <CodeTextGrp>
        <CodeText xml:lang="nn">Ikkje oppgjeve</CodeText>
        <CodeText xml:lang="nb">Uoppgitt</CodeText>
        <CodeText xml:lang="en">Unknown</CodeText>
      </CodeTextGrp>
    </Code>
  </Codes>
</Codelist>