<?xml version="1.0" encoding="utf-8"?>
<Codelist xmlns:xsi="http://www.w3.org/2001/XMLSchema-instance" xmlns:xsd="http://www.w3.org/2001/XMLSchema" id="urn:ssb:codelist:stabas:5589614" defaultValidFrom="2007-01-01" defaultValidTo="2008-10-01" lastChangedDate="2008-11-11" parentCodelistId="urn:ssb:codelist:stabas:5589612" isCurrent="false" relationId="urn:ssb:classversion:stabas:5589606" xmlns="http://www.ssb.no/ns/meta/codelist">
  <CodelistMeta>
    <TitleGrp>
      <Title xml:lang="nn">Vestlege/Ikkje-vestlege  2007: Verdsregion</Title>
      <Title xml:lang="nb">Vestlige/Ikke-vestlige 2007: Verdensregion</Title>
      <Title xml:lang="en">Western/non-Western countries 2007: Word region</Title>
    </TitleGrp>
    <DescriptionGrp>
      <Description xml:lang="nn">Denne grupperingen utgår fom 2008.</Description>
      <Description xml:lang="nb">Denne grupperingen utgår fom 2008.</Description>
      <Description xml:lang="en">Not in use after 2007.</Description>
    </DescriptionGrp>
    <ContactInformation>
      <Person xmlns="http://www.ssb.no/ns/meta/common">kva</Person>
      <Division xmlns="http://www.ssb.no/ns/meta/common">320</Division>
    </ContactInformation>
    <NoteGrp>
      <Note xml:lang="nn">Ikkje relevant</Note>
      <Note xml:lang="nb">Ikke relevant</Note>
      <Note xml:lang="en">Not relevant</Note>
    </NoteGrp>
  </CodelistMeta>
  <Codes>
    <Code id="urn:ssb:code:stabas:5589614-5589621" parentCodeId="urn:ssb:code:stabas:5589612-5589619">
      <CodeValue>0</CodeValue>
      <CodeTextGrp>
        <CodeText xml:lang="nn">Noreg</CodeText>
        <CodeText xml:lang="nb">Norge</CodeText>
        <CodeText xml:lang="en">Norway</CodeText>
      </CodeTextGrp>
    </Code>
    <Code id="urn:ssb:code:stabas:5589614-5589628" parentCodeId="urn:ssb:code:stabas:5589612-5589626">
      <CodeValue>1</CodeValue>
      <CodeTextGrp>
        <CodeText xml:lang="nn">Norden</CodeText>
        <CodeText xml:lang="nb">Norden</CodeText>
        <CodeText xml:lang="en">The North</CodeText>
      </CodeTextGrp>
    </Code>
    <Code id="urn:ssb:code:stabas:5589614-5589636" parentCodeId="urn:ssb:code:stabas:5589612-5589626">
      <CodeValue>2</CodeValue>
      <CodeTextGrp>
        <CodeText xml:lang="nn">Vest-Europa, unntatt Tyrkia</CodeText>
        <CodeText xml:lang="nb">Vest-Europa, unntatt Tyrkia</CodeText>
        <CodeText xml:lang="en">Western Europa except Tyrkey</CodeText>
      </CodeTextGrp>
    </Code>
    <Code id="urn:ssb:code:stabas:5589614-5589692" parentCodeId="urn:ssb:code:stabas:5589612-5589690">
      <CodeValue>3</CodeValue>
      <CodeTextGrp>
        <CodeText xml:lang="nn">Aust-Europa</CodeText>
        <CodeText xml:lang="nb">Øst-Europa</CodeText>
        <CodeText xml:lang="en">Eastern Europa</CodeText>
      </CodeTextGrp>
    </Code>
    <Code id="urn:ssb:code:stabas:5589614-5589658" parentCodeId="urn:ssb:code:stabas:5589612-5589626">
      <CodeValue>4</CodeValue>
      <CodeTextGrp>
        <CodeText xml:lang="nn">Nord-Amerika, Oseania</CodeText>
        <CodeText xml:lang="nb">Nord-Amerika, Oseania</CodeText>
        <CodeText xml:lang="en">North America, Oceania</CodeText>
      </CodeTextGrp>
    </Code>
    <Code id="urn:ssb:code:stabas:5589614-5589714" parentCodeId="urn:ssb:code:stabas:5589612-5589690">
      <CodeValue>5</CodeValue>
      <CodeTextGrp>
        <CodeText xml:lang="nn">Asia, Afrika, Sør- og Mellom-Amerika, Tyrkia</CodeText>
        <CodeText xml:lang="nb">Asia, Afrika, Sør- og Mellom-Amerika, Tyrkia</CodeText>
        <CodeText xml:lang="en">Asia, Africa,  South and Central America, Turkey</CodeText>
      </CodeTextGrp>
    </Code>
    <Code id="urn:ssb:code:stabas:5589614-5589875" parentCodeId="urn:ssb:code:stabas:5589612-5589873">
      <CodeValue>8</CodeValue>
      <CodeTextGrp>
        <CodeText xml:lang="nn">Statslaus</CodeText>
        <CodeText xml:lang="nb">Statsløs</CodeText>
        <CodeText xml:lang="en">Stateless</CodeText>
      </CodeTextGrp>
    </Code>
    <Code id="urn:ssb:code:stabas:5589614-5589880" parentCodeId="urn:ssb:code:stabas:5589612-5589878">
      <CodeValue>9</CodeValue>
      <CodeTextGrp>
        <CodeText xml:lang="nn">Ikkje oppgjeve</CodeText>
        <CodeText xml:lang="nb">Uoppgitt</CodeText>
        <CodeText xml:lang="en">Unknown</CodeText>
      </CodeTextGrp>
    </Code>
  </Codes>
</Codelist>